# Blender 5.1.2
# www.blender.org
mtllib glow_mouse.mtl
o Mesh_0.001
v -0.912889 0.246299 0.068747
v -1.076405 0.289984 -0.004612
v -0.887225 0.257560 0.066099
v -0.963644 0.219184 0.008682
v -1.108523 0.246344 0.015797
v -1.063474 0.239728 0.032960
v -1.065830 0.226148 0.010452
v -0.938663 0.224197 0.041875
v -1.058523 0.299149 0.008579
v -1.042013 0.263249 0.034897
v -0.985100 0.242154 0.050466
v -0.950801 0.231243 0.057673
v -0.963842 0.271099 0.053512
v -0.886715 0.232396 0.069517
v -1.525704 0.290623 -0.246268
v -1.595863 0.269840 -0.264015
v -0.872808 0.246191 0.078283
v -0.845578 0.256401 0.078533
v -0.824779 0.258950 0.077830
v -1.086139 0.265581 0.009682
v -1.076973 0.281890 0.003228
v -1.046502 0.285488 0.020753
v -1.018268 0.304796 0.018177
v -0.989844 0.296204 0.037049
v -1.006760 0.235473 0.042881
v -1.035588 0.246046 0.038332
v -0.997389 0.250640 0.047683
v -0.916077 0.262749 0.068248
v -0.895044 0.251669 0.067447
v -0.923443 0.250692 0.065171
v -0.966551 0.254603 0.054272
v -0.947915 0.256032 0.061830
v -0.802859 0.261366 0.078420
v -0.791511 0.250403 0.079227
v -0.825937 0.252399 0.084572
v -0.794010 0.239615 0.085841
v -0.812247 0.231838 0.065594
v -0.830645 0.238887 0.085184
v -0.878444 0.267780 0.067541
v -0.845556 0.264194 0.070800
v -0.866397 0.254634 0.070046
v -0.968472 0.238242 0.058644
v -0.951701 0.245685 0.055555
v -0.925163 0.238258 0.070455
v -1.225717 0.247859 -0.059354
v -1.314293 0.312172 -0.148776
v -1.203933 0.306325 -0.090753
v -1.206356 0.259810 -0.035468
v -1.299298 0.318656 -0.161023
v -1.250339 0.302148 -0.159809
v -1.262878 0.305024 -0.153013
v -1.269304 0.309905 -0.149613
v -1.293010 0.312731 -0.177647
v -1.133087 0.269386 -0.085149
v -1.152231 0.231717 -0.043479
v -1.189982 0.299274 -0.068330
v -1.207621 0.276002 -0.051626
v -1.235450 0.246883 -0.106761
v -1.113322 0.253348 -0.055021
v -1.139683 0.283346 -0.096900
v -1.179448 0.292538 -0.101467
v -1.226792 0.303979 -0.122322
v -1.299169 0.285496 -0.098410
v -1.182588 0.295494 -0.090155
v -1.134879 0.291833 -0.072108
v -1.263146 0.311886 -0.134165
v -1.246144 0.311759 -0.110747
v -1.277966 0.312796 -0.129612
v -1.223415 0.293016 -0.071196
v -1.274327 0.301697 -0.105600
v -1.226229 0.304822 -0.085573
v -1.160946 0.286764 -0.047200
v -1.162606 0.293514 -0.059094
v -1.145857 0.289933 -0.064558
v -1.133841 0.289640 -0.054796
v -1.165059 0.292502 -0.069491
v -1.239691 0.272065 -0.051903
v -1.271243 0.265509 -0.066123
v -1.254348 0.282288 -0.071603
v -1.197270 0.292549 -0.131893
v -1.240366 0.284139 -0.166228
v -1.192744 0.268517 -0.121769
v -0.811806 0.265504 -0.049586
v -0.759788 0.257709 0.077535
v -0.814054 0.238650 -0.027107
v -0.728255 0.258743 0.089363
v -0.729839 0.237488 0.082199
v -0.721584 0.268885 0.081634
v -0.732102 0.212938 0.034413
v -0.723874 0.229038 -0.014356
v -0.938663 0.224197 0.041875
v -0.854945 0.222290 0.035441
v -0.812247 0.231838 0.065594
v -0.753327 0.245162 0.088092
v -0.724500 0.227358 0.076772
v -0.831798 0.223389 0.007747
v -0.917720 0.232244 -0.008292
v -0.963644 0.219184 0.008682
v -1.293010 0.312731 -0.177647
v -1.299298 0.318656 -0.161023
v -1.192744 0.268517 -0.121769
v -1.152231 0.231717 -0.043479
v -1.271243 0.265509 -0.066123
v -1.274327 0.301697 -0.105600
v -1.235450 0.246883 -0.106761
v -1.225717 0.247859 -0.059354
v -1.240366 0.284139 -0.166228
v -1.250339 0.302148 -0.159809
v -1.301287 0.296065 -0.198467
v -1.324905 0.260165 -0.192210
v -1.407613 0.278045 -0.197679
v -1.299169 0.285496 -0.098410
v -1.325513 0.287510 -0.116242
v -1.346160 0.288743 -0.133035
v -1.314293 0.312172 -0.148776
v -1.350493 0.325274 -0.188543
v -1.419665 0.299074 -0.193851
v -1.325423 0.298770 -0.133670
v -1.388820 0.293752 -0.169674
v -1.386208 0.298712 -0.180270
v -1.360544 0.309056 -0.174744
v -1.361705 0.296150 -0.158557
v -1.406087 0.293427 -0.183496
v -1.404781 0.285677 -0.178684
v -1.432157 0.288190 -0.194047
v -1.367406 0.282592 -0.154412
v -1.304970 0.270909 -0.110621
v -1.322860 0.272920 -0.153691
v -1.386208 0.298712 -0.180270
v -1.360544 0.309056 -0.174744
v -1.506242 0.345421 -0.267129
v -1.483200 0.334886 -0.267937
v -1.419999 0.335319 -0.246328
v -1.429437 0.304258 -0.207253
v -1.453889 0.306780 -0.220699
v -1.499600 0.333265 -0.255073
v -1.465290 0.344644 -0.252094
v -1.386132 0.331941 -0.213525
v -1.400374 0.307740 -0.196571
v -1.424480 0.311070 -0.214598
v -1.419665 0.299074 -0.193851
v -1.432157 0.288190 -0.194047
v -1.446922 0.295122 -0.212191
v -1.397845 0.320690 -0.208538
v -1.455845 0.319786 -0.232948
v -1.429255 0.334548 -0.232759
v -1.373489 0.338477 -0.219481
v -1.448235 0.315056 -0.260043
v -1.350493 0.325274 -0.188543
v -1.293010 0.312731 -0.177647
v -1.299298 0.318656 -0.161023
v -1.329924 0.326481 -0.196215
v -1.393175 0.290927 -0.242332
v -1.301287 0.296065 -0.198467
v -1.358467 0.318153 -0.224360
v -1.301287 0.296065 -0.198467
v -1.407613 0.278045 -0.197679
v -1.681307 0.328525 -0.323565
v -1.676039 0.326778 -0.316356
v -1.651691 0.324166 -0.301987
v -1.450722 0.264942 -0.236231
v -1.576080 0.257270 -0.275427
v -1.483200 0.334886 -0.267937
v -1.527458 0.338403 -0.283955
v -1.506242 0.345421 -0.267129
v -1.540044 0.318168 -0.288540
v -1.611037 0.293054 -0.315646
v -1.706719 0.274723 -0.343776
v -1.608111 0.315540 -0.308781
v -1.621998 0.332771 -0.298925
v -1.675322 0.318063 -0.325563
v -1.594339 0.255177 -0.320462
v -1.508875 0.288292 -0.285390
v -1.448235 0.315056 -0.260043
v -1.582347 0.322331 -0.278735
v -1.393175 0.290927 -0.242332
v -1.464617 0.258618 -0.266140
v -1.324905 0.260165 -0.192210
v -1.586043 0.332252 -0.304256
v -1.550631 0.340008 -0.277919
v -1.584124 0.335042 -0.288901
v -1.834777 0.299222 -0.336745
v -1.812495 0.299516 -0.327224
v -1.858722 0.290358 -0.333433
v -1.767498 0.306662 -0.320896
v -1.796559 0.308799 -0.329888
v -1.818145 0.305077 -0.336712
v -1.594339 0.255177 -0.320462
v -1.772837 0.312491 -0.338061
v -1.729991 0.258618 -0.316392
v -1.788787 0.260569 -0.353823
v -1.706719 0.274723 -0.343776
v -1.822932 0.299138 -0.345047
v -1.841014 0.280100 -0.356100
v -1.781708 0.288938 -0.344766
v -1.715024 0.283071 -0.290823
v -0.891218 0.290572 -0.055159
v -1.706719 0.274723 -0.343776
v -0.839867 0.295924 -0.056178
v -1.076405 0.289984 -0.004612
v -1.077262 0.283761 -0.061756
v -0.963842 0.271099 0.053512
v -0.955572 0.280576 -0.048572
v -1.029705 0.288458 -0.053423
v -1.022256 0.274571 -0.057222
v -0.791511 0.249322 0.079227
v -1.058523 0.299149 0.008579
v -1.018268 0.304796 0.018177
v -0.989844 0.296204 0.037049
v -0.942628 0.316865 0.036907
v -0.901746 0.320478 0.041735
v -0.952808 0.298349 -0.039871
v -1.064120 0.300881 -0.014106
v -0.996458 0.310761 -0.016091
v -1.031492 0.311973 0.001821
v -0.929909 0.319043 -0.006742
v -1.752146 0.269198 -0.299939
v -0.927829 0.301354 0.049429
v -1.684101 0.318355 -0.309076
v -1.781708 0.288938 -0.344766
v -1.775542 0.295669 -0.309928
v -1.812495 0.299516 -0.327224
v -1.057937 0.301073 -0.030910
v -1.082315 0.292291 -0.049357
v -1.012859 0.296069 -0.039964
v -0.963386 0.322419 0.005685
v -1.858722 0.290358 -0.333433
v -0.972594 0.317610 0.024340
v -1.000448 0.318012 0.008653
v -1.831913 0.266974 -0.327812
v -0.736007 0.342553 0.023858
v -0.759788 0.257709 0.080776
v -0.893937 0.306264 -0.035373
v -0.753744 0.327514 -0.020150
v -0.761604 0.335487 0.037765
v -0.766735 0.292086 -0.044110
v -0.774539 0.327191 -0.012896
v -1.676039 0.326778 -0.316356
v -0.799056 0.328433 0.000066
v -0.761287 0.331797 -0.004927
v -0.829015 0.309315 -0.038076
v -0.827299 0.314668 -0.019450
v -0.785533 0.317159 -0.025594
v -0.766210 0.319057 0.045550
v -0.727837 0.345697 0.003975
v -1.690995 0.327251 -0.315632
v -0.743567 0.336080 0.010001
v -1.714817 0.302998 -0.305762
v -0.732963 0.341319 -0.009557
v -0.772180 0.334849 0.024569
v -0.776723 0.328991 0.011716
v -0.845378 0.325540 0.015748
v -0.795793 0.329806 0.042581
v -0.813550 0.330105 0.024765
v -0.903493 0.326083 0.015404
v -0.871943 0.316160 -0.012612
v -0.838743 0.323704 -0.004327
v -0.745509 0.295030 0.059018
v -0.809500 0.301545 0.055961
v -0.878444 0.267780 0.067541
v -0.902399 0.282411 0.060317
v -0.852123 0.282303 0.064803
v -0.870759 0.308200 0.051741
v -0.863387 0.326991 0.034926
v -0.831739 0.322681 0.045134
v -0.774869 0.264113 0.082547
v -0.783163 0.274676 0.067592
v -0.802859 0.261366 0.078420
v -0.726461 0.262508 0.081634
v -0.728255 0.257122 0.077479
v -0.756950 0.273109 0.070814
v -0.727911 0.273872 0.070094
v -0.745006 0.264201 0.081536
v -0.845556 0.264194 0.070800
v -0.819356 0.271853 0.067391
v -0.824779 0.258950 0.077830
v -0.917720 0.232244 -0.008292
v -1.675322 0.318063 -0.325563
v -0.963644 0.219184 0.008682
v -0.814054 0.238650 -0.027107
v -1.022256 0.274571 -0.057222
v -1.108724 0.270365 -0.009559
v -1.064493 0.224570 -0.021090
v -1.077262 0.283761 -0.061756
v -1.139683 0.283346 -0.096900
v -1.110274 0.283498 -0.073723
v -1.134879 0.291833 -0.072108
v -0.891218 0.290572 -0.055159
v -1.086139 0.265581 0.009682
v -1.076973 0.281890 0.003228
v -1.088541 0.279416 -0.009985
v -1.076405 0.289984 -0.004612
v -0.839867 0.295924 -0.056178
v -1.133087 0.269386 -0.085149
v -1.113322 0.253348 -0.055021
v -1.081843 0.272057 -0.065086
v -1.022256 0.274571 -0.057222
v -1.081843 0.272057 -0.065086
v -1.122278 0.285859 -0.043600
v -1.133841 0.289640 -0.054796
v -1.136515 0.256995 -0.011054
v -1.096490 0.292052 -0.038750
v -1.082315 0.292291 -0.049357
v -1.057937 0.301073 -0.030910
v -1.122398 0.280347 -0.039715
v -1.110504 0.274932 -0.021940
v -1.105074 0.276949 -0.031077
v -1.681307 0.328525 -0.323565
v -1.084070 0.281490 -0.019945
v -1.695595 0.325383 -0.324453
v -1.132193 0.276582 -0.034802
v -1.206356 0.259810 -0.035468
v -1.207621 0.276002 -0.051626
v -1.160946 0.286764 -0.047200
v -1.151416 0.269844 -0.030326
v -1.093313 0.285280 -0.032776
v -1.081929 0.294625 -0.028636
v -1.064120 0.300881 -0.014106
v -1.225717 0.247859 -0.059354
v -1.152231 0.231717 -0.043479
v -0.955572 0.280576 -0.048572
v -0.811806 0.265504 -0.049586
v -1.108523 0.246344 0.015797
v -1.065830 0.226148 0.010452
v -1.162348 0.238663 -0.013524
v -1.651691 0.324166 -0.301987
v -1.649747 0.308498 -0.288608
v -1.684101 0.318355 -0.309076
v -1.858722 0.290358 -0.333433
v -1.841014 0.280100 -0.356100
v -1.785810 0.282358 -0.299510
v -1.797498 0.270348 -0.311266
v -1.752146 0.269198 -0.299939
v -1.797498 0.270348 -0.311266
v -1.826051 0.286756 -0.312889
v -1.679620 0.268020 -0.287532
v -1.576080 0.257270 -0.275427
v -1.788787 0.260569 -0.353823
v -1.831913 0.266974 -0.327812
v -1.729991 0.258618 -0.316392
v -1.767498 0.306662 -0.320896
v -1.772837 0.312491 -0.338061
v -1.720208 0.320940 -0.318777
v -1.544044 0.277937 -0.242112
v -1.588260 0.290725 -0.261104
v -1.566080 0.284006 -0.252258
v -1.496615 0.299592 -0.241105
v -1.514978 0.304874 -0.243627
v -1.555861 0.305254 -0.255841
v -1.676039 0.326778 -0.316356
v -1.446922 0.295122 -0.212191
v -1.453889 0.306780 -0.220699
v -1.506242 0.345421 -0.267129
v -1.550631 0.340008 -0.277919
v -0.965904 0.256987 -0.036227
v -1.450722 0.264942 -0.236231
v -1.455845 0.319786 -0.232948
v -1.485554 0.307099 -0.236684
v -1.649535 0.284415 -0.276026
v -1.432157 0.288190 -0.194047
v -1.407613 0.278045 -0.197679
v -1.505832 0.274457 -0.241660
v -1.499600 0.333265 -0.255073
v -1.514315 0.316288 -0.250967
v -1.582347 0.322331 -0.278735
v -1.604867 0.304274 -0.271084
v -1.637627 0.294933 -0.276215
v -1.113322 0.253348 -0.055021
v -1.009042 0.236367 -0.020098
v -1.655631 0.273075 -0.270647
v -1.603253 0.279552 -0.259798
v -1.715024 0.283071 -0.290823
v -1.714817 0.302998 -0.305762
v -1.676625 0.294709 -0.287011
v -1.594339 0.255177 -0.320462
v -1.476185 0.296219 -0.231201
v -0.902399 0.282411 0.060317
v -0.759788 0.256629 0.077535
v -0.753327 0.245162 0.088092
v -1.479607 0.284571 -0.220118
v 1.184578 0.484298 0.046628
v -0.767902 0.592207 0.082537
v -0.736122 0.606711 0.056251
v -0.784553 0.626296 0.045571
v -0.838739 0.585680 0.087283
v -0.807317 0.604255 0.073727
v -0.842328 0.605276 0.061612
v -0.803257 0.582093 0.096286
v -0.827466 0.622668 0.046973
v -0.878573 0.588842 0.062001
v -0.898359 0.602769 0.013840
v 0.167151 0.908398 0.054066
v 0.117724 0.916577 0.013840
v 0.126102 0.912774 0.064257
v -0.025558 0.901400 0.062983
v 0.035412 0.914199 0.047409
v 0.212437 0.893067 0.048288
v 0.098546 0.904851 0.087398
v 0.083109 0.915969 0.055446
v 0.250812 0.880407 0.013840
v 0.292073 0.864352 0.013840
v 0.043885 0.906197 0.073288
v 0.010801 0.893711 0.094896
v -0.541291 0.649167 0.013840
v -0.550041 0.631022 0.058819
v -0.518498 0.657319 0.069161
v -0.502968 0.699156 0.053637
v -0.525533 0.672812 0.013840
v -0.488035 0.725479 0.013840
v -0.468049 0.731658 0.068040
v 0.725014 0.372290 0.179272
v 0.748004 0.366143 0.183430
v 0.765054 0.379514 0.191790
v 0.894559 0.312524 0.114898
v 0.828040 0.292412 0.087838
v 0.932417 0.310747 0.104478
v 0.853830 0.344757 0.183977
v 0.858583 0.325811 0.148645
v 0.883130 0.336524 0.162568
v 0.722122 0.330570 0.150342
v 0.777182 0.343417 0.177815
v 0.746889 0.345848 0.170022
v 0.771497 0.361479 0.191544
v 0.769266 0.312638 0.130893
v 0.820242 0.329239 0.159170
v 0.729486 0.360125 0.171804
v 0.750905 0.354777 0.179267
v 0.801864 0.365910 0.197429
v 1.004488 0.310328 0.063796
v 0.965146 0.309505 0.088621
v 0.820595 0.348779 0.189500
v 0.727725 0.349340 0.167662
v 0.690936 0.353744 0.161940
v 0.685526 0.328244 0.146672
v -0.432501 0.745432 0.092018
v -0.391587 0.769227 0.096091
v -0.424068 0.764026 0.063907
v -0.364107 0.794499 0.060329
v -0.110967 0.869096 0.107286
v -0.050766 0.877138 0.112944
v -0.103142 0.882723 0.072388
v -0.163010 0.863375 0.079045
v -0.135649 0.867302 0.091996
v -0.310579 0.812999 0.056137
v -0.158660 0.853317 0.115044
v -0.216154 0.841370 0.089545
v -0.226604 0.842931 0.056144
v -0.266316 0.826560 0.065387
v -0.159365 0.869961 0.013840
v -0.194357 0.854254 0.059815
v -0.310372 0.807639 0.080485
v -0.272291 0.813871 0.104481
v -0.246795 0.833339 0.013840
v -0.075200 0.894442 0.047284
v -0.025558 0.901400 0.062983
v -0.202613 0.853651 0.013840
v -0.468049 0.731658 0.068040
v 0.659359 0.328400 0.149840
v 0.667764 0.317082 0.142323
v 0.685526 0.328244 0.146672
v 0.654827 0.248187 0.060685
v 0.737912 0.265755 0.101825
v 0.755001 0.273676 0.066824
v 0.636169 0.279758 0.115260
v 0.828040 0.292412 0.087838
v 0.679769 0.312084 0.134902
v 0.769266 0.312638 0.130893
v 0.722122 0.330570 0.150342
v 0.690936 0.353744 0.161940
v 0.987277 0.560328 0.180022
v 1.004771 0.581102 0.162780
v 0.968833 0.590854 0.176499
v 1.051608 0.557641 0.145896
v 1.121264 0.546905 0.117990
v 1.088229 0.566774 0.115374
v 1.091758 0.532860 0.141874
v 1.129816 0.531150 0.121536
v 0.973256 0.632547 0.124324
v 0.948936 0.658320 0.100727
v 0.922293 0.654635 0.127455
v 0.931093 0.581513 0.184908
v 1.130939 0.513506 0.125303
v 0.984211 0.607262 0.152937
v 0.934684 0.608082 0.175104
v 0.934362 0.631915 0.154735
v 1.036358 0.579424 0.135296
v 0.894420 0.625177 0.175879
v 1.022499 0.601346 0.118405
v 1.058109 0.582824 0.114331
v 0.881813 0.648394 0.155743
v 0.866384 0.634602 0.176651
v 1.037380 0.540911 0.161825
v 0.910230 0.670471 0.102806
v 0.896135 0.600171 0.187806
v 0.879597 0.686841 0.081446
v 0.874077 0.672461 0.119374
v -0.159365 0.869961 0.013840
v -0.729957 0.587222 0.081880
v -0.736122 0.606711 0.056251
v -0.767902 0.592207 0.082537
v -0.838739 0.585680 0.087283
v -0.833409 0.558216 0.111793
v -0.803257 0.582093 0.096286
v -0.730954 0.554698 0.111984
v -0.771830 0.536208 0.114560
v -0.729091 0.528447 0.115795
v -0.783729 0.567341 0.104488
v -0.795360 0.548390 0.114214
v -0.783271 0.508548 0.115362
v -0.760414 0.473713 0.104337
v -0.724991 0.500389 0.113030
v -0.693002 0.545067 0.117616
v -0.747804 0.570342 0.100642
v -0.765553 0.555253 0.109470
v -0.692304 0.565321 0.112801
v -0.711121 0.576450 0.098769
v -0.690201 0.596961 0.070060
v -0.640312 0.617346 0.013840
v -0.823943 0.527393 0.118173
v -0.666613 0.583617 0.101064
v -0.760680 0.398898 0.013840
v -0.735318 0.399097 0.013840
v -0.760414 0.473713 0.104337
v -0.682619 0.473918 0.105005
v -0.724991 0.500389 0.113030
v -0.703268 0.431126 0.078816
v -0.738886 0.421899 0.061334
v -0.703177 0.413053 0.052879
v -0.647068 0.450416 0.097605
v -0.672206 0.441984 0.090478
v -0.708881 0.319711 0.052668
v -0.688235 0.338066 0.057430
v -0.710245 0.344303 0.013840
v -0.669093 0.322042 0.074890
v -0.710047 0.453187 0.093992
v -0.663969 0.357840 0.064979
v -0.712466 0.392335 0.013840
v -0.645568 0.431541 0.086808
v -0.669659 0.420650 0.072918
v -0.654465 0.385693 0.061871
v -0.675151 0.401652 0.050892
v -0.689185 0.374928 0.013840
v -0.729197 0.407684 0.013840
v -0.740363 0.443644 0.088420
v -0.630256 0.416013 0.079905
v -0.310579 0.812999 0.056137
v -0.202613 0.853651 0.013840
v -0.159365 0.869961 0.013840
v -0.246795 0.833339 0.013840
v -0.194357 0.854254 0.059815
v 0.401909 0.746013 0.164049
v 0.421585 0.764864 0.120286
v 0.327094 0.799358 0.119274
v 0.336986 0.821039 0.072667
v 0.375838 0.796461 0.091762
v 0.331008 0.763220 0.168439
v 0.329720 0.845574 0.013840
v 0.277722 0.800458 0.146835
v 0.271211 0.776229 0.177967
v 0.462719 0.781490 0.055459
v 0.426416 0.803086 0.013840
v 0.431038 0.789824 0.065614
v 0.167151 0.908398 0.054066
v 0.207823 0.881370 0.077818
v 0.212437 0.893067 0.048288
v 0.218033 0.822840 0.150790
v 0.415391 0.785477 0.083407
v 0.391194 0.806711 0.063008
v 0.271525 0.849544 0.076639
v 0.378806 0.718834 0.200785
v 0.268425 0.867549 0.052218
v 0.240864 0.875362 0.058693
v 0.318497 0.737939 0.199529
v 0.460021 0.789129 0.013840
v 0.268867 0.750982 0.203095
v 0.288684 0.722904 0.219884
v 0.292073 0.864352 0.013840
v 0.307435 0.848981 0.052522
v 0.477827 0.741521 0.122180
v 0.482023 0.720618 0.163205
v 0.233029 0.735626 0.224924
v 0.236659 0.841707 0.115892
v 0.485515 0.777917 0.013840
v 0.513087 0.766359 0.013840
v 0.462505 0.765035 0.087713
v 0.503054 0.762768 0.061693
v 0.250812 0.880407 0.013840
v 0.314691 0.670411 0.244947
v 0.335476 0.698804 0.224522
v 0.283589 0.700511 0.236036
v 0.386973 0.819337 0.013840
v 0.352654 0.830985 0.048087
v 0.291925 0.637951 0.259660
v 0.228338 0.689089 0.253118
v -0.966940 0.507544 0.047653
v -0.965540 0.527946 0.047857
v -0.905899 0.564750 0.080137
v -0.926110 0.589849 0.048006
v -0.934482 0.557187 0.070453
v -0.955667 0.506967 0.065814
v -0.953628 0.557704 0.047777
v -0.959332 0.483228 0.066976
v -0.970779 0.493390 0.053753
v -0.969163 0.472743 0.013840
v -0.760680 0.398898 0.013840
v -0.788806 0.419770 0.060824
v -0.792751 0.399440 0.013840
v -0.856303 0.399222 0.020146
v -0.826008 0.398253 0.013840
v -0.977542 0.498064 0.013840
v -0.738886 0.421899 0.061334
v -0.829806 0.418226 0.058276
v -0.868968 0.415917 0.049171
v -0.948331 0.531261 0.069798
v -0.907856 0.521960 0.100368
v -0.887345 0.546552 0.102555
v -0.923336 0.539073 0.088454
v -0.829158 0.436439 0.076724
v -0.878573 0.588842 0.062001
v -0.898359 0.602769 0.013840
v -0.934489 0.514826 0.086042
v -0.920720 0.506142 0.093529
v -0.941243 0.464409 0.067939
v -0.933010 0.491548 0.085461
v -0.900373 0.503434 0.102950
v -0.930725 0.443031 0.047824
v -0.786421 0.446649 0.086836
v -0.761114 0.434175 0.078758
v -0.864844 0.443453 0.075614
v -0.835909 0.461012 0.093577
v -0.883720 0.455436 0.085239
v -0.831444 0.488010 0.109653
v -0.889156 0.477387 0.095227
v -0.827864 0.506905 0.115324
v -0.860867 0.503815 0.112317
v -0.867833 0.568537 0.092113
v -0.885011 0.402523 0.020593
v -0.910375 0.429617 0.056742
v -0.760414 0.473713 0.104337
v -0.783271 0.508548 0.115362
v -0.870960 0.526832 0.112841
v -0.911153 0.454721 0.074257
v -0.740363 0.443644 0.088420
v -0.823943 0.527393 0.118173
v -0.838739 0.585680 0.087283
v -0.833409 0.558216 0.111793
v -0.969163 0.472743 0.013840
v -0.687853 0.235573 0.059996
v -0.708113 0.240290 0.057819
v -0.695237 0.235465 0.065397
v -0.685406 0.292702 0.067877
v -0.702665 0.300975 0.060543
v -0.710759 0.282974 0.057814
v -0.697779 0.211575 0.046278
v -0.697079 0.228009 0.068001
v -0.664483 0.235533 0.062015
v -0.667264 0.233969 0.068987
v -0.695624 0.271094 0.061850
v -0.717062 0.255113 0.066834
v -0.680101 0.256630 0.062056
v -0.646945 0.224295 0.068197
v -0.626927 0.229516 0.074203
v -0.653152 0.230271 0.071529
v -0.680287 0.242363 0.058696
v -0.661765 0.247798 0.062624
v -0.621448 0.245630 0.071068
v -0.618154 0.257580 0.075733
v -0.639079 0.246699 0.068084
v -0.708881 0.319711 0.052668
v -0.629515 0.235281 0.071301
v -0.644191 0.261344 0.072655
v -0.669093 0.322042 0.074890
v -0.652821 0.288725 0.077173
v -0.603133 0.248022 0.080258
v -0.727292 0.272039 0.065239
v -0.525533 0.672812 0.013840
v 1.038461 0.488144 0.163004
v 1.118223 0.479394 0.129391
v 1.088345 0.506760 0.145951
v 0.993998 0.396384 0.149289
v 1.019705 0.394046 0.141303
v 1.012969 0.413141 0.144433
v 1.135463 0.425605 0.095912
v 1.150374 0.439823 0.102230
v 1.127069 0.436648 0.106643
v 0.765130 0.445443 0.215462
v 0.814703 0.425726 0.207933
v 0.813064 0.469781 0.219827
v 0.917427 0.505102 0.201756
v 0.855470 0.535275 0.212877
v 0.858511 0.493668 0.215631
v 0.953474 0.335806 0.133970
v 0.964608 0.353260 0.142275
v 0.944770 0.355331 0.152473
v 0.965959 0.370769 0.152474
v 0.932625 0.369325 0.162872
v 0.900078 0.369646 0.176572
v 0.916339 0.342975 0.154872
v 1.130939 0.513506 0.125303
v 1.091758 0.532860 0.141874
v 0.765668 0.408340 0.203059
v 0.803968 0.391729 0.197739
v 0.856727 0.453371 0.210063
v 0.896627 0.470154 0.203666
v 0.904079 0.386738 0.177871
v 0.887458 0.394117 0.181537
v 0.879013 0.382468 0.186819
v 0.996781 0.368634 0.136913
v 0.987306 0.356862 0.135082
v 1.025740 0.346846 0.109125
v 0.944707 0.460137 0.185420
v 0.972579 0.521119 0.187541
v 0.974367 0.487599 0.183247
v 0.952200 0.398561 0.163310
v 0.927750 0.396540 0.170016
v 0.945624 0.383524 0.163395
v 0.871159 0.401069 0.189505
v 0.852339 0.382971 0.191940
v 1.108548 0.398591 0.100491
v 1.086193 0.394762 0.113227
v 1.101807 0.375403 0.086708
v 1.141095 0.455505 0.111159
v 1.116243 0.445872 0.122913
v 0.987277 0.560328 0.180022
v 1.014604 0.527991 0.173087
v 1.037380 0.540911 0.161825
v 0.972016 0.389429 0.158948
v 0.965146 0.309505 0.088621
v 0.932417 0.310747 0.104478
v 0.974653 0.408253 0.155079
v 0.983082 0.336527 0.117646
v 0.995454 0.381778 0.148297
v 1.004488 0.310328 0.063796
v 1.052611 0.321981 0.056003
v 1.025266 0.376337 0.132000
v 1.053417 0.392072 0.129881
v 0.806202 0.510927 0.224202
v 0.759418 0.486475 0.224050
v 1.061456 0.370488 0.109033
v 1.073437 0.346238 0.076152
v 0.765054 0.379514 0.191790
v 0.801864 0.365910 0.197429
v 0.828659 0.378221 0.197209
v 1.074561 0.404706 0.128835
v 1.060447 0.408018 0.133780
v 0.855905 0.422342 0.201009
v 0.836178 0.398707 0.197334
v 1.105317 0.408928 0.112664
v 0.820595 0.348779 0.189500
v 0.837859 0.362999 0.195683
v 1.119385 0.417681 0.101801
v 1.125770 0.403787 0.088218
v 1.078121 0.421010 0.134558
v 1.093409 0.413570 0.123307
v 1.094513 0.431013 0.128030
v 1.152769 0.419227 0.082804
v 0.942242 0.417573 0.171536
v 0.983541 0.432048 0.164655
v 1.170171 0.449306 0.097785
v 1.029325 0.442757 0.153755
v 0.863588 0.367849 0.188239
v 1.074799 0.445533 0.139059
v 1.049318 0.422724 0.136725
v 0.894559 0.312524 0.114898
v 0.917384 0.550066 0.196296
v 1.041115 0.405099 0.138891
v 1.163666 0.472286 0.103338
v 1.158871 0.454840 0.104059
v 0.885148 0.353833 0.176535
v 1.188455 0.487850 0.093888
v 1.168729 0.505167 0.107270
v 1.157563 0.401051 0.048600
v 1.131902 0.379274 0.063178
v 1.182693 0.465937 0.091222
v 0.895140 0.434645 0.194547
v 1.176757 0.439460 0.077227
v 1.108801 0.347993 0.046802
v 1.192172 0.465811 0.075359
v 0.923565 0.380658 0.172359
v 0.846146 0.617367 0.195512
v 0.894420 0.625177 0.175879
v 0.866384 0.634602 0.176651
v 1.177170 0.433991 0.052824
v 0.844440 0.372457 0.195457
v 1.183806 0.450343 0.013840
v 0.993624 0.461102 0.170781
v 0.904441 0.404188 0.181509
v 1.107742 0.427798 0.115673
v 0.870394 0.565343 0.202179
v 0.866102 0.586275 0.199250
v 0.823774 0.577177 0.211317
v 0.893639 0.576431 0.193118
v 0.896135 0.600171 0.187806
v 0.853830 0.344757 0.183977
v 0.798448 0.546754 0.221985
v 0.931093 0.581513 0.184908
v 1.050766 0.519890 0.159215
v 0.883130 0.336524 0.162568
v 0.723505 0.393107 0.192270
v 0.725014 0.372290 0.179272
v 0.847620 0.693588 0.078122
v 0.879597 0.686841 0.081446
v 0.846773 0.697222 0.059266
v 0.672730 0.574148 0.214881
v 0.711836 0.583548 0.211958
v 0.681672 0.604230 0.205568
v 0.557240 0.683602 0.177986
v 0.570026 0.697218 0.142638
v 0.535866 0.703837 0.152453
v 0.776693 0.700274 0.098345
v 0.809162 0.688965 0.109838
v 0.816511 0.698409 0.079773
v 0.769154 0.712851 0.070563
v 0.482023 0.720618 0.163205
v 0.449015 0.709044 0.196597
v 0.504902 0.691278 0.195292
v 0.553432 0.608414 0.231581
v 0.598768 0.601216 0.220088
v 0.593126 0.624289 0.214338
v 0.510902 0.720343 0.137433
v 0.477827 0.741521 0.122180
v 0.835716 0.644887 0.171137
v 0.846146 0.617367 0.195512
v 0.866384 0.634602 0.176651
v 0.688053 0.536800 0.221074
v 0.716255 0.559120 0.220077
v 0.635017 0.603964 0.211909
v 0.640764 0.629532 0.201689
v 0.436283 0.424449 0.265059
v 0.457851 0.484288 0.256803
v 0.410926 0.476175 0.272116
v 0.646095 0.549235 0.217871
v 0.569192 0.722720 0.074817
v 0.604492 0.719541 0.068340
v 0.574636 0.734050 0.061065
v 0.641100 0.508221 0.216439
v 0.881813 0.648394 0.155743
v 0.569911 0.483188 0.218388
v 0.604885 0.543969 0.220474
v 0.660700 0.472276 0.215252
v 0.701721 0.500054 0.223164
v 0.539340 0.757480 0.047149
v 0.513087 0.766359 0.013840
v 0.401909 0.746013 0.164049
v 0.775715 0.711403 0.049706
v 0.747106 0.716626 0.049575
v 0.386054 0.525012 0.274364
v 0.446391 0.570395 0.261202
v 0.366534 0.590584 0.266477
v 0.720990 0.707213 0.100171
v 0.762275 0.685013 0.134008
v 0.560705 0.541179 0.229902
v 0.593837 0.735998 0.056877
v 0.543548 0.742730 0.065696
v 0.503054 0.762768 0.061693
v 0.517963 0.734143 0.097984
v 0.572583 0.746276 0.050333
v 0.624914 0.575952 0.218048
v 0.619923 0.468555 0.213494
v 0.602451 0.424354 0.208469
v 0.651536 0.711095 0.089021
v 0.689469 0.716694 0.078807
v 0.663188 0.723210 0.067108
v 0.674420 0.444551 0.210119
v 0.712092 0.462115 0.217673
v 0.835701 0.678860 0.122634
v 0.805476 0.677390 0.135297
v 0.838264 0.664735 0.146413
v 0.427243 0.688601 0.220480
v 0.406029 0.666137 0.238947
v 0.454993 0.662244 0.235841
v 0.621319 0.734297 0.047674
v 0.639418 0.731694 0.053493
v 0.727450 0.720074 0.068162
v 0.432171 0.618001 0.256039
v 0.494276 0.610599 0.247034
v 0.466760 0.637810 0.244805
v 0.784045 0.707645 0.013840
v 0.588998 0.710491 0.088046
v 0.610935 0.699804 0.115278
v 0.613680 0.709253 0.089403
v 0.436081 0.518916 0.264170
v 0.602934 0.739133 0.046919
v 0.371617 0.642602 0.251655
v 0.707858 0.685056 0.142294
v 0.586194 0.741274 0.013840
v 0.702829 0.719632 0.013840
v 0.664417 0.725909 0.046451
v 0.696733 0.723586 0.063821
v 0.520656 0.568643 0.244060
v 0.598231 0.654961 0.195911
v 0.579143 0.577071 0.227127
v 0.663234 0.650460 0.187785
v 0.696237 0.634534 0.194243
v 0.561754 0.711933 0.101574
v 0.537960 0.712097 0.129720
v 0.752199 0.637888 0.191372
v 0.784465 0.610477 0.204367
v 0.799860 0.635737 0.186505
v 0.711411 0.423998 0.205076
v 0.660428 0.692314 0.131068
v 0.690936 0.353744 0.161940
v 0.725014 0.372290 0.179272
v 0.693621 0.378095 0.179483
v 0.475387 0.535068 0.253446
v 0.798448 0.546754 0.221985
v 0.760185 0.574128 0.218538
v 0.747414 0.530414 0.226763
v 0.823774 0.577177 0.211317
v 0.686657 0.397972 0.191371
v 0.723505 0.393107 0.192270
v 0.654294 0.671232 0.169771
v 0.615867 0.684107 0.153988
v 0.609332 0.670764 0.178116
v 0.765668 0.408340 0.203059
v 0.806202 0.510927 0.224202
v 0.522717 0.645395 0.227533
v 0.482744 0.679398 0.217851
v 0.635630 0.725047 0.067473
v 0.759418 0.486475 0.224050
v 0.806410 0.707238 0.052007
v 0.786730 0.660925 0.164170
v 0.653610 0.415871 0.200112
v 0.427115 0.645476 0.247531
v 0.638534 0.445358 0.209127
v 0.844303 0.688258 0.097985
v 0.378806 0.718834 0.200785
v 0.765130 0.445443 0.215462
v 0.503091 0.441760 0.235909
v 0.383197 0.687773 0.224850
v 0.362652 0.671607 0.237580
v 0.617511 0.731422 0.056894
v 0.510586 0.510431 0.238982
v 0.833618 0.698110 0.013840
v 0.555695 0.419281 0.216987
v 0.727895 0.609230 0.203280
v 0.710218 0.716510 0.077212
v 0.535018 0.669187 0.205126
v 0.335476 0.698804 0.224522
v 0.314691 0.670411 0.244947
v 0.716144 0.663788 0.171759
v 0.652321 0.379383 0.184433
v 0.291925 0.637951 0.259660
v 0.544704 0.727355 0.083164
v 0.462505 0.765035 0.087713
v 0.874077 0.672461 0.119374
v 0.622652 0.395435 0.197794
v 0.583730 0.366869 0.201212
v 1.076484 0.588065 0.057093
v 1.092199 0.568747 0.048826
v 1.174583 0.510332 0.056550
v 1.003917 0.621603 0.101406
v 1.030202 0.608031 0.092611
v 1.004980 0.626289 0.079877
v 0.965100 0.656918 0.072849
v 0.936957 0.671857 0.054959
v 0.924746 0.676441 0.076624
v 0.879597 0.686841 0.081446
v 0.880838 0.688341 0.055382
v 0.846773 0.697222 0.059266
v 1.110915 0.580112 0.071294
v 1.022499 0.601346 0.118405
v 0.973256 0.632547 0.124324
v 0.833618 0.698110 0.013840
v 1.095952 0.553221 0.013840
v 1.115011 0.554041 0.050263
v 0.917408 0.679503 0.060123
v 0.998758 0.632009 0.058438
v 0.965807 0.653652 0.047883
v 1.058109 0.582824 0.114331
v 1.077076 0.584636 0.096615
v 1.051187 0.592251 0.102789
v 1.022729 0.615099 0.052210
v 1.032596 0.611133 0.071420
v 1.053086 0.600822 0.061474
v 1.142514 0.543184 0.058864
v 1.124771 0.561662 0.064866
v 1.144545 0.569671 0.081540
v 1.174037 0.535245 0.072005
v 1.155292 0.519626 0.050411
v 1.184578 0.484298 0.046628
v 1.200303 0.489127 0.072092
v 1.183806 0.450343 0.013840
v 0.902229 0.683155 0.064718
v 1.192102 0.532701 0.072980
v 1.199420 0.514920 0.072656
v 1.054107 0.598195 0.087001
v 1.062538 0.595738 0.078622
v 1.086959 0.589742 0.076799
v 0.910230 0.670471 0.102806
v 0.948936 0.658320 0.100727
v 1.169190 0.553634 0.077589
v 1.030939 0.604720 0.013840
v 1.112156 0.575265 0.092040
v 1.088229 0.566774 0.115374
v 0.981387 0.640010 0.095413
v 1.132404 0.561394 0.101830
v 0.906796 0.679948 0.048028
v 1.052611 0.321981 0.056003
v 1.183806 0.450343 0.013840
v 1.093412 0.587089 0.068702
v 1.004488 0.310328 0.063796
v 1.184745 0.546530 0.091737
v 1.159126 0.553154 0.100723
v 1.121264 0.546905 0.117990
v 1.160625 0.532592 0.107258
v 1.188149 0.524872 0.094361
v 1.194815 0.508586 0.091895
v 1.168729 0.505167 0.107270
v 1.129816 0.531150 0.121536
v 1.130939 0.513506 0.125303
v 1.192172 0.465811 0.075359
v 1.188455 0.487850 0.093888
v 0.546521 0.100011 0.206968
v 0.528771 0.118305 0.208485
v 0.536544 0.086062 0.223263
v 0.553429 0.058649 0.242925
v 0.546949 0.047780 0.253523
v 0.576569 0.038749 0.270164
v 0.601560 0.067756 0.243677
v 0.600674 0.076671 0.233789
v 0.583395 0.081788 0.220014
v 0.561686 0.075402 0.222415
v 0.492813 0.103635 0.230560
v 0.505552 0.084997 0.231998
v 0.512317 0.102828 0.225607
v 0.423449 -0.001758 0.175581
v 0.434246 -0.001758 0.216180
v 0.424908 0.138805 0.230794
v 0.428625 0.113304 0.220700
v 0.440575 0.106569 0.227763
v 0.408809 0.129302 0.216431
v 0.422096 0.102827 0.211760
v 0.540940 0.116756 0.198900
v 0.470299 0.146567 0.222246
v 0.498010 0.155986 0.207523
v 0.479207 0.179540 0.212948
v 0.583912 0.065559 0.238806
v 0.602402 0.048931 0.259915
v 0.452083 0.083319 0.232603
v 0.455570 0.104651 0.233685
v 0.552396 0.034570 0.262121
v 0.562621 0.026873 0.273430
v 0.432090 0.045946 0.199593
v 0.427507 0.075025 0.199186
v 0.423686 0.054040 0.181089
v 0.441982 0.065848 0.219725
v 0.649277 0.024973 0.232627
v 0.674058 -0.001758 0.233964
v 0.657972 -0.001758 0.210665
v 0.541403 0.027768 0.264507
v 0.470894 0.051690 0.244250
v 0.489706 0.050420 0.252067
v 0.470185 0.074537 0.242612
v 0.476205 0.091371 0.236572
v 0.473479 0.112522 0.230354
v 0.527012 0.070309 0.240343
v 0.531303 0.043837 0.249584
v 0.455032 -0.001758 0.241366
v 0.457471 0.058659 0.237006
v 0.573943 0.057344 0.247493
v 0.490942 -0.001758 0.257268
v 0.473207 -0.001758 0.253233
v 0.690488 -0.001758 0.252847
v 0.508056 0.065795 0.236058
v 0.518710 -0.001758 0.271635
v 0.508462 -0.001758 0.261561
v 0.507548 0.049530 0.245601
v 0.491977 0.071105 0.243208
v 0.614210 0.069325 0.236711
v 0.489041 0.087475 0.231661
v 0.526473 0.028987 0.266499
v 0.437629 0.090101 0.219763
v 0.491110 0.126949 0.222086
v 0.524020 0.035222 0.255824
v 0.617285 -0.001758 0.286601
v 0.673535 0.036109 0.260869
v 0.666804 0.026230 0.248698
v 0.420753 0.302427 0.259809
v 0.413501 0.228314 0.245107
v 0.440678 0.245108 0.238283
v 0.443579 0.045962 0.224698
v 0.467117 0.214908 0.220446
v 0.437126 0.212286 0.234251
v 0.439626 0.175797 0.231274
v 0.395671 0.196958 0.245921
v 0.629788 0.049467 0.262152
v 0.625340 0.038806 0.274279
v 0.451072 0.134192 0.228916
v 0.648118 0.038679 0.250546
v 0.375602 0.173609 0.218831
v 0.402988 0.107515 0.193112
v 0.451757 0.278083 0.241805
v 0.510420 0.132625 0.211440
v 0.538221 0.132491 0.194453
v 0.523155 0.147674 0.195831
v 0.533934 0.148724 0.185053
v 0.420492 0.041977 0.170491
v 0.496861 0.204871 0.200457
v 0.530227 0.159977 0.187220
v 0.521999 0.168978 0.187357
v 0.536204 0.162470 0.177406
v 0.532391 0.185112 0.173044
v 0.660581 0.035412 0.269963
v 0.591572 0.080370 0.205734
v 0.590569 0.088511 0.214506
v 0.599998 0.078220 0.221337
v 0.556463 0.211295 0.161023
v 0.541700 0.205201 0.165277
v 0.552861 0.192023 0.164647
v 0.542531 0.221143 0.163701
v 0.627016 0.053105 0.238302
v 0.526490 0.212939 0.179351
v 0.508878 0.185947 0.191823
v 0.605981 0.232165 0.065149
v 0.603979 0.057055 0.212123
v 0.627640 0.038380 0.224125
v 0.623165 -0.001758 0.176792
v 0.602530 -0.001758 0.157299
v 0.610199 0.029389 0.192577
v 0.479444 0.262973 0.224676
v 0.417016 0.371309 0.271701
v 0.468925 0.366709 0.250066
v 0.544448 0.237988 0.171816
v 0.436283 0.424449 0.265059
v 0.594672 0.255176 0.118197
v 0.636169 0.279758 0.115260
v 0.555768 0.230143 0.159683
v 0.564499 0.217420 0.142253
v 0.569452 0.248496 0.149931
v 0.514492 0.242461 0.197737
v 0.478070 0.307380 0.237818
v 0.654827 0.248187 0.060685
v 0.503091 0.441760 0.235909
v 0.529988 0.385639 0.224144
v 0.558540 0.273753 0.177279
v 0.650401 0.308509 0.141527
v 0.625747 0.312765 0.155550
v 0.627637 0.300506 0.142703
v 0.599688 0.286665 0.150931
v 0.583730 0.366869 0.201212
v 0.563427 0.391922 0.213151
v 0.589838 0.313717 0.177411
v 0.667764 0.317082 0.142323
v 0.659359 0.328400 0.149840
v 0.633350 0.342467 0.169247
v 0.532371 0.301372 0.207579
v 0.520662 0.345822 0.223860
v 0.556979 0.190627 0.107243
v 0.561770 0.216945 0.121769
v 0.576714 0.398510 0.210346
v 0.602451 0.424354 0.208469
v 0.679769 0.312084 0.134902
v 0.566466 0.232597 0.132527
v 0.652321 0.379383 0.184433
v 0.690936 0.353744 0.161940
v 0.632599 -0.001758 0.205758
v 0.555695 0.419281 0.216987
v 0.565791 0.191996 0.151236
v 0.560446 0.182054 0.124247
v 0.566466 -0.001758 0.099728
v 0.559762 0.079906 0.102366
v 0.571893 0.064122 0.121626
v 0.564982 0.169105 0.136742
v 0.560657 0.215581 0.103652
v 0.591865 0.040125 0.175664
v 0.566414 0.152046 0.172454
v 0.571572 0.132823 0.162972
v 0.570643 0.154751 0.158522
v 0.579481 -0.001758 0.130481
v 0.582379 0.092211 0.192485
v 0.585419 0.067173 0.177008
v 0.575456 0.105334 0.173693
v 0.567689 0.168207 0.149157
v 0.568868 0.132431 0.133542
v 0.551668 -0.001758 0.077059
v 0.576718 0.080150 0.149084
v 0.557847 0.202746 0.067834
v 0.571831 0.091898 0.131169
v 0.542822 0.185568 0.067118
v 0.574828 0.111934 0.193928
v 0.548310 0.141946 0.186612
v 0.560993 0.122419 0.193585
v 0.561040 0.137175 0.182588
v 0.560423 0.151101 0.112898
v 0.551868 0.164464 0.174553
v 0.561417 0.093299 0.205831
v 0.551815 0.109437 0.087994
v 0.575577 0.108435 0.151331
v 0.552645 0.118680 0.200997
v 0.565028 0.173983 0.164065
v 0.584496 0.094710 0.204492
v 0.580172 0.097716 0.209467
v 0.571363 0.128911 0.179678
v 0.554505 0.199898 0.097714
v 0.568712 0.104784 0.202887
v 0.572099 0.235258 0.115068
v 0.578467 0.224739 0.082956
v 0.541598 0.165896 0.069479
v 0.550343 0.148679 0.085078
v -0.105447 0.841104 0.166517
v -0.138358 0.815702 0.189112
v -0.069080 0.830055 0.185056
v 0.024068 0.738525 0.248057
v -0.030677 0.766451 0.230626
v -0.026271 0.728334 0.253556
v -0.257801 0.774401 0.172523
v -0.230319 0.763625 0.195438
v -0.220167 0.784233 0.183067
v 0.056100 0.661446 0.285093
v 0.014862 0.699255 0.270285
v -0.019595 0.662649 0.279594
v -0.028259 0.808651 0.203792
v -0.022338 0.832132 0.183189
v -0.107946 0.857230 0.137549
v -0.158390 0.836065 0.153879
v -0.276998 0.745478 0.188442
v -0.249610 0.736851 0.207052
v -0.061565 0.852827 0.155011
v 0.029496 0.843081 0.169075
v -0.026956 0.844632 0.169058
v -0.074808 0.772735 0.226426
v -0.072046 0.739962 0.242836
v -0.380429 0.177938 0.253233
v -0.373287 0.210671 0.275515
v -0.414238 0.202201 0.254110
v -0.349817 0.178147 0.262160
v -0.224854 0.140045 0.261508
v -0.182613 0.173341 0.276677
v -0.241182 0.171847 0.270855
v -0.226724 0.209449 0.290547
v -0.326413 0.200571 0.280773
v -0.330055 0.235700 0.295594
v -0.275148 0.235931 0.302067
v -0.286243 0.183334 0.274359
v -0.371567 0.262703 0.296037
v -0.395694 0.311522 0.296879
v -0.423657 0.285762 0.280784
v -0.345829 0.305675 0.313691
v -0.376262 0.351523 0.305742
v -0.304564 0.275400 0.315394
v -0.324920 0.334483 0.320502
v -0.319779 0.378250 0.317768
v -0.271312 0.344454 0.329930
v -0.299589 0.309799 0.323860
v -0.268177 0.380904 0.325856
v -0.250199 0.306814 0.328196
v -0.200358 0.340295 0.332846
v -0.188820 0.294016 0.323785
v -0.282654 0.417551 0.317157
v -0.329755 0.433052 0.306061
v -0.147927 0.318720 0.325530
v -0.132961 0.360711 0.327163
v -0.242951 0.410738 0.323902
v -0.228179 0.376726 0.330589
v -0.184099 0.382311 0.330636
v -0.241719 0.456640 0.314636
v -0.289008 0.463845 0.305588
v -0.200153 0.425458 0.324381
v -0.197281 0.474427 0.312322
v -0.215906 0.502442 0.302367
v -0.158001 0.459021 0.315340
v -0.149686 0.410509 0.325063
v -0.166034 0.515423 0.300685
v -0.147168 0.779620 0.213546
v -0.090666 0.798086 0.211365
v -0.118330 0.439070 0.316492
v -0.113264 0.480970 0.305689
v -0.075634 0.444677 0.307915
v -0.063429 0.494561 0.296786
v -0.110923 0.520250 0.294873
v -0.083511 0.547095 0.288527
v -0.058965 0.787391 0.219251
v -0.244640 0.275967 0.319531
v -0.417227 0.239572 0.270000
v -0.034695 0.531587 0.289151
v -0.054222 0.574019 0.285091
v -0.190935 0.785638 0.196259
v 0.092398 0.808307 0.193398
v 0.035873 0.783195 0.215779
v -0.002419 0.571698 0.286411
v 0.053086 0.892556 0.103556
v 0.043885 0.906197 0.073288
v 0.010801 0.893711 0.094896
v 0.077922 0.713502 0.263739
v -0.016145 0.860378 0.147904
v -0.253977 0.154909 0.257443
v -0.209057 0.253316 0.310049
v -0.092580 0.660501 0.267025
v -0.046165 0.616412 0.282090
v -0.268677 0.164347 0.265567
v -0.053871 0.698654 0.263654
v -0.110228 0.760639 0.228293
v 0.099922 0.840684 0.168507
v 0.091761 0.867840 0.142843
v 0.125947 0.884271 0.118244
v 0.098546 0.904851 0.087398
v 0.086963 0.888943 0.115075
v -0.208159 0.805803 0.169198
v 0.018078 0.624641 0.287453
v -0.199010 0.741697 0.219206
v -0.095001 0.402818 0.318747
v -0.147213 0.740510 0.230024
v -0.111350 0.717733 0.244496
v -0.160276 0.694486 0.241428
v 0.078310 0.746637 0.240567
v -0.183226 0.560557 0.279325
v -0.219249 0.537041 0.287635
v 0.156306 0.895817 0.090805
v 0.167151 0.908398 0.054066
v 0.126102 0.912774 0.064257
v 0.058494 0.876166 0.130673
v 0.016515 0.875893 0.127241
v -0.050766 0.877138 0.112944
v 0.095622 0.771443 0.218692
v 0.066789 0.689725 0.275854
v -0.211236 0.697189 0.232583
v -0.201187 0.656764 0.243880
v -0.174513 0.601821 0.264087
v -0.104939 0.600114 0.276612
v -0.149068 0.641372 0.258467
v -0.252498 0.705566 0.222136
v -0.135435 0.559125 0.283400
v -0.313017 0.155374 0.268973
v -0.323735 0.173497 0.269638
v -0.287193 0.153307 0.263114
v -0.286624 0.719668 0.201947
v -0.235563 0.680784 0.232679
v -0.317748 0.724482 0.184349
v -0.217533 0.826395 0.130906
v -0.158660 0.853317 0.115044
v -0.216154 0.841370 0.089545
v -0.567805 0.601942 0.089688
v -0.552286 0.601435 0.095024
v -0.561869 0.614426 0.078577
v -0.590109 0.602492 0.086313
v -0.576126 0.584868 0.099373
v -0.590464 0.619081 0.057437
v -0.550041 0.631022 0.058819
v -0.564621 0.561544 0.114009
v -0.553264 0.535053 0.133708
v -0.523954 0.574974 0.137090
v -0.527514 0.605517 0.111179
v -0.535737 0.622587 0.085487
v -0.599179 0.557662 0.110852
v -0.620654 0.584066 0.102745
v -0.651870 0.557688 0.117447
v -0.497500 0.621783 0.136411
v -0.512373 0.631329 0.104026
v -0.633520 0.602722 0.079092
v -0.666613 0.583617 0.101064
v -0.690201 0.596961 0.070060
v -0.640312 0.617346 0.013840
v -0.549234 0.583553 0.110160
v -0.320251 0.688479 0.206606
v -0.261055 0.546982 0.277921
v -0.310927 0.532506 0.282281
v -0.263009 0.506722 0.296146
v -0.645568 0.431541 0.086808
v -0.630256 0.416013 0.079905
v -0.626218 0.442076 0.096928
v -0.647068 0.450416 0.097605
v -0.620362 0.384912 0.083974
v -0.654465 0.385693 0.061871
v -0.663969 0.357840 0.064979
v -0.110967 0.869096 0.107286
v -0.490161 0.355668 0.244894
v -0.521559 0.332004 0.210440
v -0.488191 0.304881 0.237421
v -0.620907 0.350311 0.095947
v -0.599717 0.451796 0.106466
v -0.580976 0.421778 0.113978
v -0.475315 0.399289 0.259147
v -0.463134 0.366872 0.266070
v -0.428803 0.324243 0.283454
v -0.441527 0.351693 0.277831
v -0.459808 0.323331 0.264367
v -0.601152 0.337006 0.118604
v -0.583181 0.360445 0.130669
v -0.553211 0.366248 0.177006
v -0.511495 0.393903 0.225403
v -0.416833 0.347199 0.290207
v -0.329378 0.480888 0.296338
v -0.370950 0.465793 0.292386
v -0.462436 0.531116 0.218483
v -0.424777 0.550451 0.236386
v -0.459373 0.557772 0.204360
v -0.444542 0.436236 0.272592
v -0.432222 0.384591 0.283557
v -0.387451 0.416731 0.296179
v -0.282164 0.570737 0.264305
v -0.320163 0.582479 0.256619
v -0.479412 0.244253 0.225107
v -0.444938 0.227358 0.248211
v -0.459093 0.268259 0.253458
v -0.368610 0.559136 0.261327
v -0.399260 0.604201 0.224924
v -0.532221 0.419257 0.193665
v -0.563435 0.397974 0.146925
v -0.590443 0.381544 0.111891
v -0.483704 0.431716 0.249150
v -0.502518 0.438242 0.228199
v -0.405115 0.505876 0.271317
v -0.358055 0.509477 0.283905
v -0.502396 0.282845 0.215079
v -0.524528 0.295390 0.190284
v -0.510385 0.258192 0.187405
v -0.232912 0.579731 0.263305
v -0.278604 0.606178 0.248435
v -0.232407 0.621432 0.247386
v -0.269035 0.656689 0.233099
v -0.475612 0.468966 0.246629
v -0.486341 0.501498 0.217212
v -0.449762 0.506999 0.246705
v -0.410379 0.459429 0.282119
v -0.297038 0.494622 0.295906
v -0.438766 0.583848 0.209153
v -0.473220 0.591331 0.179463
v -0.505118 0.532473 0.174734
v -0.558533 0.463746 0.141004
v -0.576640 0.453110 0.122316
v -0.462445 0.637367 0.168828
v -0.364107 0.794499 0.060329
v -0.330935 0.791446 0.103271
v -0.310372 0.807639 0.080485
v -0.512374 0.461990 0.207331
v -0.547087 0.501241 0.147356
v -0.525575 0.486477 0.176695
v -0.313893 0.753631 0.163758
v -0.283773 0.790071 0.139956
v -0.357902 0.763027 0.133067
v -0.575058 0.476733 0.124980
v -0.575545 0.506949 0.125828
v -0.464091 0.670508 0.143493
v -0.543998 0.443541 0.165929
v -0.272291 0.813871 0.104481
v -0.518498 0.657319 0.069161
v -0.412180 0.739854 0.124342
v -0.377146 0.717467 0.167843
v -0.459463 0.709913 0.109839
v -0.488611 0.665354 0.110734
v -0.596339 0.488247 0.115709
v -0.489571 0.693636 0.083254
v -0.502968 0.699156 0.053637
v -0.468049 0.731658 0.068040
v -0.391587 0.769227 0.096091
v -0.432501 0.745432 0.092018
v -0.551846 0.319360 0.171016
v -0.428712 0.673111 0.172362
v -0.431722 0.705446 0.144952
v -0.337567 0.625670 0.234339
v -0.577508 0.336387 0.144580
v -0.575273 0.303088 0.135781
v -0.555369 0.301599 0.150739
v -0.571683 0.316271 0.146486
v -0.623725 0.319626 0.099680
v -0.451174 0.203522 0.227576
v -0.387267 0.657124 0.201284
v -0.435906 0.479076 0.266332
v -0.435449 0.626481 0.194685
v -0.483320 0.272911 0.233152
v -0.593446 0.314548 0.123303
v 0.151036 0.845406 0.154028
v -0.532597 0.287807 0.168366
v -0.580018 0.527685 0.121538
v -0.630281 0.475030 0.106872
v -0.682619 0.473918 0.105005
v -0.595828 0.517060 0.118097
v -0.595359 0.536179 0.116361
v -0.620577 0.533488 0.116232
v -0.619289 0.506172 0.114633
v -0.665978 0.516086 0.116921
v -0.579054 0.544009 0.116976
v -0.692304 0.565321 0.112801
v -0.693002 0.545067 0.117616
v -0.729091 0.528447 0.115795
v -0.025558 0.901400 0.062983
v -0.724991 0.500389 0.113030
v 0.690488 -0.001758 0.252847
v 0.706230 -0.001758 0.265807
v 0.669878 -0.001758 0.297103
v 0.642147 -0.001758 0.297588
v 0.557315 -0.001758 0.284055
v 0.535368 -0.001758 0.278527
v 0.692451 -0.001758 0.295494
v 0.684601 0.030407 0.270804
v 0.673535 0.036109 0.260869
v 0.668490 0.027011 0.274922
v 0.660581 0.035412 0.269963
v 0.649987 0.028301 0.281851
v 0.617285 -0.001758 0.286601
v 0.598006 -0.001758 0.292013
v 0.576569 0.038749 0.270164
v 0.578069 -0.001758 0.288222
v 0.685498 0.021729 0.287606
v 0.541403 0.027768 0.264507
v 0.629788 0.049467 0.262152
v 0.518710 -0.001758 0.271635
v 0.677157 0.021113 0.279356
v 0.526473 0.028987 0.266499
v 0.699067 -0.001758 0.281016
v 0.625340 0.038806 0.274279
v 0.562621 0.026873 0.273430
v 0.143285 0.266654 0.236984
v 0.125761 0.251482 0.236394
v 0.167687 0.250270 0.230782
v -0.240342 -0.005064 0.320828
v -0.229039 -0.005064 0.358599
v -0.190917 0.091119 0.267949
v -0.206248 0.111754 0.268548
v -0.206203 0.093017 0.271794
v 0.230780 0.483147 0.276131
v 0.176110 0.455530 0.270608
v 0.220068 0.424781 0.274438
v 0.174700 0.378160 0.262159
v 0.153100 0.327383 0.251805
v 0.191056 0.323112 0.252512
v 0.077118 0.256809 0.258968
v 0.092079 0.251644 0.248354
v 0.112072 0.272099 0.250454
v 0.289772 0.432069 0.283591
v 0.290682 0.483047 0.282144
v 0.256843 0.456754 0.280350
v 0.211177 0.259826 0.239143
v 0.203150 0.299798 0.249250
v 0.188348 0.301639 0.248765
v 0.183757 0.288911 0.242537
v 0.234384 0.306943 0.256358
v 0.077922 0.713502 0.263739
v 0.105917 0.727624 0.252134
v 0.078310 0.746637 0.240567
v 0.145315 0.707944 0.259056
v 0.125825 0.742371 0.238346
v 0.205067 0.790873 0.186822
v 0.138393 0.814974 0.182426
v 0.154398 0.769197 0.213162
v 0.115626 0.678650 0.277528
v 0.116023 0.640294 0.284289
v 0.176657 0.638853 0.274118
v 0.159979 0.301589 0.242750
v 0.176052 0.307534 0.247403
v 0.268842 0.345216 0.268874
v 0.313052 0.378708 0.279046
v 0.266098 0.393075 0.278150
v 0.148626 0.285570 0.243656
v 0.414432 0.066511 0.167273
v 0.402988 0.107515 0.193112
v 0.022421 0.193141 0.265100
v 0.008726 0.203593 0.274563
v -0.009512 0.168449 0.277332
v 0.176555 0.865274 0.122613
v 0.125947 0.884271 0.118244
v 0.151036 0.845406 0.154028
v 0.229142 0.379759 0.270409
v 0.215645 0.284614 0.245336
v 0.279468 0.227019 0.231926
v 0.250502 0.249070 0.243653
v 0.239387 0.237617 0.231870
v -0.027774 -0.005064 0.321202
v 0.247165 0.271011 0.250495
v 0.169356 0.424737 0.268066
v 0.329905 0.461210 0.284805
v 0.340149 0.496189 0.280666
v -0.240800 0.091875 0.264465
v -0.219681 0.093274 0.272331
v -0.227907 0.110369 0.262266
v -0.090419 0.085008 0.293785
v -0.097217 0.060456 0.290127
v -0.078038 0.070221 0.284612
v 0.345044 0.417941 0.284792
v -0.067003 0.103782 0.287573
v 0.093903 0.293512 0.266618
v 0.113303 0.322176 0.259391
v 0.072184 0.317450 0.270112
v 0.171318 0.271053 0.236216
v 0.292428 0.287185 0.258683
v 0.118306 0.371281 0.260878
v 0.118961 0.449596 0.268921
v 0.064602 0.304490 0.273851
v 0.063280 0.288132 0.276216
v 0.286102 0.249403 0.249242
v -0.142776 0.049987 0.322648
v -0.129701 0.049096 0.354639
v -0.117496 0.052722 0.327326
v 0.326908 0.222655 0.234033
v -0.089682 0.108433 0.285703
v -0.099171 0.092230 0.284872
v -0.039808 0.095180 0.243942
v 0.065340 0.241125 0.254714
v 0.086864 0.220732 0.238677
v 0.112605 0.224366 0.230160
v 0.090987 0.234338 0.243264
v -0.282163 -0.005064 0.307631
v 0.423449 -0.001758 0.175581
v 0.415776 -0.001758 0.136583
v 0.324626 0.326732 0.270170
v 0.362943 0.266534 0.258606
v -0.193292 0.046998 0.314850
v -0.213924 0.036730 0.318587
v -0.193765 0.033698 0.334895
v 0.056245 0.378227 0.273878
v 0.081255 0.353701 0.266620
v 0.075240 0.401876 0.270188
v 0.323263 0.250723 0.250615
v 0.147499 0.235670 0.225921
v 0.055483 0.307128 0.273524
v -0.111000 0.092576 0.281354
v -0.104118 0.103308 0.278200
v -0.121205 0.107175 0.276839
v -0.235163 0.041787 0.297630
v -0.051959 0.143114 0.290515
v -0.038643 0.129677 0.276874
v 0.059159 0.321992 0.271218
v -0.107695 0.120222 0.276548
v -0.133734 0.101412 0.272196
v -0.125349 0.087775 0.275919
v -0.207965 0.074570 0.277889
v -0.188475 0.071504 0.274530
v -0.071729 0.044634 0.276153
v -0.056896 0.043281 0.292117
v -0.061320 -0.005064 0.264282
v 0.050070 0.290055 0.279355
v 0.218033 0.822840 0.150790
v 0.236659 0.841707 0.115892
v 0.281090 0.590510 0.268132
v 0.233922 0.544792 0.272804
v 0.314997 0.537731 0.275371
v 0.039578 0.268225 0.285170
v 0.034583 0.294225 0.278385
v 0.044918 0.340113 0.275855
v 0.271211 0.776229 0.177967
v -0.211158 0.025243 0.345295
v -0.139482 0.114140 0.266153
v -0.146692 0.095792 0.271315
v -0.187858 0.028664 0.355483
v 0.408809 0.129302 0.216431
v 0.390564 0.139805 0.206456
v -0.049615 -0.005064 0.388516
v -0.027409 0.159684 0.288481
v -0.251121 0.039553 0.287083
v -0.247403 0.053359 0.280518
v -0.260802 0.045380 0.265781
v 0.223378 0.654192 0.264688
v 0.176721 0.675161 0.266938
v 0.420492 0.041977 0.170491
v 0.423686 0.054040 0.181089
v -0.206056 -0.005064 0.381293
v 0.291925 0.637951 0.259660
v 0.366534 0.590584 0.266477
v -0.068734 -0.005064 0.389596
v -0.093473 0.056030 0.347475
v -0.092792 0.052164 0.314364
v -0.033087 0.175564 0.290451
v -0.049139 0.162170 0.288880
v -0.253200 0.069706 0.267984
v -0.160867 0.093063 0.264717
v -0.159255 0.107535 0.258331
v -0.173238 0.094696 0.258799
v 0.024976 0.268678 0.287900
v 0.021106 0.245938 0.292271
v -0.112359 0.059162 0.282486
v -0.106656 0.076268 0.284416
v 0.014523 0.223777 0.286489
v -0.007257 0.193135 0.289680
v -0.167266 0.041358 0.336875
v -0.114645 0.133003 0.268793
v -0.133136 0.131386 0.262250
v -0.123167 0.119984 0.267787
v -0.231280 0.068431 0.280125
v -0.213305 0.054595 0.297788
v -0.157735 0.132112 0.262988
v -0.063736 0.151237 0.287547
v -0.053826 0.168864 0.281561
v -0.068270 0.161355 0.277307
v 0.121464 0.294963 0.253906
v -0.007762 0.139222 0.263578
v 0.012606 0.170188 0.265163
v -0.180727 0.113064 0.263515
v -0.030388 -0.005064 0.280081
v 0.375602 0.173609 0.218831
v -0.092947 0.130113 0.279691
v -0.080877 0.145046 0.279923
v -0.099058 0.142457 0.270269
v 0.170084 0.505742 0.273436
v 0.025739 0.214342 0.262938
v 0.024967 0.226979 0.272821
v -0.065543 0.081370 0.267899
v -0.061414 0.067399 0.248732
v 0.019904 0.410760 0.285625
v -0.038381 0.404784 0.304375
v -0.006231 0.361325 0.296572
v -0.084572 -0.005064 0.403309
v 0.031783 0.246089 0.286815
v -0.093214 0.314011 0.317939
v -0.123734 0.277718 0.312970
v -0.054137 0.253405 0.299853
v -0.103592 0.130880 0.272624
v -0.039583 0.174953 0.282505
v -0.043400 0.186094 0.280541
v -0.016874 0.201770 0.291088
v 0.000058 0.223082 0.292896
v -0.020773 0.222810 0.288700
v -0.060313 0.355886 0.314588
v -0.020067 0.328834 0.302387
v -0.000852 0.254654 0.291195
v -0.075634 0.444677 0.307915
v -0.095001 0.402818 0.318747
v -0.147927 0.318720 0.325530
v -0.188820 0.294016 0.323785
v 0.099922 0.840684 0.168507
v 0.092398 0.808307 0.193398
v -0.013861 0.291627 0.297925
v 0.012817 0.318475 0.288700
v -0.118044 0.212522 0.290914
v -0.007921 0.476870 0.289931
v -0.030929 0.446910 0.298399
v -0.073952 0.042084 0.267347
v -0.077284 0.052221 0.260562
v -0.247055 0.032527 0.297564
v -0.267061 0.025110 0.285216
v 0.126494 0.263643 0.240632
v 0.044016 0.187103 0.253802
v 0.056887 0.215317 0.253754
v 0.046840 0.259696 0.279347
v -0.132961 0.360711 0.327163
v -0.166098 0.052325 0.301280
v 0.013654 0.283427 0.286733
v 0.089496 0.573530 0.284056
v 0.152106 0.582539 0.278987
v 0.080868 0.617421 0.287282
v -0.128122 0.155204 0.271484
v -0.090483 0.166824 0.275938
v -0.191932 0.059676 0.291536
v -0.159414 0.256584 0.308973
v -0.176314 0.224668 0.297457
v -0.055470 0.100303 0.271663
v -0.126457 0.052265 0.296010
v -0.209057 0.253316 0.310049
v -0.226724 0.209449 0.290547
v 0.047978 0.246517 0.269445
v 0.040648 0.229468 0.260828
v -0.045541 0.310751 0.308738
v 0.427507 0.075025 0.199186
v -0.074383 0.129483 0.285774
v 0.269439 0.513120 0.276384
v -0.182613 0.173341 0.276677
v -0.149773 -0.005064 0.397215
v -0.163050 0.032252 0.374590
v 0.228338 0.689089 0.253118
v 0.072620 0.269841 0.269748
v -0.180075 0.081428 0.263546
v -0.166220 0.080351 0.259215
v 0.207823 0.881370 0.077818
v 0.191671 0.874396 0.100912
v 0.178218 0.729430 0.239295
v 0.056100 0.661446 0.285093
v 0.268867 0.750982 0.203095
v -0.124431 0.066522 0.277977
v -0.029148 0.194381 0.284661
v 0.029503 0.240865 0.279473
v -0.031602 -0.005064 0.387364
v -0.063429 0.494561 0.296786
v 0.066789 0.689725 0.275854
v 0.010612 0.516624 0.286111
v -0.034695 0.531587 0.289151
v 0.233029 0.735626 0.224924
v -0.190935 0.133737 0.266670
v 0.048199 0.589725 0.286605
v -0.224854 0.140045 0.261508
v -0.138078 0.061138 0.277143
v -0.140419 0.076903 0.275460
v -0.149242 0.068460 0.272262
v -0.004202 0.123627 0.200946
v -0.002419 0.571698 0.286411
v 0.018078 0.624641 0.287453
v -0.017625 -0.005064 0.359035
v -0.018407 -0.005064 0.381510
v -0.166746 0.059514 0.277825
v -0.159631 0.065663 0.265941
v -0.174965 0.065826 0.265872
v -0.039268 0.208387 0.287914
v 0.060498 0.528984 0.282399
v -0.030671 0.047708 0.371894
v -0.064915 0.192340 0.284092
v 0.081786 0.205131 0.239768
v -0.043339 0.052371 0.342691
v -0.034836 0.051146 0.360742
v -0.079619 0.050900 0.290883
v -0.056089 0.053281 0.367643
v -0.126562 0.035026 0.386875
v 0.220233 0.597966 0.271150
v -0.040031 0.044626 0.378082
v -0.117464 0.033491 0.399340
v -0.131613 -0.005064 0.406592
v 0.138701 0.306057 0.248537
v -0.061568 0.049010 0.316649
v 0.043928 0.465109 0.279996
v 0.116977 0.529254 0.277758
v 0.238219 0.625747 0.267265
v -0.069359 0.054888 0.337874
v -0.094751 0.046626 0.381770
v 0.386054 0.525012 0.274364
v -0.179293 0.061674 0.282397
v 0.156306 0.895817 0.090805
v 0.167151 0.908398 0.054066
v -0.105773 0.037038 0.396751
v -0.094548 0.036445 0.397480
v -0.098371 -0.005064 0.407106
v 0.368833 0.465007 0.281747
v 0.390755 0.417921 0.280004
v -0.112617 -0.005064 0.411201
v -0.151727 0.057031 0.279111
v 0.410926 0.476175 0.272116
v -0.155884 0.081051 0.270877
v 0.369767 0.348013 0.277713
v 0.420753 0.302427 0.259809
v 0.417016 0.371309 0.271701
v 0.383767 0.305323 0.266446
v 0.095622 0.771443 0.218692
v 0.342899 0.237762 0.248013
v 0.413501 0.228314 0.245107
v 0.395671 0.196958 0.245921
v 0.436283 0.424449 0.265059
v 0.361964 0.215349 0.245697
v 0.219805 0.345339 0.262361
v -0.620907 0.350311 0.095947
v -0.669093 0.322042 0.074890
v -0.623725 0.319626 0.099680
v -0.409063 0.179405 0.238795
v -0.420759 0.162842 0.217361
v -0.380149 0.154780 0.242682
v -0.576483 0.245479 0.102958
v -0.567241 0.267249 0.109805
v -0.589368 0.266513 0.088254
v -0.615538 0.277976 0.086317
v -0.618154 0.257580 0.075733
v -0.652821 0.288725 0.077173
v -0.451174 0.203522 0.227576
v -0.479412 0.244253 0.225107
v -0.489558 0.221764 0.199908
v -0.540622 0.281761 0.146638
v -0.555369 0.301599 0.150739
v -0.560560 0.291154 0.136017
v -0.575273 0.303088 0.135781
v -0.582932 0.288119 0.114836
v -0.477597 0.190742 0.190376
v -0.430878 0.157506 0.114107
v -0.644191 0.261344 0.072655
v -0.552983 0.254223 0.131841
v -0.541157 0.250717 0.143189
v -0.530216 0.240322 0.150174
v -0.535309 0.259473 0.144994
v -0.513691 0.251030 0.159240
v -0.507834 0.236764 0.172030
v -0.505737 0.218975 0.171983
v -0.532597 0.287807 0.168366
v -0.521808 0.268175 0.158323
v -0.611083 0.233546 0.084356
v -0.629515 0.235281 0.071301
v -0.626927 0.229516 0.074203
v -0.593446 0.314548 0.123303
v -0.613353 0.298845 0.099261
v -0.552451 0.234817 0.130423
v -0.526398 0.220266 0.146215
v -0.380429 0.177938 0.253233
v -0.414238 0.202201 0.254110
v -0.590460 0.232979 0.094095
v -0.510385 0.258192 0.187405
v -0.603133 0.248022 0.080258
v -0.603904 0.239952 0.088615
v -0.663969 0.357840 0.064979
v -0.556103 0.273721 0.130591
v -0.370426 0.125558 0.215777
v -0.327402 0.132758 0.255995
v -0.337638 0.156394 0.263113
v -0.313017 0.155374 0.268973
v -0.323735 0.173497 0.269638
v -0.312313 0.103408 0.238192
v -0.287193 0.153307 0.263114
v -0.295004 0.139223 0.256455
v -0.276902 0.140148 0.256390
v -0.280568 0.120798 0.248830
v -0.257330 0.138955 0.249494
v -0.355632 0.156583 0.256152
v -0.349817 0.178147 0.262160
v -0.305986 0.144156 0.261582
v -0.269600 0.150855 0.258752
v -0.268677 0.164347 0.265567
v -0.283032 0.099939 0.244283
v -0.253977 0.154909 0.257443
v -0.506278 0.206212 0.168348
v -0.268243 0.066716 0.250940
v -0.253200 0.069706 0.267984
v -0.262857 0.091596 0.252597
v -0.240800 0.091875 0.264465
v -0.227907 0.110369 0.262266
v -0.248220 0.116422 0.254949
v -0.308457 0.042409 0.196831
v -0.302280 0.062744 0.216997
v -0.315356 0.050534 0.192297
v -0.282163 -0.005064 0.307631
v -0.267061 0.025110 0.285216
v -0.285457 0.014102 0.280548
v -0.310376 -0.005064 0.271697
v -0.295833 0.016279 0.257098
v -0.330500 -0.005064 0.241244
v -0.260802 0.045380 0.265781
v -0.281126 0.031013 0.254823
v -0.339982 0.037658 0.146705
v -0.377598 0.090842 0.160739
v -0.312257 0.083135 0.225288
v -0.287380 0.081493 0.239731
v -0.319546 0.074577 0.209124
v -0.338424 0.091061 0.210212
v -0.329009 0.065118 0.187200
v -0.356908 -0.005064 0.133737
v -0.337950 0.010588 0.145997
v -0.347895 -0.005064 0.120243
v -0.284923 0.064305 0.240547
v -0.318922 0.013147 0.225915
v -0.298056 0.020070 0.235997
v -0.309723 0.021894 0.213121
v -0.292889 0.029696 0.225032
v -0.284587 0.048075 0.242298
v -0.346920 -0.005064 0.214719
v -0.296375 0.041420 0.213944
v -0.332332 -0.005064 0.201118
v -0.321454 0.014866 0.191296
v -0.308836 0.024407 0.185123
v -0.318217 0.043504 0.178739
v -0.340433 -0.005064 0.174272
v -0.353343 -0.005064 0.150570
v -0.323852 0.016146 0.159348
v -0.224854 0.140045 0.261508
v -0.555828 0.254050 0.013840
v -0.360339 0.221145 0.013840
v -0.095170 0.236630 0.013840
v 0.171934 0.230982 0.013840
v 0.356777 0.247920 0.013840
v 0.545492 0.304373 0.013840
v 0.736738 0.273365 0.013840
v 1.013961 0.301808 0.013840
v 1.157122 0.412764 0.013840
v 1.184578 0.484298 -0.018947
v -0.767902 0.592207 -0.054856
v -0.736122 0.606711 -0.028571
v -0.784553 0.626296 -0.017891
v -0.838739 0.585680 -0.059603
v -0.807317 0.604255 -0.046047
v -0.842328 0.605276 -0.033932
v -0.803257 0.582093 -0.068605
v -0.827466 0.622668 -0.019293
v -0.878573 0.588842 -0.034321
v 0.167151 0.908398 -0.026386
v 0.126102 0.912774 -0.036576
v -0.025558 0.901400 -0.035303
v 0.035412 0.914199 -0.019728
v 0.212437 0.893067 -0.020608
v 0.098546 0.904851 -0.059717
v 0.083109 0.915969 -0.027766
v 0.043885 0.906197 -0.045608
v 0.010801 0.893711 -0.067216
v -0.550041 0.631022 -0.031139
v -0.518498 0.657319 -0.041481
v -0.502968 0.699156 -0.025956
v -0.468049 0.731658 -0.040360
v 0.725014 0.372290 -0.151591
v 0.748004 0.366143 -0.155750
v 0.765054 0.379514 -0.164110
v 0.894559 0.312524 -0.087217
v 0.828040 0.292412 -0.060157
v 0.932417 0.310747 -0.076797
v 0.853830 0.344757 -0.156297
v 0.858583 0.325811 -0.120964
v 0.883130 0.336524 -0.134887
v 0.722122 0.330570 -0.122662
v 0.777182 0.343417 -0.150135
v 0.746889 0.345848 -0.142342
v 0.771497 0.361479 -0.163864
v 0.769266 0.312638 -0.103213
v 0.820242 0.329239 -0.131489
v 0.729486 0.360125 -0.144124
v 0.750905 0.354777 -0.151587
v 0.801864 0.365910 -0.169749
v 1.004488 0.310328 -0.036116
v 0.965146 0.309505 -0.060940
v 0.820595 0.348779 -0.161820
v 0.727725 0.349340 -0.139982
v 0.690936 0.353744 -0.134260
v 0.685526 0.328244 -0.118992
v -0.432501 0.745432 -0.064338
v -0.391587 0.769227 -0.068410
v -0.424068 0.764026 -0.036227
v -0.364107 0.794499 -0.032649
v -0.110967 0.869096 -0.079605
v -0.050766 0.877138 -0.085264
v -0.103142 0.882723 -0.044708
v -0.163010 0.863375 -0.051365
v -0.135649 0.867302 -0.064316
v -0.310579 0.812999 -0.028456
v -0.158660 0.853317 -0.087364
v -0.216154 0.841370 -0.061864
v -0.226604 0.842931 -0.028463
v -0.266316 0.826560 -0.037707
v -0.194357 0.854254 -0.032134
v -0.310372 0.807639 -0.052804
v -0.272291 0.813871 -0.076801
v -0.075200 0.894442 -0.019604
v -0.025558 0.901400 -0.035303
v -0.468049 0.731658 -0.040360
v 0.659359 0.328400 -0.122160
v 0.667764 0.317082 -0.114643
v 0.685526 0.328244 -0.118992
v 0.654827 0.248187 -0.033004
v 0.737912 0.265755 -0.074145
v 0.755001 0.273676 -0.039143
v 0.636169 0.279758 -0.087580
v 0.828040 0.292412 -0.060157
v 0.679769 0.312084 -0.107221
v 0.769266 0.312638 -0.103213
v 0.722122 0.330570 -0.122662
v 0.690936 0.353744 -0.134260
v 0.987277 0.560328 -0.152341
v 1.004771 0.581102 -0.135100
v 0.968833 0.590854 -0.148819
v 1.051608 0.557641 -0.118216
v 1.121264 0.546905 -0.090310
v 1.088229 0.566774 -0.087693
v 1.091758 0.532860 -0.114194
v 1.129816 0.531150 -0.093856
v 0.973256 0.632547 -0.096643
v 0.948936 0.658320 -0.073047
v 0.922293 0.654635 -0.099774
v 0.931093 0.581513 -0.157228
v 1.130939 0.513506 -0.097622
v 0.984211 0.607262 -0.125256
v 0.934684 0.608082 -0.147423
v 0.934362 0.631915 -0.127055
v 1.036358 0.579424 -0.107616
v 0.894420 0.625177 -0.148199
v 1.022499 0.601346 -0.090725
v 1.058109 0.582824 -0.086651
v 0.881813 0.648394 -0.128063
v 0.866384 0.634602 -0.148970
v 1.037380 0.540911 -0.134145
v 0.910230 0.670471 -0.075126
v 0.896135 0.600171 -0.160126
v 0.879597 0.686841 -0.053766
v 0.874077 0.672461 -0.091694
v -0.729957 0.587222 -0.054199
v -0.736122 0.606711 -0.028571
v -0.767902 0.592207 -0.054856
v -0.838739 0.585680 -0.059603
v -0.833409 0.558216 -0.084112
v -0.803257 0.582093 -0.068605
v -0.730954 0.554698 -0.084304
v -0.771830 0.536208 -0.086880
v -0.729091 0.528447 -0.088114
v -0.783729 0.567341 -0.076808
v -0.795360 0.548390 -0.086534
v -0.783271 0.508548 -0.087682
v -0.760414 0.473713 -0.076657
v -0.724991 0.500389 -0.085350
v -0.693002 0.545067 -0.089935
v -0.747804 0.570342 -0.072961
v -0.765553 0.555253 -0.081790
v -0.692304 0.565321 -0.085120
v -0.711121 0.576450 -0.071088
v -0.690201 0.596961 -0.042379
v -0.823943 0.527393 -0.090492
v -0.666613 0.583617 -0.073384
v -0.760414 0.473713 -0.076657
v -0.682619 0.473918 -0.077325
v -0.724991 0.500389 -0.085350
v -0.703268 0.431126 -0.051136
v -0.738886 0.421899 -0.033654
v -0.703177 0.413053 -0.025199
v -0.647068 0.450416 -0.069925
v -0.672206 0.441984 -0.062797
v -0.708881 0.319711 -0.024988
v -0.688235 0.338066 -0.029749
v -0.669093 0.322042 -0.047210
v -0.710047 0.453187 -0.066312
v -0.663969 0.357840 -0.037299
v -0.645568 0.431541 -0.059128
v -0.669659 0.420650 -0.045237
v -0.654465 0.385693 -0.034191
v -0.675151 0.401652 -0.023211
v -0.740363 0.443644 -0.060739
v -0.630256 0.416013 -0.052224
v -0.310579 0.812999 -0.028456
v -0.194357 0.854254 -0.032134
v 0.401909 0.746013 -0.136369
v 0.421585 0.764864 -0.092606
v 0.327094 0.799358 -0.091594
v 0.336986 0.821039 -0.044986
v 0.375838 0.796461 -0.064081
v 0.331008 0.763220 -0.140758
v 0.277722 0.800458 -0.119155
v 0.271211 0.776229 -0.150286
v 0.462719 0.781490 -0.027779
v 0.431038 0.789824 -0.037933
v 0.167151 0.908398 -0.026386
v 0.207823 0.881370 -0.050137
v 0.212437 0.893067 -0.020608
v 0.218033 0.822840 -0.123110
v 0.415391 0.785477 -0.055726
v 0.391194 0.806711 -0.035327
v 0.271525 0.849544 -0.048959
v 0.378806 0.718834 -0.173105
v 0.268425 0.867549 -0.024538
v 0.240864 0.875362 -0.031013
v 0.318497 0.737939 -0.171849
v 0.268867 0.750982 -0.175415
v 0.288684 0.722904 -0.192203
v 0.307435 0.848981 -0.024841
v 0.477827 0.741521 -0.094500
v 0.482023 0.720618 -0.135524
v 0.233029 0.735626 -0.197244
v 0.236659 0.841707 -0.088211
v 0.462505 0.765035 -0.060032
v 0.503054 0.762768 -0.034013
v 0.314691 0.670411 -0.217266
v 0.335476 0.698804 -0.196842
v 0.283589 0.700511 -0.208355
v 0.352654 0.830985 -0.020407
v 0.291925 0.637951 -0.231980
v 0.228338 0.689089 -0.225438
v -0.966940 0.507544 -0.019973
v -0.965540 0.527946 -0.020176
v -0.905899 0.564750 -0.052457
v -0.926110 0.589849 -0.020325
v -0.934482 0.557187 -0.042773
v -0.955667 0.506967 -0.038134
v -0.953628 0.557704 -0.020096
v -0.959332 0.483228 -0.039296
v -0.970779 0.493390 -0.026073
v -0.788806 0.419770 -0.033144
v -0.738886 0.421899 -0.033654
v -0.829806 0.418226 -0.030596
v -0.868968 0.415917 -0.021491
v -0.948331 0.531261 -0.042117
v -0.907856 0.521960 -0.072688
v -0.887345 0.546552 -0.074874
v -0.923336 0.539073 -0.060773
v -0.829158 0.436439 -0.049044
v -0.878573 0.588842 -0.034321
v -0.934489 0.514826 -0.058361
v -0.920720 0.506142 -0.065848
v -0.941243 0.464409 -0.040258
v -0.933010 0.491548 -0.057780
v -0.900373 0.503434 -0.075269
v -0.930725 0.443031 -0.020144
v -0.786421 0.446649 -0.059156
v -0.761114 0.434175 -0.051077
v -0.864844 0.443453 -0.047933
v -0.835909 0.461012 -0.065896
v -0.883720 0.455436 -0.057559
v -0.831444 0.488010 -0.081973
v -0.889156 0.477387 -0.067547
v -0.827864 0.506905 -0.087643
v -0.860867 0.503815 -0.084637
v -0.867833 0.568537 -0.064433
v -0.897043 0.440005 -0.032909
v -0.760414 0.473713 -0.076657
v -0.783271 0.508548 -0.087682
v -0.870960 0.526832 -0.085160
v -0.911153 0.454721 -0.046577
v -0.740363 0.443644 -0.060739
v -0.823943 0.527393 -0.090492
v -0.838739 0.585680 -0.059603
v -0.833409 0.558216 -0.084112
v -0.687853 0.235573 -0.032315
v -0.708113 0.240290 -0.030139
v -0.695237 0.235465 -0.037717
v -0.685406 0.292702 -0.040197
v -0.702665 0.300975 -0.032862
v -0.710759 0.282974 -0.030134
v -0.697779 0.211575 -0.018598
v -0.725879 0.219353 -0.031883
v -0.697079 0.228009 -0.040321
v -0.664483 0.235533 -0.034334
v -0.667264 0.233969 -0.041307
v -0.695624 0.271094 -0.034170
v -0.717062 0.253238 -0.023774
v -0.680101 0.256630 -0.034375
v -0.721154 0.232852 -0.031779
v -0.646945 0.224295 -0.040516
v -0.626927 0.229516 -0.046523
v -0.653152 0.230271 -0.043848
v -0.680287 0.242363 -0.031015
v -0.661765 0.247798 -0.034943
v -0.621448 0.245630 -0.043388
v -0.618154 0.257580 -0.048052
v -0.639079 0.246699 -0.040403
v -0.708881 0.319711 -0.024988
v -0.629515 0.235281 -0.043621
v -0.644191 0.261344 -0.044975
v -0.669093 0.322042 -0.047210
v -0.652821 0.288725 -0.049492
v -0.603133 0.248022 -0.052577
v -0.721398 0.265233 -0.039549
v 1.038461 0.488144 -0.135324
v 1.118223 0.479394 -0.101710
v 1.088345 0.506760 -0.118271
v 0.993998 0.396384 -0.121609
v 1.019705 0.394046 -0.113622
v 1.012969 0.413141 -0.116752
v 1.135463 0.425605 -0.068232
v 1.150374 0.439823 -0.074549
v 1.127069 0.436648 -0.078963
v 0.765130 0.445443 -0.187781
v 0.814703 0.425726 -0.180253
v 0.813064 0.469781 -0.192147
v 0.917427 0.505102 -0.174076
v 0.855470 0.535275 -0.185197
v 0.858511 0.493668 -0.187950
v 0.953474 0.335806 -0.106290
v 0.964608 0.353260 -0.114595
v 0.944770 0.355331 -0.124792
v 0.965959 0.370769 -0.124794
v 0.932625 0.369325 -0.135192
v 0.900078 0.369646 -0.148892
v 0.916339 0.342975 -0.127192
v 1.130939 0.513506 -0.097622
v 1.091758 0.532860 -0.114194
v 0.765668 0.408340 -0.175378
v 0.803968 0.391729 -0.170059
v 0.856727 0.453371 -0.182382
v 0.896627 0.470154 -0.175986
v 0.904079 0.386738 -0.150190
v 0.887458 0.394117 -0.153857
v 0.879013 0.382468 -0.159139
v 0.996781 0.368634 -0.109232
v 0.987306 0.356862 -0.107401
v 1.025740 0.346846 -0.081445
v 0.944707 0.460137 -0.157740
v 0.972579 0.521119 -0.159861
v 0.974367 0.487599 -0.155567
v 0.952200 0.398561 -0.135629
v 0.927750 0.396540 -0.142336
v 0.945624 0.383524 -0.135715
v 0.871159 0.401069 -0.161824
v 0.852339 0.382971 -0.164260
v 1.108548 0.398591 -0.072811
v 1.086193 0.394762 -0.085547
v 1.101807 0.375403 -0.059027
v 1.141095 0.455505 -0.083478
v 1.116243 0.445872 -0.095233
v 0.987277 0.560328 -0.152341
v 1.014604 0.527991 -0.145406
v 1.037380 0.540911 -0.134145
v 0.972016 0.389429 -0.131268
v 0.965146 0.309505 -0.060940
v 0.932417 0.310747 -0.076797
v 0.974653 0.408253 -0.127398
v 0.983082 0.336527 -0.089966
v 0.995454 0.381778 -0.120617
v 1.004488 0.310328 -0.036116
v 1.052611 0.321981 -0.028323
v 1.025266 0.376337 -0.104320
v 1.053417 0.392072 -0.102200
v 0.806202 0.510927 -0.196521
v 0.759418 0.486475 -0.196369
v 1.061456 0.370488 -0.081353
v 1.073437 0.346238 -0.048472
v 0.765054 0.379514 -0.164110
v 0.801864 0.365910 -0.169749
v 0.828659 0.378221 -0.169529
v 1.074561 0.404706 -0.101154
v 1.060447 0.408018 -0.106099
v 0.855905 0.422342 -0.173329
v 0.836178 0.398707 -0.169653
v 1.105317 0.408928 -0.084984
v 0.820595 0.348779 -0.161820
v 0.837859 0.362999 -0.168002
v 1.119385 0.417681 -0.074121
v 1.125770 0.403787 -0.060538
v 1.078121 0.421010 -0.106878
v 1.093409 0.413570 -0.095627
v 1.094513 0.431013 -0.100350
v 1.152769 0.419227 -0.055124
v 0.942242 0.417573 -0.143855
v 0.983541 0.432048 -0.136974
v 1.170171 0.449306 -0.070104
v 1.029325 0.442757 -0.126074
v 0.863588 0.367849 -0.160559
v 1.074799 0.445533 -0.111379
v 1.049318 0.422724 -0.109044
v 0.894559 0.312524 -0.087217
v 0.917384 0.550066 -0.168615
v 1.041115 0.405099 -0.111211
v 1.163666 0.472286 -0.075658
v 1.158871 0.454840 -0.076379
v 0.885148 0.353833 -0.148854
v 1.188455 0.487850 -0.066207
v 1.168729 0.505167 -0.079589
v 1.157563 0.401051 -0.020919
v 1.131902 0.379274 -0.035497
v 1.182693 0.465937 -0.063541
v 0.895140 0.434645 -0.166866
v 1.176757 0.439460 -0.049547
v 1.108801 0.347993 -0.019122
v 1.192172 0.465811 -0.047679
v 0.923565 0.380658 -0.144679
v 0.846146 0.617367 -0.167831
v 0.894420 0.625177 -0.148199
v 0.866384 0.634602 -0.148970
v 1.177170 0.433991 -0.025143
v 0.844440 0.372457 -0.167777
v 0.993624 0.461102 -0.143100
v 0.904441 0.404188 -0.153829
v 1.107742 0.427798 -0.087993
v 0.870394 0.565343 -0.174499
v 0.866102 0.586275 -0.171570
v 0.823774 0.577177 -0.183637
v 0.893639 0.576431 -0.165437
v 0.896135 0.600171 -0.160126
v 0.853830 0.344757 -0.156297
v 0.798448 0.546754 -0.194304
v 0.931093 0.581513 -0.157228
v 1.050766 0.519890 -0.131535
v 0.883130 0.336524 -0.134887
v 0.723505 0.393107 -0.164590
v 0.725014 0.372290 -0.151591
v 0.847620 0.693588 -0.050442
v 0.879597 0.686841 -0.053766
v 0.846773 0.697222 -0.031585
v 0.672730 0.574148 -0.187201
v 0.711836 0.583548 -0.184278
v 0.681672 0.604230 -0.177887
v 0.557240 0.683602 -0.150306
v 0.570026 0.697218 -0.114958
v 0.535866 0.703837 -0.124773
v 0.776693 0.700274 -0.070665
v 0.809162 0.688965 -0.082157
v 0.816511 0.698409 -0.052093
v 0.769154 0.712851 -0.042882
v 0.482023 0.720618 -0.135524
v 0.449015 0.709044 -0.168917
v 0.504902 0.691278 -0.167612
v 0.553432 0.608414 -0.203900
v 0.598768 0.601216 -0.192408
v 0.593126 0.624289 -0.186658
v 0.510902 0.720343 -0.109753
v 0.477827 0.741521 -0.094500
v 0.835716 0.644887 -0.143456
v 0.846146 0.617367 -0.167831
v 0.866384 0.634602 -0.148970
v 0.688053 0.536800 -0.193394
v 0.716255 0.559120 -0.192396
v 0.635017 0.603964 -0.184228
v 0.640764 0.629532 -0.174009
v 0.436283 0.424449 -0.237379
v 0.457851 0.484288 -0.229122
v 0.410926 0.476175 -0.244436
v 0.646095 0.549235 -0.190191
v 0.569192 0.722720 -0.047137
v 0.604492 0.719541 -0.040659
v 0.574636 0.734050 -0.033385
v 0.641100 0.508221 -0.188759
v 0.881813 0.648394 -0.128063
v 0.569911 0.483188 -0.190708
v 0.604885 0.543969 -0.192794
v 0.660700 0.472276 -0.187571
v 0.701721 0.500054 -0.195484
v 0.539340 0.757480 -0.019469
v 0.401909 0.746013 -0.136369
v 0.775715 0.711403 -0.022026
v 0.747106 0.716626 -0.021894
v 0.386054 0.525012 -0.246684
v 0.446391 0.570395 -0.233521
v 0.366534 0.590584 -0.238797
v 0.720990 0.707213 -0.072491
v 0.762275 0.685013 -0.106327
v 0.560705 0.541179 -0.202221
v 0.593837 0.735998 -0.029197
v 0.543548 0.742730 -0.038015
v 0.503054 0.762768 -0.034013
v 0.517963 0.734143 -0.070304
v 0.572580 0.746276 -0.022578
v 0.624914 0.575952 -0.190368
v 0.619923 0.468555 -0.185813
v 0.602451 0.424354 -0.180789
v 0.651536 0.711095 -0.061341
v 0.689469 0.716694 -0.051127
v 0.663188 0.723210 -0.039427
v 0.674420 0.444551 -0.182438
v 0.712092 0.462115 -0.189993
v 0.835701 0.678860 -0.094953
v 0.805476 0.677390 -0.107617
v 0.838264 0.664735 -0.118733
v 0.427243 0.688601 -0.192800
v 0.406029 0.666137 -0.211266
v 0.454993 0.662244 -0.208160
v 0.621319 0.734297 -0.019994
v 0.639418 0.731694 -0.025813
v 0.727450 0.720074 -0.040482
v 0.432171 0.618001 -0.228359
v 0.494276 0.610599 -0.219353
v 0.466760 0.637810 -0.217124
v 0.588998 0.710491 -0.060366
v 0.610935 0.699804 -0.087598
v 0.613680 0.709253 -0.061722
v 0.436081 0.518916 -0.236490
v 0.602934 0.739133 -0.019239
v 0.371617 0.642602 -0.223974
v 0.707858 0.685056 -0.114614
v 0.664417 0.725909 -0.018770
v 0.696733 0.723586 -0.036141
v 0.520656 0.568643 -0.216380
v 0.598231 0.654961 -0.168231
v 0.579143 0.577071 -0.199447
v 0.663234 0.650460 -0.160105
v 0.696237 0.634534 -0.166563
v 0.561754 0.711933 -0.073893
v 0.537960 0.712097 -0.102040
v 0.752199 0.637888 -0.163692
v 0.784465 0.610477 -0.176687
v 0.799860 0.635737 -0.158824
v 0.711411 0.423998 -0.177395
v 0.660428 0.692314 -0.103387
v 0.690936 0.353744 -0.134260
v 0.725014 0.372290 -0.151591
v 0.693621 0.378095 -0.151803
v 0.475387 0.535068 -0.225766
v 0.798448 0.546754 -0.194304
v 0.760185 0.574128 -0.190858
v 0.747414 0.530414 -0.199082
v 0.823774 0.577177 -0.183637
v 0.686657 0.397972 -0.163691
v 0.723505 0.393107 -0.164590
v 0.654294 0.671232 -0.142090
v 0.615867 0.684107 -0.126307
v 0.609332 0.670764 -0.150436
v 0.765668 0.408340 -0.175378
v 0.806202 0.510927 -0.196521
v 0.522717 0.645395 -0.199852
v 0.482744 0.679398 -0.190170
v 0.635630 0.725047 -0.039792
v 0.759418 0.486475 -0.196369
v 0.806410 0.707238 -0.024326
v 0.786730 0.660925 -0.136490
v 0.653610 0.415871 -0.172432
v 0.427115 0.645476 -0.219851
v 0.638534 0.445358 -0.181447
v 0.844303 0.688258 -0.070304
v 0.378806 0.718834 -0.173105
v 0.765130 0.445443 -0.187781
v 0.503091 0.441760 -0.208228
v 0.383197 0.687773 -0.197170
v 0.362652 0.671607 -0.209900
v 0.617511 0.731422 -0.029214
v 0.510586 0.510431 -0.211302
v 0.555695 0.419281 -0.189307
v 0.727895 0.609230 -0.175600
v 0.710218 0.716510 -0.049531
v 0.535018 0.669187 -0.177446
v 0.335476 0.698804 -0.196842
v 0.314691 0.670411 -0.217266
v 0.716144 0.663788 -0.144079
v 0.652321 0.379383 -0.156753
v 0.291925 0.637951 -0.231980
v 0.544704 0.727355 -0.055483
v 0.462505 0.765035 -0.060032
v 0.874077 0.672461 -0.091694
v 0.622652 0.395435 -0.170113
v 0.583730 0.366869 -0.173531
v 1.076484 0.588065 -0.029413
v 1.092199 0.568747 -0.021145
v 1.174583 0.510332 -0.028870
v 1.003917 0.621603 -0.073726
v 1.030202 0.608031 -0.064931
v 1.004980 0.626289 -0.052196
v 0.965100 0.656918 -0.045168
v 0.936957 0.671857 -0.027279
v 0.924746 0.676441 -0.048943
v 0.879597 0.686841 -0.053766
v 0.880838 0.688341 -0.027702
v 0.846773 0.697222 -0.031585
v 1.110915 0.580112 -0.043614
v 1.022499 0.601346 -0.090725
v 0.973256 0.632547 -0.096643
v 1.115011 0.554041 -0.022582
v 0.917408 0.679503 -0.032442
v 0.998758 0.632009 -0.030757
v 0.965807 0.653652 -0.020202
v 1.058109 0.582824 -0.086651
v 1.077076 0.584636 -0.068935
v 1.051187 0.592251 -0.075109
v 1.022729 0.615099 -0.024529
v 1.032596 0.611133 -0.043739
v 1.053086 0.600822 -0.033793
v 1.142514 0.543184 -0.031184
v 1.124771 0.561662 -0.037186
v 1.144545 0.569671 -0.053859
v 1.174037 0.535245 -0.044324
v 1.155292 0.519626 -0.022730
v 1.184578 0.484298 -0.018947
v 1.200303 0.489127 -0.044411
v 0.902229 0.683155 -0.037037
v 1.192102 0.532701 -0.045299
v 1.199420 0.514920 -0.044976
v 1.054107 0.598195 -0.059321
v 1.062538 0.595738 -0.050941
v 1.086959 0.589742 -0.049119
v 0.910230 0.670471 -0.075126
v 0.948936 0.658320 -0.073047
v 1.169190 0.553634 -0.049908
v 1.112156 0.575265 -0.064360
v 1.088229 0.566774 -0.087693
v 0.981387 0.640010 -0.067733
v 1.132404 0.561394 -0.074150
v 0.906796 0.679948 -0.020348
v 1.052611 0.321981 -0.028323
v 1.093412 0.587089 -0.041022
v 1.004488 0.310328 -0.036116
v 1.184745 0.546530 -0.064056
v 1.159126 0.553154 -0.073043
v 1.121264 0.546905 -0.090310
v 1.160625 0.532592 -0.079577
v 1.188149 0.524872 -0.066681
v 1.194815 0.508586 -0.064214
v 1.168729 0.505167 -0.079589
v 1.129816 0.531150 -0.093856
v 1.130939 0.513506 -0.097622
v 1.192172 0.465811 -0.047679
v 1.188455 0.487850 -0.066207
v 0.546521 0.100011 -0.179287
v 0.528771 0.118305 -0.180805
v 0.536544 0.086062 -0.195583
v 0.553429 0.058649 -0.215244
v 0.546949 0.047780 -0.225843
v 0.576569 0.038749 -0.242484
v 0.601560 0.067756 -0.215997
v 0.600674 0.076671 -0.206109
v 0.583395 0.081788 -0.192334
v 0.561686 0.075402 -0.194734
v 0.492813 0.103635 -0.202880
v 0.505552 0.084997 -0.204317
v 0.512317 0.102828 -0.197927
v 0.423449 -0.001758 -0.147901
v 0.434246 -0.001758 -0.188499
v 0.424908 0.138805 -0.203114
v 0.428625 0.113304 -0.193019
v 0.440575 0.106569 -0.200083
v 0.408809 0.129302 -0.188750
v 0.422096 0.102827 -0.184080
v 0.540940 0.116756 -0.171220
v 0.470299 0.146567 -0.194566
v 0.498010 0.155986 -0.179842
v 0.479207 0.179540 -0.185267
v 0.583912 0.065559 -0.211126
v 0.602402 0.048931 -0.232235
v 0.452083 0.083319 -0.204922
v 0.455570 0.104651 -0.206005
v 0.552396 0.034570 -0.234440
v 0.562621 0.026873 -0.245750
v 0.432090 0.045946 -0.171912
v 0.427507 0.075025 -0.171505
v 0.423686 0.054040 -0.153409
v 0.441982 0.065848 -0.192045
v 0.649277 0.024973 -0.204946
v 0.674058 -0.001758 -0.206284
v 0.657972 -0.001758 -0.182984
v 0.541403 0.027768 -0.236826
v 0.470894 0.051690 -0.216569
v 0.489706 0.050420 -0.224386
v 0.470185 0.074537 -0.214932
v 0.476205 0.091371 -0.208891
v 0.473479 0.112522 -0.202673
v 0.527012 0.070309 -0.212662
v 0.531303 0.043837 -0.221903
v 0.455032 -0.001758 -0.213685
v 0.457471 0.058659 -0.209325
v 0.573943 0.057344 -0.219812
v 0.490942 -0.001758 -0.229588
v 0.473207 -0.001758 -0.225552
v 0.690488 -0.001758 -0.225167
v 0.508056 0.065795 -0.208377
v 0.518710 -0.001758 -0.243955
v 0.508462 -0.001758 -0.233880
v 0.507548 0.049530 -0.217921
v 0.491977 0.071105 -0.215528
v 0.614210 0.069325 -0.209030
v 0.489041 0.087475 -0.203981
v 0.526473 0.028987 -0.238819
v 0.437629 0.090101 -0.192082
v 0.491110 0.126949 -0.194405
v 0.524020 0.035222 -0.228144
v 0.617285 -0.001758 -0.258920
v 0.673535 0.036109 -0.233188
v 0.666804 0.026230 -0.221017
v 0.420753 0.302427 -0.232129
v 0.413501 0.228314 -0.217426
v 0.440678 0.245108 -0.210603
v 0.443579 0.045962 -0.197017
v 0.467117 0.214908 -0.192765
v 0.437126 0.212286 -0.206570
v 0.439626 0.175797 -0.203594
v 0.395671 0.196958 -0.218240
v 0.629788 0.049467 -0.234472
v 0.625340 0.038806 -0.246598
v 0.451072 0.134192 -0.201236
v 0.648118 0.038679 -0.222866
v 0.375602 0.173609 -0.191150
v 0.402988 0.107515 -0.165432
v 0.451757 0.278083 -0.214124
v 0.510420 0.132625 -0.183759
v 0.538221 0.132491 -0.166772
v 0.523155 0.147674 -0.168151
v 0.533934 0.148724 -0.157372
v 0.420492 0.041977 -0.142811
v 0.496861 0.204871 -0.172777
v 0.530227 0.159977 -0.159540
v 0.521999 0.168978 -0.159677
v 0.536204 0.162470 -0.149725
v 0.532391 0.185112 -0.145364
v 0.660581 0.035412 -0.242282
v 0.591572 0.080370 -0.178053
v 0.590569 0.088511 -0.186825
v 0.599998 0.078220 -0.193656
v 0.556463 0.211295 -0.133342
v 0.541700 0.205201 -0.137597
v 0.552861 0.192023 -0.136966
v 0.542531 0.221143 -0.136020
v 0.627016 0.053105 -0.210622
v 0.526490 0.212939 -0.151671
v 0.508878 0.185947 -0.164142
v 0.605981 0.232165 -0.037469
v 0.603979 0.057055 -0.184443
v 0.627640 0.038380 -0.196445
v 0.623165 -0.001758 -0.149112
v 0.602530 -0.001758 -0.129618
v 0.610199 0.029389 -0.164896
v 0.479444 0.262973 -0.196995
v 0.417016 0.371309 -0.244021
v 0.468925 0.366709 -0.222385
v 0.544448 0.237988 -0.144135
v 0.436283 0.424449 -0.237379
v 0.594672 0.255176 -0.090517
v 0.636169 0.279758 -0.087580
v 0.555768 0.230143 -0.132003
v 0.564499 0.217420 -0.114573
v 0.569452 0.248496 -0.122251
v 0.514492 0.242461 -0.170057
v 0.478070 0.307380 -0.210137
v 0.654827 0.248187 -0.033004
v 0.503091 0.441760 -0.208228
v 0.529988 0.385639 -0.196464
v 0.558540 0.273753 -0.149599
v 0.650401 0.308509 -0.113846
v 0.625747 0.312765 -0.127870
v 0.627637 0.300506 -0.115022
v 0.599688 0.286665 -0.123251
v 0.583730 0.366869 -0.173531
v 0.563427 0.391922 -0.185470
v 0.589838 0.313717 -0.149730
v 0.667764 0.317082 -0.114643
v 0.659359 0.328400 -0.122160
v 0.633350 0.342467 -0.141566
v 0.532371 0.301372 -0.179899
v 0.520662 0.345822 -0.196179
v 0.556979 0.190627 -0.079562
v 0.561770 0.216945 -0.094089
v 0.576714 0.398510 -0.182665
v 0.602451 0.424354 -0.180789
v 0.679769 0.312084 -0.107221
v 0.566466 0.232597 -0.104847
v 0.652321 0.379383 -0.156753
v 0.690936 0.353744 -0.134260
v 0.632599 -0.001758 -0.178078
v 0.555695 0.419281 -0.189307
v 0.565791 0.191996 -0.123556
v 0.560446 0.182054 -0.096566
v 0.566466 -0.001758 -0.072047
v 0.559762 0.079906 -0.074686
v 0.571893 0.064122 -0.093946
v 0.564982 0.169105 -0.109062
v 0.560657 0.215581 -0.075971
v 0.591865 0.040125 -0.147984
v 0.566414 0.152046 -0.144773
v 0.571572 0.132823 -0.135292
v 0.570643 0.154751 -0.130842
v 0.579481 -0.001758 -0.102801
v 0.582379 0.092211 -0.164804
v 0.585419 0.067173 -0.149328
v 0.575456 0.105334 -0.146012
v 0.567689 0.168207 -0.121477
v 0.568868 0.132431 -0.105862
v 0.551668 -0.001758 -0.049378
v 0.576718 0.080150 -0.121404
v 0.557847 0.202746 -0.040154
v 0.571831 0.091898 -0.103488
v 0.542822 0.185568 -0.039437
v 0.574828 0.111934 -0.166247
v 0.548310 0.141946 -0.158932
v 0.560993 0.122419 -0.165904
v 0.561040 0.137175 -0.154908
v 0.560423 0.151101 -0.085218
v 0.551868 0.164464 -0.146873
v 0.561417 0.093299 -0.178150
v 0.551815 0.109437 -0.060314
v 0.575577 0.108435 -0.123651
v 0.552645 0.118680 -0.173317
v 0.565028 0.173983 -0.136385
v 0.584496 0.094710 -0.176811
v 0.580172 0.097716 -0.181786
v 0.571363 0.128911 -0.151998
v 0.554505 0.199898 -0.070034
v 0.568712 0.104784 -0.175207
v 0.572099 0.235258 -0.087388
v 0.578467 0.224739 -0.055275
v 0.541598 0.165896 -0.041799
v 0.550343 0.148679 -0.057398
v -0.105447 0.841104 -0.138837
v -0.138358 0.815702 -0.161432
v -0.069080 0.830055 -0.157376
v 0.024068 0.738525 -0.220376
v -0.030677 0.766451 -0.202946
v -0.026271 0.728334 -0.225875
v -0.257801 0.774401 -0.144843
v -0.230319 0.763625 -0.167757
v -0.220167 0.784233 -0.155386
v 0.056100 0.661446 -0.257413
v 0.014862 0.699255 -0.242604
v -0.019595 0.662649 -0.251913
v -0.028259 0.808651 -0.176111
v -0.022338 0.832132 -0.155509
v -0.107946 0.857230 -0.109869
v -0.158390 0.836065 -0.126198
v -0.276998 0.745478 -0.160762
v -0.249610 0.736851 -0.179372
v -0.061565 0.852827 -0.127331
v 0.029496 0.843081 -0.141395
v -0.026956 0.844632 -0.141378
v -0.074808 0.772735 -0.198746
v -0.072046 0.739962 -0.215156
v -0.380429 0.177938 -0.225553
v -0.373287 0.210671 -0.247835
v -0.414238 0.202201 -0.226430
v -0.349817 0.178147 -0.234480
v -0.224854 0.140045 -0.233827
v -0.182613 0.173341 -0.248996
v -0.241182 0.171847 -0.243174
v -0.226724 0.209449 -0.262866
v -0.326413 0.200571 -0.253092
v -0.330055 0.235700 -0.267913
v -0.275148 0.235931 -0.274386
v -0.286243 0.183334 -0.246678
v -0.371567 0.262703 -0.268357
v -0.395694 0.311522 -0.269199
v -0.423657 0.285762 -0.253103
v -0.345829 0.305675 -0.286011
v -0.376262 0.351523 -0.278061
v -0.304564 0.275400 -0.287713
v -0.324920 0.334483 -0.292822
v -0.319779 0.378250 -0.290088
v -0.271312 0.344454 -0.302250
v -0.299589 0.309799 -0.296179
v -0.268177 0.380904 -0.298176
v -0.250199 0.306814 -0.300516
v -0.200358 0.340295 -0.305166
v -0.188820 0.294016 -0.296105
v -0.282654 0.417551 -0.289477
v -0.329755 0.433052 -0.278381
v -0.147927 0.318720 -0.297849
v -0.132961 0.360711 -0.299482
v -0.242951 0.410738 -0.296221
v -0.228179 0.376726 -0.302908
v -0.184099 0.382311 -0.302955
v -0.241719 0.456640 -0.286955
v -0.289008 0.463845 -0.277907
v -0.200153 0.425458 -0.296701
v -0.197281 0.474427 -0.284642
v -0.215906 0.502442 -0.274687
v -0.158001 0.459021 -0.287660
v -0.149686 0.410509 -0.297382
v -0.165931 0.515423 -0.270559
v -0.147168 0.779620 -0.185865
v -0.090666 0.798086 -0.183684
v -0.118330 0.439070 -0.288811
v -0.113264 0.480970 -0.278009
v -0.075634 0.444677 -0.280234
v -0.063429 0.494561 -0.269105
v -0.110923 0.520250 -0.267193
v -0.083511 0.547095 -0.260846
v -0.058965 0.787391 -0.191570
v -0.244640 0.275967 -0.291851
v -0.417227 0.239572 -0.242320
v -0.034695 0.531587 -0.261471
v -0.054222 0.574019 -0.257410
v -0.190935 0.785638 -0.168578
v 0.092398 0.808307 -0.165718
v 0.035873 0.783195 -0.188098
v -0.002419 0.571698 -0.258730
v 0.053086 0.892556 -0.075876
v 0.043885 0.906197 -0.045608
v 0.010801 0.893711 -0.067216
v 0.077922 0.713502 -0.236058
v -0.016145 0.860378 -0.120223
v -0.253977 0.154909 -0.229763
v -0.209057 0.253316 -0.282368
v -0.092580 0.660501 -0.239345
v -0.046165 0.616412 -0.254410
v -0.268677 0.164347 -0.237887
v -0.053871 0.698654 -0.235973
v -0.110228 0.760639 -0.200613
v 0.099922 0.840684 -0.140826
v 0.091761 0.867840 -0.115162
v 0.125947 0.884271 -0.090563
v 0.098546 0.904851 -0.059717
v 0.086963 0.888943 -0.087394
v -0.208159 0.805803 -0.141517
v 0.018078 0.624641 -0.259773
v -0.199010 0.741697 -0.191525
v -0.095001 0.402818 -0.291067
v -0.147213 0.740510 -0.202344
v -0.111350 0.717733 -0.216816
v -0.160276 0.694486 -0.213747
v 0.078310 0.746637 -0.212887
v -0.183226 0.560557 -0.251645
v -0.219249 0.537041 -0.259954
v 0.156306 0.895817 -0.063125
v 0.167151 0.908398 -0.026386
v 0.126102 0.912774 -0.036576
v 0.058494 0.876166 -0.102992
v 0.016515 0.875893 -0.099561
v -0.050766 0.877138 -0.085264
v 0.095622 0.771443 -0.191011
v 0.066789 0.689725 -0.248173
v -0.211236 0.697189 -0.204903
v -0.201187 0.656764 -0.216199
v -0.174513 0.601821 -0.236406
v -0.104939 0.600114 -0.248931
v -0.149068 0.641372 -0.230787
v -0.252498 0.705566 -0.194455
v -0.135435 0.559125 -0.255720
v -0.313017 0.155374 -0.241292
v -0.323735 0.173497 -0.241957
v -0.287193 0.153307 -0.235434
v -0.286624 0.719668 -0.174267
v -0.235563 0.680784 -0.204998
v -0.317748 0.724482 -0.156668
v -0.217533 0.826395 -0.103225
v -0.158660 0.853317 -0.087364
v -0.216154 0.841370 -0.061864
v -0.567805 0.601942 -0.062007
v -0.552286 0.601435 -0.067344
v -0.561869 0.614426 -0.050897
v -0.590109 0.602492 -0.058632
v -0.576126 0.584868 -0.071692
v -0.590464 0.619081 -0.029756
v -0.550041 0.631022 -0.031139
v -0.564621 0.561544 -0.086329
v -0.553264 0.535053 -0.106027
v -0.523954 0.574974 -0.109409
v -0.527514 0.605517 -0.083499
v -0.535737 0.622587 -0.057806
v -0.599179 0.557662 -0.083171
v -0.620654 0.584066 -0.075065
v -0.651870 0.557688 -0.089767
v -0.497500 0.621783 -0.108731
v -0.512373 0.631329 -0.076346
v -0.633520 0.602722 -0.051412
v -0.666613 0.583617 -0.073384
v -0.690201 0.596961 -0.042379
v -0.549234 0.583553 -0.082480
v -0.320251 0.688479 -0.178926
v -0.261055 0.546982 -0.250241
v -0.310927 0.532506 -0.254600
v -0.263009 0.506722 -0.268466
v -0.645568 0.431541 -0.059128
v -0.630256 0.416013 -0.052224
v -0.626218 0.442076 -0.069248
v -0.647068 0.450416 -0.069925
v -0.620362 0.384912 -0.056294
v -0.654465 0.385693 -0.034191
v -0.663969 0.357840 -0.037299
v -0.110967 0.869096 -0.079605
v -0.490161 0.355668 -0.217213
v -0.521559 0.332004 -0.182759
v -0.488191 0.304881 -0.209741
v -0.620907 0.350311 -0.068266
v -0.599717 0.451796 -0.078786
v -0.580976 0.421778 -0.086298
v -0.475315 0.399289 -0.231467
v -0.463134 0.366872 -0.238390
v -0.428803 0.324243 -0.255774
v -0.441527 0.351693 -0.250150
v -0.459808 0.323331 -0.236687
v -0.601152 0.337006 -0.090923
v -0.583181 0.360445 -0.102988
v -0.553211 0.366248 -0.149326
v -0.511495 0.393903 -0.197723
v -0.416833 0.347199 -0.262527
v -0.329378 0.480888 -0.268657
v -0.370950 0.465793 -0.264706
v -0.462436 0.531116 -0.190802
v -0.424777 0.550451 -0.208705
v -0.459373 0.557772 -0.176679
v -0.444542 0.436236 -0.244912
v -0.432222 0.384591 -0.255877
v -0.387451 0.416731 -0.268499
v -0.282164 0.570737 -0.236624
v -0.320163 0.582479 -0.228938
v -0.479412 0.244253 -0.197427
v -0.444938 0.227358 -0.220530
v -0.459093 0.268259 -0.225778
v -0.368610 0.559136 -0.233647
v -0.399260 0.604201 -0.197243
v -0.532221 0.419257 -0.165984
v -0.563435 0.397974 -0.119245
v -0.590443 0.381544 -0.084211
v -0.483704 0.431716 -0.221469
v -0.502518 0.438242 -0.200519
v -0.405115 0.505876 -0.243637
v -0.358055 0.509477 -0.256224
v -0.502396 0.282845 -0.187399
v -0.524528 0.295390 -0.162603
v -0.510385 0.258192 -0.159725
v -0.232912 0.579731 -0.235624
v -0.278604 0.606178 -0.220755
v -0.232407 0.621432 -0.219706
v -0.269035 0.656689 -0.205419
v -0.475612 0.468966 -0.218949
v -0.486341 0.501498 -0.189531
v -0.449762 0.506999 -0.219024
v -0.410379 0.459429 -0.254439
v -0.297038 0.494622 -0.268226
v -0.438766 0.583848 -0.181473
v -0.473220 0.591331 -0.151783
v -0.505118 0.532473 -0.147054
v -0.558533 0.463746 -0.113324
v -0.576640 0.453110 -0.094635
v -0.462445 0.637367 -0.141148
v -0.364107 0.794499 -0.032649
v -0.330935 0.791446 -0.075591
v -0.310372 0.807639 -0.052804
v -0.512374 0.461990 -0.179650
v -0.547087 0.501241 -0.119676
v -0.525575 0.486477 -0.149015
v -0.313893 0.753631 -0.136078
v -0.283773 0.790071 -0.112276
v -0.357902 0.763027 -0.105387
v -0.575058 0.476733 -0.097300
v -0.575545 0.506949 -0.098148
v -0.464091 0.670508 -0.115813
v -0.543998 0.443541 -0.138248
v -0.272291 0.813871 -0.076801
v -0.518498 0.657319 -0.041481
v -0.412180 0.739854 -0.096661
v -0.377146 0.717467 -0.140163
v -0.459463 0.709913 -0.082158
v -0.488611 0.665354 -0.083053
v -0.596339 0.488247 -0.088028
v -0.489571 0.693636 -0.055573
v -0.502968 0.699156 -0.025956
v -0.468049 0.731658 -0.040360
v -0.391587 0.769227 -0.068410
v -0.432501 0.745432 -0.064338
v -0.551846 0.319360 -0.143335
v -0.428712 0.673111 -0.144682
v -0.431722 0.705446 -0.117272
v -0.337567 0.625670 -0.206659
v -0.577508 0.336387 -0.116900
v -0.575273 0.303088 -0.108101
v -0.555369 0.301599 -0.123059
v -0.571683 0.316271 -0.118806
v -0.623725 0.319626 -0.071999
v -0.451174 0.203522 -0.199896
v -0.387267 0.657124 -0.173604
v -0.435906 0.479076 -0.238652
v -0.435449 0.626481 -0.167005
v -0.483320 0.272911 -0.205471
v -0.593446 0.314548 -0.095622
v 0.151036 0.845406 -0.126347
v -0.532597 0.287807 -0.140685
v -0.580018 0.527685 -0.093857
v -0.630281 0.475030 -0.079192
v -0.682619 0.473918 -0.077325
v -0.595828 0.517060 -0.090417
v -0.595359 0.536179 -0.088681
v -0.620577 0.533488 -0.088551
v -0.619289 0.506172 -0.086952
v -0.665978 0.516086 -0.089240
v -0.579054 0.544009 -0.089296
v -0.692304 0.565321 -0.085120
v -0.693002 0.545067 -0.089935
v -0.729091 0.528447 -0.088114
v -0.025558 0.901400 -0.035303
v -0.724991 0.500389 -0.085350
v 0.690488 -0.001758 -0.225167
v 0.706230 -0.001758 -0.238126
v 0.669878 -0.001758 -0.269422
v 0.642147 -0.001758 -0.269907
v 0.557315 -0.001758 -0.256375
v 0.535368 -0.001758 -0.250846
v 0.692451 -0.001758 -0.267814
v 0.684601 0.030407 -0.243124
v 0.673535 0.036109 -0.233188
v 0.668490 0.027011 -0.247242
v 0.660581 0.035412 -0.242282
v 0.649987 0.028301 -0.254171
v 0.617285 -0.001758 -0.258920
v 0.598006 -0.001758 -0.264332
v 0.576569 0.038749 -0.242484
v 0.578069 -0.001758 -0.260541
v 0.685498 0.021729 -0.259926
v 0.541403 0.027768 -0.236826
v 0.629788 0.049467 -0.234472
v 0.518710 -0.001758 -0.243955
v 0.677157 0.021113 -0.251675
v 0.526473 0.028987 -0.238819
v 0.699067 -0.001758 -0.253336
v 0.625340 0.038806 -0.246598
v 0.562621 0.026873 -0.245750
v 0.143285 0.266654 -0.209303
v 0.125761 0.251482 -0.208714
v 0.167687 0.250270 -0.203102
v -0.240342 -0.005064 -0.293147
v -0.229039 -0.005064 -0.330918
v -0.190917 0.091119 -0.240268
v -0.206248 0.111754 -0.240867
v -0.206203 0.093017 -0.244113
v 0.230780 0.483147 -0.248450
v 0.176110 0.455530 -0.242928
v 0.220068 0.424781 -0.246758
v 0.174700 0.378160 -0.234479
v 0.153100 0.327383 -0.224124
v 0.191056 0.323112 -0.224831
v 0.077118 0.256809 -0.231287
v 0.092079 0.251644 -0.220674
v 0.112072 0.272099 -0.222774
v 0.289772 0.432069 -0.255911
v 0.290682 0.483047 -0.254464
v 0.256843 0.456754 -0.252670
v 0.211177 0.259826 -0.211463
v 0.203150 0.299798 -0.221570
v 0.188348 0.301639 -0.221085
v 0.183757 0.288911 -0.214856
v 0.234384 0.306943 -0.228678
v 0.077922 0.713502 -0.236058
v 0.105917 0.727624 -0.224453
v 0.078310 0.746637 -0.212887
v 0.145315 0.707944 -0.231376
v 0.125825 0.742371 -0.210666
v 0.205067 0.790873 -0.159142
v 0.138393 0.814974 -0.154745
v 0.154398 0.769197 -0.185482
v 0.115626 0.678650 -0.249848
v 0.116023 0.640294 -0.256609
v 0.176657 0.638853 -0.246438
v 0.159979 0.301589 -0.215069
v 0.176052 0.307534 -0.219722
v 0.268842 0.345216 -0.241194
v 0.313052 0.378708 -0.251365
v 0.266098 0.393075 -0.250470
v 0.148626 0.285570 -0.215976
v 0.414432 0.066511 -0.139592
v 0.402988 0.107515 -0.165432
v 0.022421 0.193141 -0.237420
v 0.008726 0.203593 -0.246882
v -0.009512 0.168449 -0.249652
v 0.176555 0.865274 -0.094933
v 0.125947 0.884271 -0.090563
v 0.151036 0.845406 -0.126347
v 0.229142 0.379759 -0.242728
v 0.215645 0.284614 -0.217656
v 0.279468 0.227019 -0.204246
v 0.250502 0.249070 -0.215972
v 0.239387 0.237617 -0.204190
v -0.027774 -0.005064 -0.293521
v 0.247165 0.271011 -0.222814
v 0.169356 0.424737 -0.240386
v 0.329905 0.461210 -0.257125
v 0.340149 0.496189 -0.252985
v -0.240800 0.091875 -0.236784
v -0.219681 0.093274 -0.244651
v -0.227907 0.110369 -0.234585
v -0.090419 0.085008 -0.266104
v -0.097217 0.060456 -0.262446
v -0.078038 0.070221 -0.256931
v 0.345044 0.417941 -0.257112
v -0.067003 0.103782 -0.259893
v 0.093903 0.293512 -0.238937
v 0.113303 0.322176 -0.231710
v 0.072184 0.317450 -0.242431
v 0.171318 0.271053 -0.208535
v 0.292428 0.287185 -0.231002
v 0.118306 0.371281 -0.233198
v 0.118961 0.449596 -0.241241
v 0.064602 0.304490 -0.246171
v 0.063280 0.288132 -0.248535
v 0.286102 0.249403 -0.221562
v -0.142776 0.049987 -0.294967
v -0.129701 0.049096 -0.326958
v -0.117496 0.052722 -0.299646
v 0.326908 0.222655 -0.206352
v -0.089682 0.108433 -0.258023
v -0.099171 0.092230 -0.257191
v -0.039808 0.095180 -0.216261
v 0.065340 0.241125 -0.227034
v 0.086864 0.220732 -0.210997
v 0.112605 0.224366 -0.202480
v 0.090987 0.234338 -0.215584
v -0.282163 -0.005064 -0.279950
v 0.423449 -0.001758 -0.147901
v 0.415776 -0.001758 -0.108903
v 0.324626 0.326732 -0.242490
v 0.362943 0.266534 -0.230926
v -0.193292 0.046998 -0.287169
v -0.213924 0.036730 -0.290906
v -0.193765 0.033698 -0.307215
v 0.056245 0.378227 -0.246198
v 0.081255 0.353701 -0.238939
v 0.075240 0.401876 -0.242507
v 0.323263 0.250723 -0.222934
v 0.147499 0.235670 -0.198240
v 0.055483 0.307128 -0.245844
v -0.111000 0.092576 -0.253674
v -0.104118 0.103308 -0.250519
v -0.121205 0.107175 -0.249159
v -0.235163 0.041787 -0.269950
v -0.051959 0.143114 -0.262834
v -0.038643 0.129677 -0.249194
v 0.059159 0.321992 -0.243538
v -0.107695 0.120222 -0.248868
v -0.133734 0.101412 -0.244515
v -0.125349 0.087775 -0.248238
v -0.207965 0.074570 -0.250208
v -0.188475 0.071504 -0.246849
v -0.071729 0.044634 -0.248473
v -0.056896 0.043281 -0.264436
v -0.061320 -0.005064 -0.236602
v 0.050070 0.290055 -0.251675
v 0.218033 0.822840 -0.123110
v 0.236659 0.841707 -0.088211
v 0.281090 0.590510 -0.240452
v 0.233922 0.544792 -0.245123
v 0.314997 0.537731 -0.247691
v 0.039578 0.268225 -0.257490
v 0.034583 0.294225 -0.250704
v 0.044918 0.340113 -0.248175
v 0.271211 0.776229 -0.150286
v -0.211158 0.025243 -0.317614
v -0.139482 0.114140 -0.238472
v -0.146692 0.095792 -0.243635
v -0.187858 0.028664 -0.327802
v 0.408809 0.129302 -0.188750
v 0.390564 0.139805 -0.178776
v -0.049615 -0.005064 -0.360835
v -0.027409 0.159684 -0.260801
v -0.251121 0.039553 -0.259403
v -0.247403 0.053359 -0.252837
v -0.260802 0.045380 -0.238100
v 0.223378 0.654192 -0.237008
v 0.176721 0.675161 -0.239258
v 0.420492 0.041977 -0.142811
v 0.423686 0.054040 -0.153409
v -0.206056 -0.005064 -0.353613
v 0.291925 0.637951 -0.231980
v 0.366534 0.590584 -0.238797
v -0.068734 -0.005064 -0.361916
v -0.093473 0.056030 -0.319795
v -0.092792 0.052164 -0.286684
v -0.033087 0.175564 -0.262771
v -0.049139 0.162170 -0.261200
v -0.253200 0.069706 -0.240303
v -0.160867 0.093063 -0.237036
v -0.159255 0.107535 -0.230650
v -0.173238 0.094696 -0.231118
v 0.024976 0.268678 -0.260220
v 0.021106 0.245938 -0.264591
v -0.112359 0.059162 -0.254806
v -0.106656 0.076268 -0.256736
v 0.014523 0.223777 -0.258808
v -0.007257 0.193135 -0.261999
v -0.167266 0.041358 -0.309195
v -0.114645 0.133003 -0.241112
v -0.133136 0.131386 -0.234570
v -0.123167 0.119984 -0.240106
v -0.231280 0.068431 -0.252444
v -0.213305 0.054595 -0.270108
v -0.157735 0.132112 -0.235307
v -0.063736 0.151237 -0.259866
v -0.053826 0.168864 -0.253881
v -0.068270 0.161355 -0.249626
v 0.121464 0.294963 -0.226225
v -0.007762 0.139222 -0.235898
v 0.012606 0.170188 -0.237483
v -0.180727 0.113064 -0.235834
v -0.030388 -0.005064 -0.252400
v 0.375602 0.173609 -0.191150
v -0.092947 0.130113 -0.252010
v -0.080877 0.145046 -0.252243
v -0.099058 0.142457 -0.242588
v 0.170084 0.505742 -0.245755
v 0.025739 0.214342 -0.235258
v 0.024967 0.226979 -0.245141
v -0.065543 0.081370 -0.240218
v -0.061414 0.067399 -0.221051
v 0.019904 0.410760 -0.257945
v -0.038381 0.404784 -0.276695
v -0.006231 0.361325 -0.268892
v -0.084572 -0.005064 -0.375629
v 0.031783 0.246089 -0.259135
v -0.093214 0.314011 -0.290259
v -0.123734 0.277718 -0.285290
v -0.054137 0.253405 -0.272173
v -0.103592 0.130880 -0.244944
v -0.039583 0.174953 -0.254824
v -0.043400 0.186094 -0.252860
v -0.016874 0.201770 -0.263407
v 0.000058 0.223082 -0.265215
v -0.020773 0.222810 -0.261019
v -0.060313 0.355886 -0.286908
v -0.020067 0.328834 -0.274706
v -0.000852 0.254654 -0.263515
v -0.075634 0.444677 -0.280234
v -0.095001 0.402818 -0.291067
v -0.147927 0.318720 -0.297849
v -0.188820 0.294016 -0.296105
v 0.099922 0.840684 -0.140826
v 0.092398 0.808307 -0.165718
v -0.013861 0.291627 -0.270245
v 0.012817 0.318475 -0.261019
v -0.118044 0.212522 -0.263233
v -0.007921 0.476870 -0.262250
v -0.030929 0.446910 -0.270718
v -0.073952 0.042084 -0.239666
v -0.077284 0.052221 -0.232882
v -0.247055 0.032527 -0.269884
v -0.267061 0.025110 -0.257536
v 0.126494 0.263643 -0.212951
v 0.044016 0.187103 -0.226122
v 0.056887 0.215317 -0.226073
v 0.046840 0.259696 -0.251667
v -0.132961 0.360711 -0.299482
v -0.166098 0.052325 -0.273599
v 0.013654 0.283427 -0.259052
v 0.089496 0.573530 -0.256376
v 0.152106 0.582539 -0.251307
v 0.080868 0.617421 -0.259602
v -0.128122 0.155204 -0.243804
v -0.090483 0.166824 -0.248257
v -0.191932 0.059676 -0.263856
v -0.159414 0.256584 -0.281292
v -0.176314 0.224668 -0.269777
v -0.055470 0.100303 -0.243982
v -0.126457 0.052265 -0.268330
v -0.209057 0.253316 -0.282368
v -0.226724 0.209449 -0.262866
v 0.047978 0.246517 -0.241764
v 0.040648 0.229468 -0.233148
v -0.045541 0.310751 -0.281058
v 0.427507 0.075025 -0.171505
v -0.074383 0.129483 -0.258094
v 0.269439 0.513120 -0.248703
v -0.182613 0.173341 -0.248996
v -0.149773 -0.005064 -0.369534
v -0.163050 0.032252 -0.346909
v 0.228338 0.689089 -0.225438
v 0.072620 0.269841 -0.242068
v -0.180075 0.081428 -0.235866
v -0.166220 0.080351 -0.231534
v 0.207823 0.881370 -0.050137
v 0.191671 0.874396 -0.073232
v 0.178218 0.729430 -0.211614
v 0.056100 0.661446 -0.257413
v 0.268867 0.750982 -0.175415
v -0.124431 0.066522 -0.250297
v -0.029148 0.194381 -0.256980
v 0.029503 0.240865 -0.251792
v -0.031602 -0.005064 -0.359684
v -0.063429 0.494561 -0.269105
v 0.066789 0.689725 -0.248173
v 0.010612 0.516624 -0.258430
v -0.034695 0.531587 -0.261471
v 0.233029 0.735626 -0.197244
v -0.190935 0.133737 -0.238990
v 0.048199 0.589725 -0.258924
v -0.224854 0.140045 -0.233827
v -0.138078 0.061138 -0.249463
v -0.140419 0.076903 -0.247780
v -0.149242 0.068460 -0.244581
v -0.004202 0.123627 -0.173266
v -0.002419 0.571698 -0.258730
v 0.018078 0.624641 -0.259773
v -0.017625 -0.005064 -0.331354
v -0.018407 -0.005064 -0.353830
v -0.166746 0.059514 -0.250145
v -0.159631 0.065663 -0.238260
v -0.174965 0.065826 -0.238191
v -0.039268 0.208387 -0.260234
v 0.060498 0.528984 -0.254719
v -0.030671 0.047708 -0.344213
v -0.064915 0.192340 -0.256412
v 0.081786 0.205131 -0.212088
v -0.043339 0.052371 -0.315011
v -0.034836 0.051146 -0.333061
v -0.079619 0.050900 -0.263203
v -0.056089 0.053281 -0.339963
v -0.126562 0.035026 -0.359194
v 0.220233 0.597966 -0.243470
v -0.040031 0.044626 -0.350402
v -0.117464 0.033491 -0.371660
v -0.131613 -0.005064 -0.378912
v 0.138701 0.306057 -0.220857
v -0.061568 0.049010 -0.288969
v 0.043928 0.465109 -0.252316
v 0.116977 0.529254 -0.250077
v 0.238219 0.625747 -0.239585
v -0.069359 0.054888 -0.310193
v -0.094751 0.046626 -0.354089
v 0.386054 0.525012 -0.246684
v -0.179293 0.061674 -0.254716
v 0.156306 0.895817 -0.063125
v 0.167151 0.908398 -0.026386
v -0.105773 0.037038 -0.369071
v -0.094548 0.036445 -0.369800
v -0.098371 -0.005064 -0.379426
v 0.368833 0.465007 -0.254066
v 0.390755 0.417921 -0.252323
v -0.112617 -0.005064 -0.383520
v -0.151727 0.057031 -0.251431
v 0.410926 0.476175 -0.244436
v -0.155884 0.081051 -0.243196
v 0.369767 0.348013 -0.250032
v 0.420753 0.302427 -0.232129
v 0.417016 0.371309 -0.244021
v 0.383767 0.305323 -0.238766
v 0.095622 0.771443 -0.191011
v 0.342899 0.237762 -0.220333
v 0.413501 0.228314 -0.217426
v 0.395671 0.196958 -0.218240
v 0.436283 0.424449 -0.237379
v 0.361964 0.215349 -0.218016
v 0.219805 0.345339 -0.234680
v -0.620907 0.350311 -0.068266
v -0.669093 0.322042 -0.047210
v -0.623725 0.319626 -0.071999
v -0.409063 0.179405 -0.211114
v -0.420759 0.162842 -0.189680
v -0.380149 0.154780 -0.215002
v -0.576483 0.245479 -0.075277
v -0.567241 0.267249 -0.082125
v -0.589368 0.266513 -0.060574
v -0.615538 0.277976 -0.058636
v -0.618154 0.257580 -0.048052
v -0.652821 0.288725 -0.049492
v -0.451174 0.203522 -0.199896
v -0.479412 0.244253 -0.197427
v -0.489558 0.221764 -0.172227
v -0.540622 0.281761 -0.118957
v -0.555369 0.301599 -0.123059
v -0.560560 0.291154 -0.108336
v -0.575273 0.303088 -0.108101
v -0.582932 0.288119 -0.087155
v -0.477597 0.190742 -0.162695
v -0.430878 0.157506 -0.086426
v -0.644191 0.261344 -0.044975
v -0.552983 0.254223 -0.104160
v -0.541157 0.250717 -0.115508
v -0.530216 0.240322 -0.122493
v -0.535309 0.259473 -0.117314
v -0.513691 0.251030 -0.131560
v -0.507834 0.236764 -0.144350
v -0.505737 0.218975 -0.144303
v -0.532597 0.287807 -0.140685
v -0.521808 0.268175 -0.130643
v -0.611083 0.233546 -0.056675
v -0.629515 0.235281 -0.043621
v -0.626927 0.229516 -0.046523
v -0.593446 0.314548 -0.095622
v -0.613353 0.298845 -0.071581
v -0.552451 0.234817 -0.102743
v -0.526398 0.220266 -0.118535
v -0.380429 0.177938 -0.225553
v -0.414238 0.202201 -0.226430
v -0.590460 0.232979 -0.066415
v -0.510385 0.258192 -0.159725
v -0.603133 0.248022 -0.052577
v -0.603904 0.239952 -0.060934
v -0.663969 0.357840 -0.037299
v -0.556103 0.273721 -0.102911
v -0.370426 0.125558 -0.188096
v -0.327402 0.132758 -0.228315
v -0.337638 0.156394 -0.235433
v -0.313017 0.155374 -0.241292
v -0.323735 0.173497 -0.241957
v -0.312313 0.103408 -0.210512
v -0.287193 0.153307 -0.235434
v -0.295004 0.139223 -0.228774
v -0.276902 0.140148 -0.228710
v -0.280568 0.120798 -0.221150
v -0.257330 0.138955 -0.221814
v -0.355632 0.156583 -0.228472
v -0.349817 0.178147 -0.234480
v -0.305986 0.144156 -0.233902
v -0.269600 0.150855 -0.231072
v -0.268677 0.164347 -0.237887
v -0.283032 0.099939 -0.216603
v -0.253977 0.154909 -0.229763
v -0.506278 0.206212 -0.140668
v -0.268243 0.066716 -0.223259
v -0.253200 0.069706 -0.240303
v -0.262857 0.091596 -0.224916
v -0.240800 0.091875 -0.236784
v -0.227907 0.110369 -0.234585
v -0.248220 0.116422 -0.227268
v -0.308457 0.042409 -0.169151
v -0.302280 0.062744 -0.189317
v -0.315356 0.050534 -0.164616
v -0.282163 -0.005064 -0.279950
v -0.267061 0.025110 -0.257536
v -0.285457 0.014102 -0.252868
v -0.310376 -0.005064 -0.244016
v -0.295833 0.016279 -0.229418
v -0.330500 -0.005064 -0.213564
v -0.260802 0.045380 -0.238100
v -0.281126 0.031013 -0.227143
v -0.339982 0.037658 -0.119025
v -0.377598 0.090842 -0.133059
v -0.312257 0.083135 -0.197608
v -0.287380 0.081493 -0.212050
v -0.319546 0.074577 -0.181443
v -0.338424 0.091061 -0.182532
v -0.329009 0.065118 -0.159520
v -0.356908 -0.005064 -0.106057
v -0.337950 0.010588 -0.118316
v -0.347895 -0.005064 -0.092563
v -0.284923 0.064305 -0.212867
v -0.318922 0.013147 -0.198234
v -0.298056 0.020070 -0.208317
v -0.309723 0.021894 -0.185441
v -0.292889 0.029696 -0.197351
v -0.284587 0.048075 -0.214618
v -0.346920 -0.005064 -0.187039
v -0.296375 0.041420 -0.186264
v -0.332332 -0.005064 -0.173437
v -0.321454 0.014866 -0.163615
v -0.308836 0.024407 -0.157443
v -0.318217 0.043504 -0.151059
v -0.340433 -0.005064 -0.146592
v -0.353343 -0.005064 -0.122890
v -0.323852 0.016146 -0.131667
v -0.224854 0.140045 -0.233827
vn -0.0551 0.8382 -0.5426
vn -0.0137 0.4424 0.8967
vn -0.1287 0.9362 -0.3271
vn -0.1124 0.9853 0.1285
vn 0.0592 0.4139 0.9084
vn -0.2134 0.9153 -0.3417
vn -0.0946 0.9821 -0.1631
vn -0.1269 0.9355 -0.3297
vn 0.0079 0.9980 -0.0629
vn 0.0616 0.7150 0.6964
vn -0.0585 0.9349 -0.3499
vn -0.1532 0.9853 0.0751
vn -0.4493 0.0622 0.8912
vn -0.2038 0.4630 0.8626
vn 0.0285 0.3235 0.9458
vn -0.0227 0.4368 0.8993
vn -0.0038 0.3941 0.9190
vn -0.3043 0.9484 0.0891
vn -0.1051 0.9861 -0.1284
vn -0.0100 0.9613 -0.2753
vn -0.0134 0.4447 0.8956
vn 0.0098 0.9961 -0.0879
vn -0.0758 0.5029 0.8610
vn 0.0096 0.4700 0.8826
vn -0.0833 0.3283 0.9409
vn -0.0339 0.3688 0.9289
vn -0.0919 0.6493 0.7549
vn 0.0097 0.9978 -0.0663
vn -0.5391 0.8395 -0.0674
vn -0.0626 0.2932 0.9540
vn -0.0964 0.9589 -0.2667
vn -0.1071 0.9184 -0.3808
vn 0.0371 0.3483 0.9367
vn -0.1776 0.9650 0.1932
vn -0.1355 0.6897 0.7113
vn -0.0805 0.4021 0.9121
vn 0.0089 0.4947 0.8690
vn -0.0587 -0.5973 0.7998
vn -0.1673 0.7592 0.6290
vn 0.0618 -0.6919 -0.7194
vn 0.0336 -0.8339 -0.5508
vn -0.0042 0.7668 0.6419
vn -0.2916 0.7737 0.5625
vn 0.1636 -0.7118 -0.6831
vn -0.0235 0.8104 0.5854
vn -0.0974 0.8985 -0.4279
vn 0.0135 0.9355 0.3531
vn -0.0570 0.6795 0.7314
vn -0.1333 0.8031 -0.5808
vn -0.3740 0.8513 0.3679
vn -0.2004 0.8704 0.4496
vn -0.6871 0.7243 -0.0577
vn -0.2809 0.5562 0.7821
vn 0.1492 -0.6378 -0.7556
vn -0.0600 -0.7963 -0.6019
vn -0.1880 0.9124 0.3636
vn -0.0916 0.6493 0.7550
vn 0.0189 0.7793 0.6264
vn 0.1557 -0.5107 -0.8455
vn -0.6401 0.4774 0.6020
vn -0.0645 0.9895 0.1292
vn -0.2462 0.9650 0.0905
vn -0.0471 0.9981 -0.0405
vn -0.4757 0.5416 0.6931
vn -0.0671 -0.9966 0.0470
vn -0.0312 -0.6401 -0.7677
vn -0.1678 -0.9713 0.1685
vn 0.2782 0.8909 -0.3589
vn 0.0025 -0.2096 -0.9778
vn -0.5727 0.3746 0.7292
vn -0.0804 0.8621 0.5003
vn -0.6393 0.5333 0.5540
vn -0.2549 -0.7119 0.6544
vn -0.2414 -0.9601 0.1411
vn 0.4497 0.6834 -0.5751
vn -0.3032 0.3057 0.9026
vn -0.1594 0.0916 0.9829
vn -0.2809 0.5570 0.7816
vn -0.3703 0.7014 0.6090
vn -0.3810 0.6518 0.6557
vn 0.0924 0.1038 0.9903
vn -0.0523 -0.9264 0.3730
vn -0.2666 0.4998 0.8241
vn 0.3369 -0.5081 -0.7927
vn 0.1148 -0.6135 -0.7813
vn -0.4379 0.7263 0.5299
vn -0.1771 0.4509 0.8748
vn -0.0927 -0.9946 0.0458
vn 0.3368 0.1334 -0.9321
vn -0.2479 0.0998 0.9636
vn -0.1910 0.6859 0.7022
vn -0.1799 0.9590 -0.2189
vn -0.2480 0.9623 0.1122
vn -0.1513 -0.9408 0.3033
vn -0.2662 0.9600 -0.0870
vn -0.6841 0.5318 0.4993
vn -0.1543 -0.8388 0.5222
vn -0.2808 0.5575 0.7813
vn 0.0071 -0.9623 0.2720
vn 0.0113 -0.9375 0.3479
vn -0.2128 0.1143 0.9704
vn -0.3580 0.6344 0.6851
vn 0.1179 0.2289 -0.9663
vn -0.0868 0.6479 0.7568
vn -0.2948 0.7725 0.5624
vn -0.2154 0.6261 0.7494
vn -0.0426 -0.3436 -0.9381
vn -0.0529 -0.4447 -0.8941
vn -0.6219 0.7742 -0.1179
vn -0.5633 -0.4597 0.6866
vn -0.3435 0.6369 0.6902
vn 0.2167 0.7586 -0.6144
vn 0.1383 -0.6482 -0.7488
vn -0.0084 0.9447 0.3278
vn -0.0257 0.5268 0.8496
vn 0.1160 -0.9577 0.2634
vn 0.2686 -0.7661 -0.5840
vn 0.1033 -0.7378 -0.6671
vn 0.0100 0.7840 0.6206
vn -0.2451 0.9671 0.0678
vn -0.0708 0.6841 0.7259
vn -0.3993 0.8987 0.1812
vn -0.1836 0.0191 0.9828
vn 0.2072 0.8434 -0.4957
vn 0.1317 -0.5570 -0.8200
vn -0.0397 0.9804 0.1928
vn -0.3247 0.4601 0.8264
vn -0.0624 0.5758 0.8152
vn -0.1447 0.0951 0.9849
vn -0.3295 0.6655 0.6697
vn -0.1220 0.3723 0.9200
vn -0.4583 0.5519 0.6967
vn -0.1954 0.7395 0.6442
vn 0.1590 -0.0667 -0.9850
vn -0.1827 0.4745 0.8611
vn -0.0356 0.3950 0.9180
vn -0.3198 0.2158 0.9226
vn -0.3218 -0.0022 0.9468
vn -0.2009 0.4872 0.8499
vn -0.2415 0.1216 0.9628
vn -0.2147 -0.1717 0.9615
vn -0.1085 0.8471 0.5203
vn 0.0971 0.9882 0.1184
vn -0.2115 -0.3633 0.9073
vn -0.0863 0.4959 0.8641
vn 0.2514 -0.8353 -0.4889
vn 0.3045 0.9357 -0.1780
vn -0.2431 0.2590 0.9348
vn 0.0013 -0.9539 0.3002
vn -0.0104 -0.9875 0.1570
vn -0.1869 0.7050 0.6842
vn -0.1796 0.6940 0.6972
vn -0.4110 0.4576 0.7884
vn -0.2342 0.8739 0.4261
vn 0.2833 -0.8573 -0.4298
vn -0.4114 0.7269 0.5500
vn -0.2443 0.6451 0.7240
vn -0.3785 -0.9086 0.1766
vn 0.4292 0.6142 -0.6623
vn -0.5336 0.1207 0.8371
vn 0.1535 0.9656 -0.2098
vn -0.3846 0.2328 0.8933
vn 0.1625 0.2387 0.9574
vn 0.3900 0.8138 -0.4309
vn -0.6603 0.5459 0.5157
vn -0.3153 0.8132 0.4892
vn -0.2178 0.6427 0.7345
vn -0.0906 -0.9377 0.3355
vn -0.2851 0.6334 0.7193
vn -0.1196 0.5389 0.8338
vn 0.2989 0.9403 -0.1628
vn -0.2127 -0.9762 0.0427
vn -0.1364 0.7429 0.6554
vn 0.0515 0.9982 -0.0320
vn -0.4261 0.7220 0.5451
vn -0.2574 0.5723 0.7786
vn -0.2400 0.5856 0.7742
vn -0.0545 -0.4959 0.8667
vn -0.2651 0.6021 0.7531
vn 0.5077 0.5370 -0.6737
vn 0.3263 0.0112 -0.9452
vn 0.0444 0.8715 0.4884
vn -0.1023 -0.7711 0.6284
vn 0.2935 0.6926 -0.6589
vn 0.1770 0.9684 0.1757
vn -0.2075 -0.9340 0.2910
vn 0.2352 0.2239 -0.9458
vn 0.0318 -0.9994 -0.0131
vn -0.2182 0.0807 0.9726
vn -0.3132 -0.7983 0.5144
vn -0.3510 0.4572 0.8171
vn -0.3319 0.5605 0.7588
vn -0.0121 0.9841 -0.1773
vn 0.3698 -0.3903 -0.8432
vn 0.3898 -0.6821 -0.6188
vn 0.2526 0.9555 -0.1526
vn -0.2055 -0.6235 0.7544
vn -0.2665 0.7538 0.6006
vn 0.0418 -0.1748 0.9837
vn -0.3069 0.7376 0.6015
vn -0.1907 0.7072 0.6808
vn -0.3746 0.6676 0.6434
vn 0.0321 0.9927 0.1165
vn -0.0633 -0.9787 0.1955
vn -0.0651 0.7213 0.6895
vn 0.1780 0.9655 -0.1902
vn -0.3463 0.6573 0.6694
vn -0.1886 0.8434 -0.5031
vn -0.0920 0.6998 0.7084
vn 0.2332 0.9722 0.0189
vn 0.1456 0.7516 -0.6433
vn -0.3501 0.8420 -0.4104
vn -0.0862 0.1097 0.9902
vn -0.3299 -0.9394 0.0932
vn -0.0908 0.9818 -0.1670
vn 0.0180 0.9792 0.2021
vn 0.2296 0.6912 -0.6852
vn -0.3947 0.6144 0.6832
vn 0.0047 0.9548 0.2973
vn 0.4111 0.4886 -0.7696
vn 0.0205 0.6623 0.7490
vn -0.0711 -0.2056 0.9761
vn 0.0822 -0.4367 0.8959
vn -0.2921 0.7915 0.5369
vn -0.1350 -0.8594 0.4931
vn -0.0622 0.8198 -0.5692
vn -0.3633 0.7834 0.5043
vn -0.4217 0.3564 0.8337
vn 0.4701 0.5156 -0.7163
vn -0.3766 0.4120 0.8297
vn 0.2977 0.1496 -0.9429
vn -0.3888 0.9064 0.1651
vn -0.1190 0.9475 -0.2968
vn 0.0221 -0.8204 -0.5714
vn 0.0737 0.9358 0.3446
vn -0.2339 -0.6863 0.6887
vn -0.0927 0.4778 0.8735
vn 0.2433 0.2541 -0.9361
vn -0.2940 0.7871 0.5422
vn 0.4655 0.8290 -0.3101
vn -0.0980 0.7220 0.6849
vn 0.4112 -0.4122 -0.8130
vn -0.6922 0.4608 0.5554
vn 0.2670 0.9450 -0.1888
vn -0.2710 0.5772 0.7703
vn -0.2709 0.7587 0.5924
vn -0.1456 0.9884 -0.0423
vn -0.0095 0.8545 -0.5194
vn 0.4150 0.8953 -0.1621
vn -0.1833 0.8319 0.5237
vn -0.2756 0.7782 0.5643
vn 0.2400 -0.0544 -0.9693
vn -0.2097 0.4852 0.8489
vn 0.7489 0.5094 -0.4239
vn -0.3755 0.6069 0.7005
vn 0.2858 0.2438 -0.9267
vn -0.2204 -0.9224 0.3172
vn 0.2963 0.2109 -0.9315
vn -0.0154 0.4416 -0.8971
vn -0.1456 0.5337 0.8331
vn -0.1264 0.9685 0.2145
vn -0.1654 -0.1478 0.9751
vn 0.2491 0.9005 -0.3565
vn -0.3597 -0.6846 0.6340
vn -0.5889 0.3524 0.7274
vn 0.0048 0.9154 -0.4026
vn 0.1317 0.3267 -0.9359
vn -0.0764 -0.9917 -0.1032
vn -0.3858 0.6656 0.6389
vn -0.0686 0.8272 -0.5577
vn -0.2814 0.9590 0.0338
vn 0.2726 0.6506 -0.7088
vn 0.2343 0.2275 -0.9452
vn -0.3806 0.1049 0.9188
vn -0.4214 0.0666 0.9044
vn 0.4283 0.8238 -0.3714
vn -0.1393 -0.0650 0.9881
vn -0.5595 0.8045 0.1994
vn 0.2350 0.9419 -0.2402
vn -0.1038 0.9868 -0.1246
vn 0.3404 0.0013 -0.9403
vn 0.2657 0.9546 0.1348
vn -0.0720 0.9974 0.0075
vn 0.2872 0.9309 -0.2258
vn -0.3740 0.7245 0.5791
vn -0.4965 0.6240 0.6034
vn -0.2297 0.9020 0.3656
vn 0.4280 0.0501 -0.9024
vn 0.0145 -0.2346 0.9720
vn -0.0815 0.9881 0.1300
vn -0.0569 0.7784 -0.6252
vn 0.0926 -0.3212 0.9425
vn -0.3297 -0.9401 0.0870
vn -0.2772 0.6458 0.7114
vn -0.2327 0.8224 0.5191
vn 0.4772 0.5174 -0.7103
vn -0.2730 0.4811 0.8331
vn -0.0056 -0.9778 0.2094
vn 0.5305 0.4985 -0.6856
vn 0.3609 0.1477 -0.9208
vn -0.0929 0.9743 0.2053
vn -0.2983 0.8499 -0.4343
vn 0.1529 -0.0085 0.9882
vn -0.3167 0.5099 0.7998
vn 0.3598 0.8965 -0.2584
vn -0.3274 0.7217 0.6098
vn 0.3632 0.1194 -0.9240
vn -0.3425 0.7664 0.5435
vn -0.5688 -0.4431 0.6929
vn -0.1363 0.9446 -0.2987
vn 0.4435 0.8602 -0.2516
vn -0.4187 -0.8552 0.3054
vn -0.5029 0.2847 0.8161
vn -0.2105 0.9771 -0.0305
vn 0.0948 0.3097 -0.9461
vn 0.3854 -0.6602 -0.6447
vn -0.3747 0.8041 0.4616
vn -0.2132 -0.8274 0.5196
vn 0.0148 0.9477 -0.3190
vn 0.4691 -0.2664 -0.8420
vn -0.7951 -0.1709 0.5819
vn 0.2868 0.2004 -0.9368
vn -0.1621 0.3190 0.9338
vn 0.1288 -0.3254 0.9368
vn -0.1762 -0.0577 0.9827
vn -0.0150 -0.9487 -0.3157
vn 0.4387 -0.3647 -0.8213
vn 0.3492 -0.0845 -0.9332
vn -0.1455 0.9264 -0.3472
vn 0.1233 0.7897 -0.6010
vn -0.0474 0.9116 -0.4084
vn -0.2958 -0.1173 0.9480
vn -0.5121 0.5763 0.6369
vn 0.4788 -0.4219 -0.7699
vn -0.2028 0.5755 0.7922
vn 0.0124 -0.9371 0.3488
vn -0.4667 0.5396 0.7007
vn -0.1937 0.7393 0.6449
vn -0.2468 0.5735 0.7812
vn -0.1851 -0.1692 0.9680
vn -0.1110 0.9705 0.2140
vn -0.1602 0.4540 -0.8765
vn -0.1696 0.9416 0.2908
vn -0.4229 0.6365 0.6450
vn -0.2876 0.8039 0.5207
vn -0.3117 0.7035 0.6387
vn 0.6342 -0.1957 -0.7480
vn 0.3449 0.1022 -0.9331
vn -0.3589 0.7751 -0.5200
vn -0.0028 0.9635 0.2677
vn -0.4335 0.4197 0.7974
vn -0.0319 0.8608 -0.5079
vn -0.0178 -0.9125 -0.4086
vn -0.2873 0.6220 0.7284
vn -0.2931 0.8916 0.3451
vn 0.5115 0.5601 -0.6517
vn -0.1967 0.8405 0.5049
vn -0.0668 -0.9201 0.3860
vn 0.4283 0.6727 -0.6034
vn 0.3431 0.9183 -0.1975
vn -0.2135 0.8480 -0.4851
vn -0.4116 0.4296 0.8038
vn -0.2455 0.8652 0.4372
vn -0.3696 0.7035 -0.6071
vn 0.3166 0.1882 -0.9297
vn -0.0467 0.8891 -0.4554
vn -0.1621 0.7059 0.6895
vn -0.2894 0.8047 0.5184
vn 0.0168 0.8269 -0.5620
vn -0.0622 0.7030 0.7084
vn 0.1515 0.9797 -0.1311
vn -0.3248 0.5755 0.7505
vn -0.2429 0.8006 0.5477
vn -0.0114 0.9568 -0.2906
vn -0.0572 0.9137 -0.4023
vn -0.2453 0.7419 0.6240
vn -0.5328 -0.4085 0.7411
vn -0.2299 0.6349 0.7376
vn -0.0862 0.9203 0.3817
vn -0.3247 0.5750 0.7509
vn 0.1032 0.6398 -0.7616
vn 0.3867 -0.0214 -0.9220
vn 0.2382 0.9612 -0.1391
vn -0.3267 -0.8591 0.3939
vn 0.2672 0.2494 -0.9308
vn -0.0846 0.9623 0.2586
vn 0.2749 -0.7883 -0.5505
vn -0.2306 0.8695 0.4369
vn -0.3254 0.8135 0.4820
vn -0.1534 0.8443 -0.5135
vn 0.2779 0.9326 -0.2304
vn -0.3169 -0.4043 0.8580
vn 0.2872 -0.1220 -0.9501
vn -0.0277 0.9345 -0.3548
vn 0.0085 -0.9990 0.0430
vn -0.2334 0.7864 0.5719
vn -0.2278 -0.9714 0.0668
vn -0.2811 0.6472 0.7086
vn -0.1279 -0.9566 0.2617
vn -0.3185 0.7228 0.6133
vn 0.0173 0.8706 0.4917
vn 0.1482 0.9789 -0.1409
vn -0.0931 0.7738 -0.6265
vn -0.2500 0.3365 0.9079
vn -0.2161 -0.4473 0.8679
vn -0.1273 -0.6707 0.7307
vn -0.0053 0.9612 -0.2759
vn -0.2113 0.3734 0.9033
vn 0.0228 0.8578 -0.5136
vn 0.0478 0.9500 0.3085
vn -0.0857 0.4075 0.9092
vn -0.5705 -0.4804 0.6661
vn -0.3007 -0.8686 0.3938
vn -0.0378 -0.9082 -0.4169
vn -0.2363 0.6139 0.7532
vn -0.2000 0.5056 0.8393
vn -0.2276 0.1594 0.9606
vn -0.1256 -0.9028 0.4114
vn 0.1420 0.2687 -0.9527
vn -0.0329 0.9432 0.3305
vn -0.1949 -0.8415 0.5040
vn -0.1622 0.9864 -0.0251
vn -0.0374 -0.8472 -0.5300
vn -0.2997 0.4617 0.8348
vn -0.2278 0.5380 0.8116
vn 0.0672 0.2882 -0.9552
vn 0.2014 -0.9095 -0.3637
vn -0.2531 0.5820 0.7728
vn -0.0236 -0.9982 0.0560
vn -0.1517 -0.7846 0.6012
vn -0.2784 0.7037 0.6536
vn -0.3209 -0.8944 -0.3118
vn -0.2721 0.6051 0.7482
vn -0.2344 0.5167 0.8234
vn -0.1487 -0.8340 0.5313
vn -0.2443 0.3629 0.8992
vn -0.6319 -0.7604 -0.1495
vn -0.2569 0.6062 0.7527
vn -0.2656 0.7633 0.5889
vn -0.2455 -0.7934 0.5570
vn 0.0575 0.6207 0.7819
vn -0.1622 0.6827 0.7124
vn -0.1956 0.4791 0.8557
vn -0.1123 -0.3180 0.9414
vn -0.2073 0.7628 0.6125
vn -0.0916 -0.9915 0.0922
vn -0.2824 0.8782 0.3860
vn 0.0409 0.9775 0.2069
vn -0.1263 0.5959 0.7931
vn -0.1545 -0.0665 0.9858
vn -0.1985 0.5357 0.8207
vn 0.0683 0.2493 -0.9660
vn -0.2529 0.5824 0.7726
vn -0.4222 0.0910 0.9019
vn -0.0838 -0.8537 0.5139
vn -0.2451 0.6462 0.7227
vn -0.2127 -0.5699 0.7937
vn -0.0842 -0.8587 0.5056
vn -0.2872 0.4530 0.8440
vn -0.3742 0.7230 0.5807
vn -0.2035 -0.2566 0.9448
vn -0.1349 0.7475 0.6504
vn 0.1105 0.2334 -0.9661
vn -0.3019 0.5190 0.7996
vn -0.2542 -0.5414 0.8015
vn -0.2986 0.4981 0.8141
vn -0.0942 -0.9090 0.4060
vn -0.3234 -0.4822 0.8142
vn -0.3733 0.6947 0.6148
vn -0.1614 -0.3047 -0.9387
vn -0.1759 0.8120 0.5565
vn -0.2509 0.6141 0.7483
vn -0.3023 0.6618 0.6860
vn -0.2877 0.3137 0.9049
vn -0.2442 0.6204 0.7453
vn -0.1686 -0.1850 0.9682
vn -0.2857 0.0375 0.9576
vn -0.3341 -0.5025 0.7974
vn -0.2282 0.4096 0.8832
vn -0.2079 0.9733 -0.0976
vn -0.0997 0.9743 0.2020
vn 0.1098 0.4190 -0.9013
vn -0.5171 -0.4125 0.7500
vn 0.0556 0.4051 0.9126
vn -0.2033 0.9249 -0.3212
vn -0.0755 0.9924 0.0973
vn -0.0014 0.9173 -0.3981
vn -0.3400 -0.6515 0.6782
vn -0.2291 0.5314 0.8155
vn -0.2723 0.5050 0.8190
vn -0.2372 0.5351 0.8108
vn -0.3509 0.6135 0.7074
vn -0.2321 0.5356 0.8119
vn -0.1219 -0.8919 0.4354
vn -0.0601 0.9018 -0.4279
vn -0.0981 0.6592 0.7455
vn -0.2110 0.5661 0.7969
vn 0.0175 0.1972 -0.9802
vn 0.0109 0.8972 -0.4415
vn -0.1819 0.5410 0.8211
vn -0.2047 0.9718 0.1170
vn 0.0338 -0.1917 0.9809
vn 0.0766 0.3386 -0.9378
vn -0.2326 0.8253 0.5146
vn -0.2557 0.3058 0.9171
vn -0.2896 0.4258 0.8572
vn -0.1224 -0.4723 0.8729
vn -0.1995 0.9745 -0.1023
vn -0.2688 -0.7038 0.6576
vn -0.2549 0.3050 0.9176
vn -0.1859 -0.6636 0.7246
vn -0.5151 0.2827 0.8092
vn -0.2098 0.4000 0.8922
vn -0.2549 0.4427 0.8597
vn -0.0912 -0.8889 0.4488
vn -0.1186 -0.7632 0.6352
vn 0.1699 0.7614 0.6256
vn -0.1895 0.7675 0.6124
vn 0.0644 0.7176 0.6934
vn 0.0831 0.7510 0.6551
vn -0.2055 0.7270 0.6551
vn -0.3243 0.7295 0.6022
vn -0.1086 0.6993 0.7065
vn -0.0488 0.8053 0.5909
vn 0.1193 0.9913 0.0549
vn 0.0032 0.9449 0.3273
vn -0.0694 0.9313 0.3576
vn -0.1134 0.9381 0.3272
vn 0.0607 0.9960 0.0650
vn -0.0890 0.9430 0.3207
vn -0.1169 0.9269 0.3566
vn -0.6630 0.7301 0.1656
vn -0.8823 0.4120 0.2276
vn -0.7093 0.6805 0.1840
vn -0.8052 0.5366 0.2527
vn -0.2416 -0.2739 0.9309
vn 0.1069 -0.8702 0.4810
vn -0.2450 -0.5919 0.7678
vn -0.3475 -0.1368 0.9276
vn -0.0351 -0.8329 0.5523
vn 0.0884 -0.8911 0.4451
vn -0.3892 -0.4028 0.8284
vn -0.1788 -0.0772 0.9808
vn 0.1163 -0.8756 0.4687
vn -0.1535 -0.5484 0.8220
vn -0.2921 -0.5760 0.7635
vn -0.0622 -0.6163 0.7850
vn -0.2089 -0.6565 0.7248
vn -0.0544 -0.5044 0.8617
vn -0.3692 -0.4012 0.8383
vn -0.0420 -0.8397 0.5415
vn 0.0478 -0.8854 0.4623
vn -0.3772 -0.2777 0.8835
vn -0.2333 -0.6339 0.7374
vn 0.0328 -0.8866 0.4613
vn -0.0848 -0.8265 0.5565
vn -0.1201 -0.5510 0.8258
vn 0.0526 -0.8771 0.4774
vn -0.0117 -0.8405 0.5417
vn -0.1924 -0.6338 0.7492
vn -0.1833 -0.3263 0.9273
vn -0.2386 -0.6447 0.7263
vn -0.2069 -0.6294 0.7490
vn -0.4941 0.7860 0.3716
vn -0.1553 0.9315 0.3289
vn -0.2663 0.9214 0.2832
vn -0.2687 0.9188 0.2892
vn -0.3463 0.9258 0.1516
vn -0.3220 0.9436 0.0773
vn -0.3257 0.9228 0.2059
vn -0.3082 0.9177 0.2508
vn -0.2538 0.9189 0.3019
vn -0.2031 0.9543 0.2194
vn -0.3358 0.9407 0.0480
vn -0.1777 0.9175 0.3559
vn -0.3859 0.9222 -0.0249
vn -0.3770 0.8964 0.2333
vn -0.5339 0.7701 0.3492
vn -0.3427 0.9273 0.1506
vn -0.4206 0.8612 0.2853
vn -0.2985 0.9511 0.0794
vn -0.3550 0.9243 0.1403
vn -0.3050 0.9295 0.2072
vn -0.3165 0.9030 0.2905
vn -0.2545 0.9183 0.3031
vn 0.1014 -0.4971 0.8618
vn -0.0560 -0.8724 0.4855
vn 0.2069 -0.6231 0.7543
vn 0.0749 -0.8593 0.5059
vn 0.1139 -0.5774 0.8085
vn 0.0340 -0.5521 0.8331
vn -0.0450 -0.5776 0.8151
vn -0.0273 -0.6033 0.7971
vn 0.7427 -0.6327 0.2194
vn 0.0991 -0.5266 0.8443
vn 0.4153 0.3479 0.8405
vn 0.3600 0.6824 0.6362
vn 0.3872 0.5018 0.7735
vn 0.4426 0.4187 0.7930
vn 0.3733 0.7930 0.4814
vn 0.1629 0.2097 0.9641
vn 0.4679 0.2129 0.8577
vn 0.3117 0.6722 0.6716
vn 0.3938 0.7584 0.5194
vn 0.5287 0.6297 0.5692
vn 0.2798 0.6259 0.7280
vn 0.3303 0.6158 0.7153
vn 0.5341 0.7014 0.4720
vn 0.3863 0.7591 0.5239
vn 0.2564 0.7090 0.6569
vn 0.3651 0.4601 0.8093
vn 0.4227 0.5908 0.6873
vn 0.4557 0.3090 0.8348
vn 0.5234 0.6401 0.5624
vn 0.2343 0.7065 0.6678
vn 0.2931 0.8632 0.4111
vn 0.4090 0.6146 0.6746
vn 0.4314 0.7057 0.5620
vn 0.5164 0.7301 0.4475
vn 0.2007 0.4329 0.8788
vn 0.2599 0.7954 0.5475
vn 0.2208 0.9009 0.3737
vn 0.2238 0.8340 0.5043
vn 0.4441 0.3902 0.8065
vn 0.3716 0.7876 0.4916
vn 0.2471 0.8657 0.4353
vn 0.2403 0.3073 0.9208
vn 0.1273 0.3282 0.9360
vn 0.1157 0.8039 0.5834
vn -0.1255 0.6469 0.7522
vn -0.0025 0.1434 0.9897
vn 0.0309 0.5167 0.8556
vn 0.0536 0.4297 0.9014
vn -0.0045 -0.3044 0.9525
vn -0.1118 0.1350 0.9845
vn -0.0518 0.5490 0.8342
vn -0.1891 0.6300 0.7532
vn 0.1305 0.6082 0.7830
vn 0.0574 0.4530 0.8897
vn -0.0219 0.0381 0.9990
vn 0.0266 -0.0942 0.9952
vn -0.0652 0.2777 0.9585
vn 0.0429 0.4352 0.8993
vn -0.0846 0.2332 0.9688
vn -0.0492 0.5510 0.8331
vn 0.0267 0.6520 0.7578
vn -0.0108 0.1994 0.9798
vn 0.0482 0.1213 0.9914
vn -0.1631 0.8551 0.4921
vn 0.0691 0.0004 0.9976
vn -0.1455 0.6709 0.7272
vn -0.0343 0.8248 0.5643
vn -0.0140 0.7943 0.6074
vn -0.0995 0.7849 0.6116
vn 0.1023 0.2252 0.9689
vn 0.1029 0.6888 0.7176
vn -0.0074 -0.3009 0.9536
vn -0.0678 -0.8187 0.5702
vn -0.1053 -0.4400 0.8918
vn -0.6551 0.6277 0.4206
vn -0.4758 0.3230 0.8181
vn -0.0064 -0.4625 0.8866
vn -0.0418 -0.4250 0.9042
vn -0.4958 0.2969 0.8161
vn -0.1465 -0.6390 0.7551
vn -0.6667 -0.4614 0.5853
vn -0.0000 -0.0000 1.0000
vn -0.5918 -0.6452 0.4832
vn -0.1769 -0.9522 0.2489
vn -0.1023 -0.7784 0.6193
vn -0.7988 0.3288 0.5038
vn -0.4666 -0.6240 0.6268
vn -0.5201 -0.0899 0.8493
vn -0.2394 -0.7049 0.6677
vn -0.2952 -0.8131 0.5018
vn -0.2027 -0.7159 0.6681
vn -0.7079 0.4868 0.5117
vn 0.0247 -0.5614 0.8271
vn 0.2543 -0.9111 0.3245
vn -0.0982 -0.5843 0.8056
vn -0.0645 -0.6388 0.7667
vn -0.0125 -0.4743 0.8803
vn -0.1537 -0.8110 0.5645
vn -0.0770 -0.4997 0.8628
vn -0.2081 -0.5613 0.8010
vn -0.6484 0.6360 0.4184
vn -0.3524 0.9345 0.0510
vn 0.2949 0.8222 0.4868
vn 0.3061 0.8367 0.4542
vn 0.2275 0.7932 0.5649
vn 0.3210 0.7751 0.5442
vn 0.2597 0.7350 0.6264
vn 0.3111 0.9270 0.2097
vn 0.3395 0.8551 0.3918
vn 0.3104 0.7176 0.6234
vn 0.3268 0.8214 0.4674
vn 0.3785 0.8059 0.4552
vn 0.2148 0.7157 0.6646
vn 0.3442 0.7760 0.5285
vn 0.2582 0.6961 0.6699
vn 0.3796 0.9140 0.1431
vn 0.2280 0.6761 0.7006
vn 0.2148 0.6084 0.7640
vn 0.4394 0.8810 0.1756
vn 0.3400 0.8515 0.3991
vn 0.2081 0.6059 0.7678
vn 0.3790 0.8385 0.3914
vn 0.3578 0.8022 0.4780
vn 0.3937 0.7693 0.5032
vn 0.3200 0.7514 0.5770
vn 0.4056 0.7951 0.4509
vn 0.3130 0.8218 0.4761
vn 0.3989 0.9062 0.1407
vn 0.3631 0.7714 0.5226
vn 0.4642 0.8629 0.2000
vn 0.3160 0.8195 0.4781
vn 0.3823 0.9120 0.1486
vn 0.2061 0.4675 0.8596
vn 0.3713 0.9069 0.1991
vn 0.2696 0.8344 0.4807
vn 0.2125 0.7145 0.6665
vn 0.3324 0.7549 0.5653
vn 0.1989 0.5431 0.8157
vn 0.1676 0.5812 0.7963
vn 0.2286 0.5925 0.7725
vn 0.3292 0.8467 0.4180
vn 0.4211 0.8878 0.1855
vn 0.3779 0.9157 0.1370
vn 0.1981 0.5434 0.8158
vn 0.3348 0.8410 0.4249
vn 0.3569 0.7645 0.5368
vn 0.3732 0.9058 0.2006
vn 0.3555 0.8316 0.4266
vn 0.3241 0.8479 0.4195
vn 0.1566 0.3145 0.9362
vn 0.3660 0.7670 0.5270
vn 0.3025 0.8417 0.4473
vn 0.3037 0.8001 0.5173
vn 0.3588 0.9222 0.1443
vn 0.3986 0.9063 0.1405
vn 0.3026 0.8352 0.4593
vn 0.1793 0.4450 0.8774
vn 0.3240 0.8418 0.4316
vn 0.3061 0.9361 0.1732
vn 0.1599 0.4996 0.8513
vn 0.4731 0.8623 0.1808
vn -0.3948 0.5870 0.7068
vn -0.8477 0.0529 0.5278
vn -0.7902 -0.5569 0.2561
vn -0.6365 0.5410 0.5497
vn -0.0155 -0.9172 0.3982
vn 0.0343 -0.9056 0.4228
vn 0.0088 -0.9118 0.4106
vn -0.0408 -0.9126 0.4067
vn -0.7703 0.3098 0.5574
vn -0.3981 0.2537 0.8816
vn -0.7892 0.1403 0.5978
vn -0.0169 -0.7112 0.7027
vn -0.6289 0.3180 0.7095
vn -0.0692 0.9504 0.3032
vn -0.4749 0.0057 0.8800
vn -0.5028 -0.0535 0.8627
vn -0.4308 -0.1308 0.8929
vn -0.5971 0.1309 0.7914
vn -0.6263 0.2135 0.7497
vn -0.7079 0.3628 0.6060
vn 0.0328 -0.9183 0.3946
vn -0.7062 0.0983 0.7012
vn -0.0040 -0.6952 0.7188
vn -0.4032 0.5181 0.7543
vn -0.7027 -0.6621 0.2606
vn -0.1087 -0.6863 0.7192
vn -0.9421 -0.3118 0.1231
vn -0.4985 0.1443 0.8548
vn -0.6774 -0.0613 0.7331
vn -0.3941 0.5143 0.7616
vn -0.4247 -0.0456 0.9042
vn -0.4451 -0.3865 0.8078
vn -0.0503 -0.6725 0.7384
vn -0.1247 -0.4924 0.8614
vn 0.0818 -0.8481 0.5235
vn -0.9220 0.3343 0.1954
vn -0.0615 -0.2762 0.9591
vn -0.2925 0.6095 0.7368
vn -0.0940 -0.8802 0.4653
vn -0.0932 -0.6823 0.7251
vn -0.0557 -0.5751 0.8162
vn 0.0123 -0.2944 0.9556
vn -0.6921 0.1415 0.7078
vn -0.2279 -0.1219 0.9660
vn -0.3572 -0.7272 0.5861
vn -0.7657 0.4182 0.4886
vn -0.3190 -0.3930 0.8624
vn -0.0679 -0.6358 0.7689
vn -0.2119 -0.3606 0.9083
vn -0.1547 -0.6722 0.7241
vn -0.1459 -0.4223 0.8946
vn -0.1211 -0.7043 0.6995
vn -0.0787 -0.1225 0.9893
vn 0.0280 -0.8000 0.5994
vn -0.1400 -0.5858 0.7982
vn -0.0818 -0.6993 0.7101
vn -0.5958 -0.4719 0.6499
vn -0.2973 -0.5525 0.7787
vn -0.0623 -0.4991 0.8643
vn -0.3212 -0.4562 0.8299
vn -0.1055 -0.4334 0.8950
vn -0.3282 -0.4401 0.8358
vn -0.3203 -0.4569 0.8298
vn 0.0625 -0.7766 0.6269
vn 0.0042 -0.1385 0.9904
vn -0.0344 -0.5192 0.8540
vn -0.1833 0.7154 0.6742
vn -0.0375 -0.5067 0.8613
vn 0.0098 -0.2891 0.9572
vn -0.2644 0.7532 0.6023
vn -0.3269 0.7254 0.6057
vn -0.3205 0.0025 0.9472
vn -0.1115 -0.0715 0.9912
vn -0.3374 0.1996 0.9200
vn -0.1130 0.1680 0.9793
vn -0.2235 0.2984 0.9279
vn -0.2588 0.5921 0.7632
vn -0.2412 0.6197 0.7469
vn 0.1894 0.9418 0.2778
vn -0.3787 0.0301 0.9250
vn -0.0000 0.9998 0.0200
vn 0.0229 0.9735 0.2275
vn 0.1211 0.1439 0.9822
vn 0.1187 -0.9463 0.3008
vn -0.0999 -0.5617 0.8213
vn -0.2067 -0.0028 0.9784
vn 0.4270 0.7729 0.4694
vn -0.1769 -0.3152 0.9324
vn -0.0463 0.9785 0.2010
vn -0.2346 -0.3633 0.9016
vn -0.1008 0.3501 0.9313
vn -0.1591 -0.3444 0.9252
vn -0.2140 -0.3867 0.8970
vn -0.0136 -0.2290 0.9733
vn -0.0484 0.2397 0.9696
vn -0.0418 -0.5193 0.8535
vn -0.4869 0.1962 0.8511
vn -0.2470 -0.2330 0.9406
vn 0.1325 -0.4554 0.8804
vn -0.2374 -0.2415 0.9409
vn -0.4546 0.3726 0.8090
vn 0.1085 0.4409 0.8910
vn -0.2866 -0.1293 0.9493
vn -0.2559 0.0575 0.9650
vn -0.0918 0.3020 0.9489
vn -0.0802 0.4194 0.9043
vn -0.3919 -0.0020 0.9200
vn -0.4122 -0.2304 0.8815
vn 0.1097 0.1588 0.9812
vn -0.0697 0.3706 0.9262
vn -0.0612 -0.7950 0.6035
vn -0.0823 0.2751 0.9579
vn -0.1567 0.1441 0.9771
vn -0.2338 0.0036 0.9723
vn -0.3320 -0.1045 0.9375
vn -0.2817 -0.0720 0.9568
vn -0.1384 -0.2253 0.9644
vn 0.1931 -0.6388 0.7447
vn 0.3698 -0.1511 0.9168
vn 0.2918 -0.0536 0.9550
vn 0.2272 -0.5844 0.7790
vn 0.0436 -0.2589 0.9649
vn 0.2137 0.0801 0.9736
vn 0.3284 -0.5684 0.7544
vn 0.3573 -0.4906 0.7948
vn 0.3407 -0.4596 0.8202
vn 0.4236 0.0854 0.9018
vn 0.0075 -0.2894 0.9572
vn 0.2150 -0.1430 0.9661
vn 0.2975 0.2069 0.9320
vn 0.4137 -0.4555 0.7883
vn 0.3251 -0.1424 0.9349
vn 0.2773 -0.1075 0.9547
vn 0.2715 -0.1133 0.9557
vn 0.1870 -0.0625 0.9804
vn 0.4832 -0.5469 0.6837
vn 0.5217 -0.5452 0.6562
vn 0.3814 0.1259 0.9158
vn 0.2366 -0.3862 0.8916
vn 0.2266 -0.8161 0.5316
vn 0.3612 0.1390 0.9221
vn 0.3143 -0.7839 0.5355
vn 0.2801 0.1554 0.9473
vn 0.4079 -0.0214 0.9128
vn 0.3430 -0.7838 0.5177
vn 0.2796 -0.8075 0.5194
vn 0.2773 -0.3771 0.8837
vn 0.0478 -0.0977 0.9941
vn 0.4284 -0.6456 0.6322
vn -0.1513 0.0004 0.9885
vn 0.0143 -0.0131 0.9998
vn 0.2422 -0.3299 0.9124
vn 0.1387 -0.2642 0.9544
vn 0.4691 -0.6078 0.6407
vn 0.0111 -0.4100 0.9120
vn 0.4999 -0.4770 0.7229
vn 0.4887 -0.2567 0.8338
vn 0.3042 -0.6347 0.7104
vn 0.2618 -0.3130 0.9130
vn 0.4354 -0.5904 0.6797
vn 0.4086 -0.3206 0.8545
vn 0.3035 -0.4346 0.8480
vn 0.3065 -0.2339 0.9227
vn 0.2453 -0.0933 0.9649
vn 0.3309 -0.0404 0.9428
vn 0.0637 -0.1718 0.9831
vn 0.2273 -0.3321 0.9154
vn 0.0423 -0.0743 0.9963
vn 0.0151 -0.0117 0.9998
vn 0.1160 -0.8196 0.5611
vn 0.2105 0.1074 0.9717
vn 0.0789 -0.3091 0.9478
vn 0.0139 -0.2030 0.9791
vn 0.1637 -0.1031 0.9811
vn 0.1641 -0.8065 0.5681
vn 0.4506 -0.0872 0.8885
vn 0.4237 -0.4020 0.8117
vn 0.2489 -0.1938 0.9489
vn 0.4440 -0.1735 0.8791
vn 0.7144 -0.5715 0.4038
vn 0.5225 -0.0577 0.8507
vn 0.4208 -0.4622 0.7806
vn 0.2551 -0.2505 0.9339
vn 0.7892 -0.4158 0.4520
vn 0.6256 -0.6064 0.4908
vn 0.3437 -0.3028 0.8889
vn 0.3241 -0.3103 0.8937
vn 0.3329 -0.4937 0.8034
vn 0.3681 -0.0628 0.9276
vn 0.4681 -0.2270 0.8540
vn 0.7770 -0.4214 0.4677
vn 0.8239 -0.2768 0.4945
vn 0.5919 -0.5320 0.6055
vn 0.3898 -0.3876 0.8353
vn 0.4626 -0.5501 0.6953
vn 0.3818 -0.4342 0.8159
vn 0.6093 -0.3932 0.6886
vn 0.4798 -0.1937 0.8557
vn 0.4635 -0.5738 0.6752
vn 0.2200 0.5910 0.7761
vn 0.4688 -0.1757 0.8657
vn 0.4597 -0.2171 0.8611
vn 0.8602 -0.4943 0.1253
vn 0.0949 -0.0424 0.9946
vn 0.6386 -0.6389 0.4290
vn 0.5119 -0.6636 0.5455
vn 0.2978 -0.2491 0.9215
vn 0.2557 -0.0002 0.9668
vn 0.3272 -0.5996 0.7304
vn 0.8445 -0.5194 0.1307
vn 0.3732 -0.5689 0.7329
vn 0.3447 -0.3033 0.8884
vn 0.2855 -0.2916 0.9129
vn 0.3754 -0.5643 0.7353
vn 0.0180 -0.3168 0.9483
vn 0.2490 -0.4177 0.8738
vn 0.2980 -0.4501 0.8418
vn 0.9095 -0.4152 -0.0193
vn 0.3982 -0.6098 0.6853
vn 0.2498 -0.3159 0.9153
vn 0.2156 0.1179 0.9693
vn 0.2972 -0.8068 0.5107
vn 0.2887 -0.5839 0.7588
vn 0.6310 -0.2397 0.7379
vn 0.4010 -0.5895 0.7012
vn 0.2973 -0.6563 0.6934
vn -0.0283 -0.3634 0.9312
vn 0.2328 -0.1278 0.9641
vn 0.2957 -0.3040 0.9056
vn 0.2711 -0.3929 0.8787
vn 0.4288 -0.6454 0.6322
vn 0.2333 0.1815 0.9553
vn 0.3209 -0.6540 0.6850
vn 0.2150 0.2514 0.9437
vn 0.2773 0.1886 0.9421
vn 0.2406 0.2172 0.9460
vn 0.2348 0.2632 0.9357
vn 0.4902 -0.6760 0.5502
vn 0.3003 -0.1055 0.9480
vn 0.1971 0.2403 0.9505
vn 0.2298 -0.3667 0.9015
vn 0.3169 -0.3000 0.8998
vn 0.2919 -0.4489 0.8445
vn 0.1864 0.0784 0.9793
vn 0.2156 0.3059 0.9273
vn 0.1366 -0.2808 0.9500
vn 0.1904 0.1799 0.9651
vn 0.1818 0.2638 0.9473
vn 0.3115 -0.2495 0.9169
vn 0.1713 0.2686 0.9479
vn 0.2571 -0.4227 0.8690
vn 0.1845 0.1961 0.9631
vn 0.3531 -0.0253 0.9352
vn 0.2754 0.1822 0.9439
vn 0.3411 -0.2994 0.8911
vn 0.4611 0.0670 0.8848
vn 0.3718 0.0388 0.9275
vn 0.1763 0.0988 0.9794
vn 0.2796 -0.2900 0.9153
vn 0.3566 -0.2078 0.9109
vn 0.7041 -0.4380 0.5589
vn 0.2306 0.1175 0.9659
vn 0.5453 -0.5199 0.6576
vn 0.1767 0.1903 0.9657
vn 0.2894 -0.6213 0.7282
vn 0.2831 -0.2321 0.9306
vn 0.1346 -0.0825 0.9875
vn 0.4278 -0.5490 0.7181
vn 0.1189 -0.2547 0.9597
vn 0.2338 -0.0917 0.9680
vn 0.4206 -0.3809 0.8234
vn 0.1231 -0.2049 0.9710
vn 0.2935 -0.0356 0.9553
vn 0.2218 -0.3800 0.8980
vn 0.3058 -0.1905 0.9328
vn 0.3153 0.0634 0.9469
vn 0.2238 -0.1023 0.9692
vn 0.3801 0.1284 0.9160
vn 0.4429 -0.0579 0.8947
vn 0.2753 -0.2567 0.9265
vn 0.0863 -0.4835 0.8711
vn 0.3095 -0.2493 0.9176
vn 0.0654 -0.1482 0.9868
vn 0.3464 -0.6132 0.7099
vn 0.1648 -0.1422 0.9760
vn 0.1857 -0.1011 0.9774
vn 0.3139 -0.5756 0.7551
vn 0.3553 -0.1532 0.9221
vn 0.3481 -0.4223 0.8369
vn 0.3632 -0.7598 0.5393
vn 0.3018 -0.4245 0.8536
vn 0.3283 -0.0145 0.9445
vn 0.3569 0.1122 0.9274
vn 0.2902 0.0644 0.9548
vn 0.1818 -0.0738 0.9806
vn 0.2403 -0.2778 0.9301
vn 0.2799 0.4289 0.8589
vn 0.4214 -0.0486 0.9056
vn 0.4143 -0.5478 0.7269
vn 0.2709 -0.0278 0.9622
vn 0.4049 -0.1761 0.8972
vn 0.5327 -0.4054 0.7429
vn 0.2495 -0.3157 0.9155
vn 0.4238 -0.1077 0.8993
vn 0.6082 -0.2007 0.7680
vn 0.2919 -0.6092 0.7373
vn 0.5684 -0.5141 0.6424
vn 0.3044 -0.2896 0.9075
vn 0.3610 0.0405 0.9317
vn 0.2819 -0.3514 0.8928
vn -0.1071 -0.3600 0.9268
vn 0.2736 -0.8312 0.4841
vn 0.2005 0.0271 0.9793
vn 0.2883 -0.3454 0.8931
vn 0.5143 -0.5162 0.6849
vn 0.3573 -0.1975 0.9129
vn 0.3614 0.0975 0.9273
vn 0.3368 -0.2817 0.8984
vn 0.2953 -0.2225 0.9291
vn -0.1641 -0.5310 0.8313
vn 0.4485 -0.5753 0.6840
vn 0.3612 -0.2034 0.9100
vn 0.6737 -0.2001 0.7114
vn 0.4812 -0.3948 0.7827
vn 0.3009 -0.2945 0.9070
vn 0.2945 -0.4311 0.8529
vn 0.2890 -0.3967 0.8713
vn 0.3811 -0.1963 0.9035
vn 0.1854 0.9664 0.1779
vn 0.0003 0.2957 0.9553
vn 0.2899 0.8532 0.4335
vn 0.2007 0.9195 0.3379
vn 0.2086 0.9110 0.3558
vn 0.2664 0.7983 0.5401
vn 0.2786 0.2958 0.9137
vn 0.3598 0.8457 0.3941
vn 0.0976 0.6803 0.7264
vn -0.0715 0.1345 0.9883
vn 0.1245 0.3440 0.9307
vn 0.3069 0.0206 0.9515
vn -0.0306 0.1513 0.9880
vn 0.1874 0.7204 0.6678
vn -0.0833 -0.0246 0.9962
vn 0.1477 0.7720 0.6183
vn 0.0493 -0.0626 0.9968
vn -0.1230 -0.0997 0.9874
vn 0.2603 0.8033 0.5357
vn 0.1796 0.9837 -0.0118
vn 0.1026 0.1488 0.9835
vn 0.1254 0.8928 0.4327
vn 0.2156 -0.1571 0.9638
vn 0.1081 0.6144 0.7816
vn 0.3478 0.8003 0.4884
vn 0.2101 0.7879 0.5789
vn 0.0580 0.0394 0.9975
vn 0.0573 -0.1351 0.9892
vn 0.0013 0.8749 0.4844
vn -0.0901 -0.2242 0.9704
vn 0.1640 0.8558 0.4907
vn 0.0973 0.5756 0.8119
vn 0.1349 0.9097 0.3927
vn 0.1679 0.2480 0.9541
vn 0.0281 0.9380 0.3455
vn 0.2015 0.0161 0.9794
vn 0.2515 0.8334 0.4921
vn 0.2900 0.6791 0.6743
vn 0.0401 0.2702 0.9620
vn 0.0741 0.8729 0.4823
vn 0.3295 0.7739 0.5407
vn 0.1266 0.9161 0.3804
vn -0.0182 0.9037 0.4279
vn 0.0685 -0.0432 0.9967
vn 0.0016 0.9916 0.1297
vn 0.2259 0.0732 0.9714
vn 0.1740 0.4857 0.8567
vn 0.1933 -0.0467 0.9800
vn 0.0711 0.4979 0.8643
vn 0.0653 -0.1085 0.9919
vn 0.3170 0.9113 0.2627
vn 0.1098 0.5284 0.8419
vn -0.0444 -0.3128 0.9488
vn 0.3626 0.8647 0.3476
vn 0.0086 0.9137 0.4063
vn -0.1007 -0.5742 0.8125
vn 0.2620 0.0032 0.9651
vn -0.0149 0.9118 0.4104
vn 0.2908 0.8003 0.5244
vn 0.0362 0.1746 0.9840
vn 0.0969 0.2565 0.9617
vn -0.0759 -0.4070 0.9102
vn 0.2751 -0.0315 0.9609
vn 0.0837 0.8623 0.4995
vn -0.0844 -0.4096 0.9083
vn 0.1693 0.9562 0.2389
vn 0.0687 0.0764 0.9947
vn 0.2510 0.3089 0.9174
vn 0.2484 0.7350 0.6310
vn 0.0655 0.8942 0.4429
vn 0.0928 0.3072 0.9471
vn -0.0318 -0.0703 0.9970
vn 0.1324 0.6849 0.7165
vn 0.1708 0.9853 -0.0022
vn 0.1363 0.9903 -0.0259
vn 0.1164 0.9913 -0.0608
vn 0.1043 0.6897 0.7165
vn -0.0390 -0.3038 0.9519
vn -0.0319 0.1938 0.9805
vn 0.1255 0.3145 0.9409
vn 0.1517 0.7631 0.6282
vn 0.1448 0.8927 0.4268
vn -0.0315 -0.1970 0.9799
vn -0.0927 -0.5322 0.8415
vn -0.0122 -0.4568 0.8895
vn 0.1003 0.3153 0.9437
vn 0.1615 0.9461 0.2808
vn -0.0388 0.8911 0.4522
vn 0.1383 0.6866 0.7138
vn -0.0521 -0.1570 0.9862
vn -0.0246 -0.2081 0.9778
vn 0.4041 -0.0195 0.9145
vn -0.0703 0.3031 0.9504
vn 0.0475 0.5800 0.8132
vn 0.0366 0.9497 0.3112
vn 0.2952 -0.1336 0.9460
vn 0.1188 -0.2342 0.9649
vn 0.1855 -0.0627 0.9806
vn 0.0678 0.0471 0.9966
vn 0.3449 -0.0572 0.9369
vn 0.0576 0.5528 0.8314
vn 0.1227 0.7028 0.7007
vn 0.0939 0.6657 0.7403
vn 0.1431 0.7505 0.6452
vn -0.0564 -0.3173 0.9467
vn -0.0265 0.4026 0.9150
vn 0.2081 0.1372 0.9684
vn 0.1707 0.8844 0.4343
vn 0.0414 0.9000 0.4339
vn 0.1699 0.9443 0.2818
vn 0.2454 0.5943 0.7659
vn 0.1167 0.5222 0.8448
vn 0.1287 0.8232 0.5530
vn 0.3131 0.7084 0.6326
vn 0.1146 0.5206 0.8461
vn 0.0259 0.3648 0.9307
vn -0.1081 0.0163 0.9940
vn 0.1265 0.6942 0.7085
vn 0.1050 0.6892 0.7170
vn 0.0662 0.6169 0.7842
vn 0.2038 0.8323 0.5155
vn 0.1222 0.9905 -0.0635
vn 0.0616 -0.1367 0.9887
vn 0.0215 0.9020 0.4312
vn 0.0683 0.5942 0.8014
vn -0.1148 0.7516 0.6496
vn 0.1947 0.9530 0.2322
vn 0.1065 0.9921 -0.0655
vn 0.1599 0.9706 0.1799
vn 0.1873 0.9758 0.1125
vn -0.0585 0.3522 0.9341
vn 0.2743 0.8954 0.3506
vn 0.0234 0.8818 0.4711
vn 0.1577 0.9010 0.4041
vn 0.1370 0.6820 0.7184
vn 0.2961 -0.0749 0.9522
vn 0.0781 -0.5884 0.8048
vn 0.2241 -0.0299 0.9741
vn -0.0332 -0.3077 0.9509
vn 0.0715 0.3698 0.9264
vn 0.0044 0.9276 0.3736
vn 0.3427 0.7163 0.6078
vn 0.3035 -0.0883 0.9487
vn 0.1469 0.6813 0.7171
vn 0.1287 0.9367 0.3257
vn 0.0416 0.9001 0.4337
vn 0.3433 0.8609 0.3755
vn 0.1763 0.9198 0.3505
vn -0.0787 -0.1638 0.9833
vn -0.0381 -0.0537 0.9978
vn 0.0997 0.1366 0.9856
vn -0.0261 0.3782 0.9254
vn 0.2871 -0.0736 0.9551
vn 0.1413 0.4381 0.8877
vn 0.4818 0.6734 0.5608
vn 0.1372 0.6026 0.7862
vn 0.2576 0.7500 0.6093
vn 0.0253 -0.0547 0.9982
vn 0.2277 0.5048 0.8327
vn 0.1462 0.9403 0.3075
vn 0.0803 0.8188 0.5684
vn 0.2662 0.0819 0.9604
vn 0.1396 0.3996 0.9060
vn 0.1601 0.7616 0.6279
vn 0.1960 0.1243 0.9727
vn 0.1707 0.8376 0.5189
vn 0.2097 0.3219 0.9232
vn 0.2665 0.3208 0.9089
vn 0.0360 0.9321 0.3605
vn 0.1299 0.8227 0.5535
vn 0.1597 0.1534 0.9752
vn 0.1232 0.4638 0.8773
vn -0.0790 0.1440 0.9864
vn 0.3555 0.7993 0.4844
vn 0.4034 0.8501 0.3385
vn 0.0720 0.1887 0.9794
vn -0.1228 0.7893 0.6017
vn 0.0946 0.8139 0.5732
vn 0.0043 0.6075 0.7943
vn 0.1393 0.9877 -0.0711
vn -0.0047 0.3146 0.9492
vn 0.2044 0.8358 0.5096
vn 0.2235 0.9734 -0.0501
vn 0.0565 0.6679 0.7421
vn 0.0549 0.3046 0.9509
vn 0.0132 0.3127 0.9498
vn 0.1377 0.6187 0.7734
vn 0.2559 0.0730 0.9639
vn 0.3905 0.8320 0.3940
vn 0.0286 -0.3955 0.9180
vn 0.2743 -0.2630 0.9250
vn 0.2137 0.4256 0.8793
vn 0.2606 0.9552 0.1403
vn 0.2264 -0.1943 0.9545
vn 0.2954 0.6947 0.6559
vn 0.0454 0.4225 0.9052
vn 0.1909 0.2811 0.9405
vn -0.0930 0.0220 0.9954
vn 0.2977 0.5684 0.7670
vn 0.2548 0.0920 0.9626
vn 0.2875 0.6587 0.6953
vn 0.3767 0.8513 0.3652
vn 0.2105 -0.0326 0.9770
vn 0.1287 0.2582 0.9575
vn 0.2941 0.4558 0.8401
vn 0.3650 0.8565 0.3650
vn -0.0911 -0.5345 0.8403
vn 0.3068 0.8501 0.4280
vn 0.3546 -0.0804 0.9315
vn 0.0320 0.9021 0.4304
vn 0.0888 -0.4882 0.8682
vn 0.0995 0.3060 0.9468
vn 0.1837 0.8537 0.4873
vn 0.1085 0.5583 0.8225
vn 0.0204 0.8766 0.4807
vn 0.2519 -0.1273 0.9594
vn 0.0090 0.3462 0.9381
vn 0.2474 0.9457 0.2107
vn 0.0277 0.4433 0.8959
vn 0.0810 0.2658 0.9606
vn 0.0870 0.8192 0.5669
vn 0.3440 0.8545 0.3892
vn 0.0212 0.9274 0.3734
vn -0.0237 -0.2033 0.9788
vn 0.0926 0.4612 0.8824
vn 0.1351 0.8945 0.4262
vn 0.4039 0.8507 0.3365
vn 0.2495 0.9669 -0.0534
vn 0.2400 0.3179 0.9173
vn 0.1523 0.8849 0.4402
vn 0.0908 0.8684 0.4874
vn 0.2063 0.0601 0.9766
vn -0.0586 -0.3123 0.9482
vn 0.1666 0.6834 0.7108
vn 0.1103 -0.2755 0.9550
vn 0.1189 0.6182 0.7770
vn -0.0423 0.9399 0.3387
vn 0.1525 0.9046 0.3981
vn 0.2555 0.8700 0.4217
vn 0.0640 0.8586 0.5087
vn 0.2632 -0.1475 0.9534
vn 0.3113 -0.0065 0.9503
vn 0.2112 0.9034 0.3732
vn 0.1922 -0.3932 0.8992
vn 0.2217 0.9012 0.3725
vn 0.1837 0.8954 0.4055
vn 0.0575 0.8955 0.4414
vn 0.5027 0.8392 0.2075
vn 0.4392 0.8965 0.0578
vn 0.2589 0.9635 0.0677
vn 0.4169 0.6226 -0.6623
vn 0.5320 0.7748 0.3417
vn 0.5307 0.7943 -0.2956
vn 0.3665 0.9304 0.0097
vn 0.3496 0.8174 0.4579
vn 0.4346 0.8998 -0.0375
vn 0.5528 0.8255 -0.1135
vn 0.3688 0.5880 -0.7199
vn 0.4374 0.5044 -0.7445
vn 0.6973 0.4896 -0.5235
vn 0.2078 0.9759 0.0660
vn 0.5014 0.2215 -0.8364
vn 0.4608 0.8025 0.3791
vn 0.4483 0.6338 -0.6304
vn 0.4407 0.8782 0.1858
vn 0.2462 0.9578 0.1483
vn 0.2966 0.8822 0.3656
vn 0.4475 0.6344 -0.6302
vn 0.4351 0.3646 -0.8233
vn 0.3438 0.8561 0.3859
vn 0.5152 0.8378 0.1808
vn 0.2807 0.7729 0.5691
vn 0.4270 0.8174 0.3867
vn 0.2316 0.9503 0.2082
vn 0.4203 0.8930 0.1611
vn 0.5034 0.7918 0.3460
vn 0.5065 0.8245 0.2522
vn 0.2845 0.8845 0.3698
vn 0.2478 0.9011 0.3558
vn 0.5354 0.7691 0.3491
vn 0.3043 0.8044 0.5102
vn 0.3951 0.5524 -0.7339
vn 0.5795 0.7953 0.1777
vn 0.4500 0.8226 0.3476
vn 0.2782 0.9545 -0.1073
vn 0.4029 0.8963 0.1853
vn 0.2796 0.6120 -0.7398
vn 0.1933 0.9720 -0.1339
vn 0.4561 0.8788 -0.1402
vn 0.3937 0.7712 0.5003
vn 0.2524 0.9653 0.0669
vn 0.2455 0.9067 0.3429
vn 0.3011 0.9254 -0.2302
vn 0.4993 0.8622 0.0851
vn 0.4547 0.8905 0.0134
vn 0.1194 0.5253 -0.8425
vn 0.4661 0.4738 -0.7472
vn 0.5140 0.8523 -0.0969
vn 0.6046 0.7957 0.0368
vn 0.5669 0.8187 -0.0910
vn 0.3840 0.7799 -0.4943
vn 0.5875 0.7842 0.1997
vn 0.7120 0.3690 -0.5974
vn 0.4146 0.8613 -0.2937
vn 0.4539 0.8802 -0.1390
vn 0.4218 0.4598 -0.7814
vn 0.4581 0.5790 -0.6745
vn 0.8467 0.0406 -0.5306
vn 0.1768 0.9683 -0.1764
vn 0.2337 0.9668 0.1031
vn 0.3713 0.9285 -0.0084
vn 0.5201 0.7762 0.3565
vn 0.4416 0.8718 0.2122
vn 0.5556 0.7903 0.2581
vn 0.2671 0.7847 0.5594
vn 0.2960 0.9436 0.1484
vn 0.3006 0.5977 0.7432
vn 0.3845 0.3050 0.8713
vn 0.2281 0.6415 0.7324
vn 0.8854 0.3590 0.2952
vn 0.9700 0.0279 0.2414
vn 0.3526 0.3066 0.8841
vn 0.8933 0.3174 0.3183
vn 0.2741 0.8219 0.4993
vn 0.4992 0.0736 0.8633
vn 0.4580 0.1775 0.8711
vn 0.4023 0.2156 0.8898
vn 0.4510 0.1337 0.8825
vn 0.4098 0.8948 0.1773
vn 0.3718 0.3913 0.8418
vn 0.1455 0.8227 -0.5495
vn 0.4507 0.1335 0.8827
vn 0.9536 0.1792 0.2419
vn 0.9414 -0.3345 -0.0439
vn 0.5136 -0.0754 0.8547
vn 0.8595 -0.2362 0.4533
vn 0.8623 -0.2206 0.4558
vn 0.5306 0.4555 0.7148
vn -0.1483 0.7343 0.6624
vn -0.3145 0.6908 0.6511
vn 0.3078 0.6724 0.6731
vn 0.2482 0.2420 0.9380
vn -0.6176 -0.3656 0.6963
vn -0.4770 -0.3792 0.7929
vn 0.5735 0.5028 0.6468
vn 0.4283 0.1362 0.8933
vn -0.2795 0.6199 0.7332
vn -0.3659 0.0126 0.9306
vn -0.3439 0.6021 0.7206
vn -0.9654 0.0456 0.2568
vn 0.2918 0.6310 0.7188
vn -0.9232 -0.1405 0.3578
vn -0.8364 -0.1244 0.5339
vn 0.6633 0.5919 -0.4579
vn -0.2637 0.6697 0.6942
vn -0.3800 0.0544 0.9234
vn 0.0514 0.2878 0.9563
vn 0.2178 0.6538 0.7246
vn -0.3198 0.4207 0.8490
vn -0.4543 0.0496 0.8895
vn -0.0856 0.7882 0.6094
vn -0.2209 0.0915 0.9710
vn -0.2741 0.2770 0.9209
vn -0.5430 0.1163 0.8316
vn -0.1479 0.7465 0.6488
vn -0.3509 0.4049 0.8443
vn -0.1052 0.3706 0.9228
vn -0.0232 0.5064 0.8620
vn 0.3354 0.3395 0.8788
vn 0.2587 0.7288 0.6339
vn -0.1077 0.7811 0.6151
vn 0.0186 0.0637 0.9978
vn -0.6722 0.2839 0.6838
vn -0.2987 0.2710 0.9151
vn 0.0363 0.3901 0.9201
vn -0.2552 0.1681 0.9522
vn -0.6609 -0.4123 0.6271
vn 0.4388 0.5691 0.6954
vn 0.1498 0.3474 0.9257
vn 0.0040 0.5844 0.8114
vn -0.2370 0.0908 0.9673
vn -0.0098 0.0703 0.9975
vn -0.0506 0.7693 0.6369
vn 0.1454 0.4940 0.8572
vn 0.3391 0.2850 0.8965
vn 0.1345 0.8688 0.4765
vn 0.4355 0.5274 0.7295
vn -0.6042 -0.2648 0.7516
vn -0.1054 0.6403 0.7608
vn -0.2002 0.5962 0.7775
vn -0.4399 0.0823 0.8943
vn 0.6097 0.4159 -0.6747
vn -0.0592 0.7583 0.6492
vn 0.3609 -0.2153 0.9074
vn -0.7707 0.0372 0.6361
vn 0.4242 -0.1555 0.8921
vn 0.2628 -0.1170 0.9577
vn 0.0701 0.3146 0.9466
vn 0.3898 -0.0483 0.9196
vn -0.0745 0.6495 0.7567
vn 0.2599 -0.1230 0.9578
vn -0.7007 0.0795 0.7090
vn -0.3880 0.3376 0.8576
vn 0.1743 0.2435 0.9541
vn -0.0676 0.7615 0.6447
vn -0.2655 0.7261 0.6343
vn 0.4234 -0.0471 0.9047
vn 0.1056 0.1742 0.9790
vn 0.0647 -0.0387 0.9972
vn 0.4334 0.7291 -0.5297
vn -0.8386 -0.1513 0.5234
vn 0.3472 0.6250 -0.6992
vn 0.1997 0.6204 0.7584
vn 0.3270 -0.1500 0.9331
vn -0.4942 -0.4430 0.7480
vn 0.6635 0.4759 -0.5773
vn 0.4210 -0.0451 0.9060
vn -0.6792 -0.4440 0.5844
vn -0.4716 0.0323 0.8812
vn 0.3095 0.0313 0.9504
vn -0.7021 -0.2056 0.6818
vn 0.4043 0.1454 0.9030
vn 0.3416 0.3552 0.8701
vn 0.3572 -0.2170 0.9085
vn 0.2443 0.3470 0.9055
vn 0.3397 0.4214 0.8408
vn 0.6122 0.3112 0.7269
vn 0.4462 0.4073 0.7969
vn 0.2392 0.2460 0.9393
vn 0.4947 0.4220 0.7597
vn -0.6873 -0.4061 0.6022
vn -0.3721 0.1382 0.9179
vn 0.3951 0.4598 0.7953
vn -0.8097 0.4063 0.4235
vn 0.4197 0.3054 0.8547
vn -0.6911 -0.1252 0.7119
vn -0.3834 -0.2694 0.8834
vn 0.5792 0.5176 0.6297
vn 0.4569 0.4242 0.7818
vn 0.1891 0.8269 0.5296
vn 0.4912 0.3914 0.7781
vn 0.0260 0.3294 0.9438
vn -0.9089 0.0310 0.4159
vn -0.3223 0.2761 0.9055
vn -0.7155 0.1149 0.6891
vn -0.9279 -0.0194 0.3724
vn 0.5682 0.4938 -0.6583
vn -0.7536 -0.0476 0.6556
vn 0.5615 0.0166 0.8273
vn -0.0934 0.7645 0.6379
vn 0.3741 0.3432 0.8616
vn -0.5962 -0.2620 0.7589
vn -0.4790 -0.3826 0.7900
vn 0.4818 0.4322 0.7623
vn 0.6994 0.0939 0.7086
vn 0.4044 0.3569 0.8421
vn 0.6295 0.2479 0.7364
vn 0.0439 0.9894 0.1383
vn 0.7945 0.4878 -0.3617
vn 0.2202 0.1404 0.9653
vn 0.2442 0.0828 0.9662
vn 0.0113 0.2083 0.9780
vn 0.7847 0.6199 0.0033
vn 0.6720 -0.0253 0.7401
vn 0.6224 -0.0451 0.7814
vn 0.6891 0.4918 -0.5322
vn 0.6765 0.5255 -0.5160
vn -0.4617 0.0572 0.8852
vn 0.6885 0.0358 0.7244
vn 0.5747 0.5475 -0.6083
vn 0.5807 -0.0028 0.8141
vn 0.4162 -0.2337 0.8788
vn 0.3705 -0.1385 0.9184
vn 0.7394 -0.3586 0.5698
vn 0.3828 -0.0234 0.9235
vn 0.4819 -0.7617 0.4331
vn 0.7700 -0.2660 0.5799
vn 0.6830 -0.1270 0.7193
vn 0.6054 -0.2288 0.7624
vn 0.4840 0.5607 0.6718
vn 0.4086 -0.2474 0.8786
vn 0.3049 -0.7755 0.5528
vn 0.3921 -0.0050 0.9199
vn 0.3660 -0.2052 0.9077
vn 0.6951 -0.3682 0.6174
vn 0.5849 -0.3428 0.7351
vn 0.2729 -0.6757 0.6848
vn 0.4436 -0.6789 0.5851
vn 0.4874 -0.6168 0.6180
vn 0.5755 -0.4734 0.6668
vn 0.2857 -0.7196 0.6329
vn 0.3363 -0.1690 0.9265
vn 0.4839 -0.5965 0.6403
vn 0.4235 -0.5502 0.7196
vn 0.2408 0.0777 0.9675
vn 0.1808 -0.4475 0.8758
vn 0.3639 -0.4939 0.7897
vn 0.4509 -0.4664 0.7610
vn 0.4022 -0.0104 0.9155
vn 0.4605 -0.1958 0.8658
vn 0.9857 -0.1084 -0.1288
vn 0.5690 -0.3006 0.7654
vn 0.4518 -0.2403 0.8591
vn 0.2782 -0.2090 0.9375
vn 0.2354 -0.7165 0.6567
vn 0.9707 -0.2056 -0.1245
vn 0.2904 -0.4879 0.8232
vn 0.3945 -0.2226 0.8915
vn 0.1997 -0.4588 0.8658
vn 0.5404 0.4044 -0.7378
vn 0.8322 0.4838 -0.2710
vn 0.5771 -0.4542 0.6787
vn 0.3651 -0.1339 0.9213
vn 0.9882 -0.1493 -0.0332
vn 0.3855 -0.3398 0.8579
vn 0.2385 -0.0684 0.9687
vn 0.4747 -0.2833 0.8333
vn -0.4705 -0.3953 0.7889
vn 0.1434 0.6557 -0.7413
vn 0.3991 -0.1814 0.8988
vn 0.6064 0.2722 0.7471
vn 0.5296 0.2350 0.8151
vn 0.5558 0.2187 0.8020
vn 0.5072 -0.1768 0.8435
vn 0.5804 -0.0030 0.8143
vn 0.4871 0.3455 0.8021
vn 0.3541 -0.4648 0.8115
vn -0.9210 -0.0893 0.3792
vn -0.9045 0.1030 0.4139
vn 0.2178 -0.6280 0.7471
vn 0.4924 -0.3882 0.7791
vn 0.3192 -0.0425 0.9467
vn 0.6666 0.5315 -0.5227
vn 0.6199 -0.2176 0.7539
vn 0.5178 -0.2059 0.8304
vn 0.1009 0.1735 0.9796
vn 0.4932 -0.3077 0.8137
vn 0.8468 0.3381 -0.4107
vn 0.7797 0.3376 -0.5273
vn 0.9820 -0.0166 -0.1883
vn 0.8736 0.0872 -0.4788
vn 0.9658 0.1134 -0.2330
vn 0.9642 -0.2621 -0.0395
vn 0.7359 0.4202 -0.5310
vn 0.9461 0.1024 0.3071
vn 0.6840 0.4319 -0.5879
vn 0.9540 0.2326 -0.1890
vn 0.9717 0.1207 -0.2032
vn 0.4157 -0.1038 0.9035
vn 0.2977 -0.2033 0.9328
vn 0.4392 0.8886 -0.1324
vn 0.9722 0.0825 -0.2190
vn 0.1904 -0.1189 0.9745
vn 0.9735 0.0762 -0.2156
vn 0.9280 0.3618 -0.0892
vn 0.4307 0.5384 0.7243
vn 0.9628 0.0923 -0.2538
vn 0.8642 0.2282 -0.4484
vn 0.4473 0.3876 0.8060
vn -0.1176 0.6740 0.7293
vn 0.9070 0.0400 -0.4193
vn 0.9992 0.0394 0.0109
vn 0.1250 0.4665 0.8757
vn 0.5368 0.8412 0.0659
vn 0.4611 0.8833 0.0848
vn 0.3073 0.2159 0.9268
vn 0.1829 0.2445 0.9522
vn -0.2084 0.2325 0.9500
vn 0.9309 0.1803 0.3176
vn 0.8876 0.1514 -0.4350
vn 0.6356 0.7668 0.0892
vn 0.9837 0.1778 -0.0275
vn 0.8710 0.4058 -0.2769
vn 0.7792 0.3676 -0.5077
vn 0.9861 0.1586 0.0495
vn 0.5911 0.6587 -0.4656
vn 0.6757 0.5206 -0.5219
vn 0.8861 0.2311 -0.4018
vn 0.9884 0.1498 0.0261
vn 0.0631 0.5914 0.8039
vn 0.9331 -0.2809 -0.2247
vn 0.9955 0.0236 -0.0918
vn 0.9740 0.0957 -0.2055
vn 0.2462 -0.5714 0.7829
vn 0.9647 0.0851 -0.2490
vn 0.9714 0.2283 0.0657
vn 0.9045 0.0905 -0.4167
vn 0.6139 0.5773 0.5384
vn 0.9815 0.1029 -0.1617
vn 0.0854 0.7495 0.6564
vn 0.3213 -0.0443 0.9459
vn 0.1016 0.5635 0.8199
vn 0.6995 -0.5656 0.4369
vn 0.6005 -0.7313 0.3233
vn 0.9746 0.2041 -0.0923
vn 0.4852 -0.7597 0.4330
vn 0.3968 0.5476 0.7366
vn 0.4057 0.5590 0.7231
vn 0.9196 0.0536 -0.3892
vn 0.5905 -0.7249 0.3546
vn 0.8785 0.4127 -0.2408
vn 0.4082 -0.1238 0.9045
vn 0.2005 0.9735 0.1102
vn 0.8207 -0.5553 0.1346
vn -0.3245 0.4229 0.8461
vn 0.3415 0.6416 0.6868
vn 0.7480 0.5973 0.2893
vn 0.9235 0.0644 -0.3783
vn 0.7373 -0.6523 0.1759
vn 0.3635 -0.0918 0.9270
vn 0.9020 0.3625 -0.2345
vn 0.8045 -0.5682 0.1730
vn 0.9540 0.2326 -0.1891
vn 0.9620 0.0909 -0.2575
vn 0.4054 0.3809 0.8310
vn 0.4178 0.3474 0.8395
vn 0.8881 0.3148 -0.3349
vn 0.8844 -0.4101 0.2229
vn 0.9344 -0.3549 -0.0307
vn 0.1027 0.4569 0.8835
vn 0.7274 0.4975 -0.4727
vn 0.6536 0.4205 0.6293
vn 0.4156 0.5331 0.7370
vn 0.3970 0.5581 0.7286
vn 0.0655 0.2084 0.9758
vn 0.9410 -0.0853 -0.3274
vn 0.5052 0.3539 0.7871
vn 0.2661 0.3176 0.9101
vn 0.1490 0.2112 0.9660
vn 0.9042 0.0788 -0.4199
vn 0.9721 0.0573 -0.2276
vn 0.1571 0.5256 0.8361
vn 0.9099 0.0627 0.4100
vn 0.8630 0.3629 -0.3516
vn -0.2218 0.3623 0.9053
vn 0.9324 0.0229 -0.3607
vn 0.9528 0.1251 -0.2766
vn 0.1398 0.5394 0.8303
vn 0.9864 0.0655 0.1507
vn 0.5466 -0.7577 0.3566
vn 0.8228 0.1664 0.5434
vn 0.9790 -0.0084 -0.2039
vn 0.7199 -0.0041 0.6941
vn 0.6306 0.5684 0.5284
vn 0.9441 -0.0966 -0.3153
vn 0.9628 0.2607 0.0709
vn 0.9616 -0.0243 -0.2732
vn 0.5125 -0.4193 0.7493
vn 0.9290 0.1268 -0.3476
vn 0.4628 0.2851 0.8394
vn -0.1586 0.5227 0.8377
vn 0.8754 0.2000 0.4400
vn 0.9751 -0.0388 -0.2184
vn 0.9399 0.0099 -0.3414
vn -0.1142 0.7388 0.6642
vn -0.0105 0.5146 0.8574
vn -0.3574 0.6038 0.7125
vn -0.0643 0.3024 0.9510
vn 0.0007 0.6595 0.7517
vn -0.1977 0.8491 0.4898
vn -0.3333 0.5669 0.7533
vn -0.0588 0.8026 0.5936
vn 0.0205 0.7521 0.6587
vn -0.0216 0.4462 0.8947
vn -0.3253 -0.4826 0.8132
vn -0.2375 -0.5107 0.8263
vn -0.0856 -0.3211 0.9432
vn -0.0778 -0.4389 0.8952
vn -0.1866 -0.3982 0.8981
vn -0.0399 -0.4591 0.8875
vn -0.3524 -0.1900 0.9164
vn -0.0067 0.7479 0.6638
vn -0.2191 -0.3517 0.9101
vn -0.1059 -0.3958 0.9122
vn -0.3332 -0.1806 0.9254
vn -0.3245 -0.0516 0.9445
vn -0.2011 -0.4928 0.8466
vn -0.2241 -0.2525 0.9413
vn -0.1063 -0.3883 0.9154
vn -0.2828 -0.0214 0.9589
vn -0.2477 0.0893 0.9647
vn -0.1876 0.0831 0.9787
vn -0.1665 -0.0368 0.9854
vn -0.1598 0.1232 0.9794
vn -0.0451 -0.0712 0.9964
vn 0.0322 -0.1843 0.9823
vn -0.1705 0.1761 0.9695
vn 0.0646 -0.1762 0.9822
vn -0.1611 0.1673 0.9727
vn 0.1068 -0.0766 0.9913
vn -0.1350 0.1780 0.9747
vn -0.0081 0.0557 0.9984
vn -0.1307 0.1995 0.9711
vn -0.1509 0.2201 0.9637
vn 0.0772 0.0226 0.9968
vn -0.2041 -0.3289 0.9221
vn -0.0184 0.1367 0.9904
vn -0.0462 0.2414 0.9693
vn -0.0679 0.2937 0.9535
vn 0.0187 0.2380 0.9711
vn 0.0472 0.2041 0.9778
vn -0.0476 0.3062 0.9508
vn -0.1587 0.5799 0.7991
vn 0.0917 0.2382 0.9669
vn 0.1230 0.1873 0.9746
vn 0.0787 0.2603 0.9623
vn -0.1044 0.1193 0.9874
vn -0.0675 0.1642 0.9841
vn -0.0392 0.0320 0.9987
vn 0.1011 0.2585 0.9607
vn -0.0929 -0.0977 0.9909
vn 0.0555 0.1757 0.9829
vn 0.0555 0.5335 0.8440
vn -0.0609 -0.3598 0.9311
vn -0.0540 -0.4565 0.8881
vn -0.0156 0.6416 0.7669
vn 0.0257 0.2548 0.9666
vn -0.3320 -0.3366 0.8812
vn -0.1547 0.2195 0.9633
vn 0.0766 0.2085 0.9750
vn 0.0205 0.1046 0.9943
vn 0.0696 0.6480 0.7585
vn -0.2277 0.5835 0.7796
vn 0.0371 0.6170 0.7861
vn -0.0216 0.0854 0.9961
vn -0.1923 -0.2082 0.9590
vn -0.0987 -0.2243 0.9695
vn -0.0626 0.9027 0.4258
vn 0.0327 0.1553 0.9873
vn 0.0416 0.1707 0.9844
vn 0.0991 0.0751 0.9922
vn -0.0221 0.4964 0.8678
vn 0.0794 0.2613 0.9620
vn -0.1008 0.1496 0.9836
vn 0.0217 0.7966 0.6041
vn -0.0535 0.4851 0.8728
vn -0.2073 -0.0801 0.9750
vn -0.3317 -0.4187 0.8453
vn -0.0069 -0.3954 0.9185
vn -0.1721 0.1514 0.9734
vn -0.0221 0.0748 0.9970
vn -0.0795 0.1993 0.9767
vn 0.0231 -0.6313 0.7752
vn -0.0039 -0.4049 0.9144
vn -0.0453 -0.4497 0.8920
vn -0.0635 -0.2805 0.9578
vn -0.2127 0.7887 0.5768
vn -0.1713 0.2579 0.9509
vn -0.3756 -0.2600 0.8896
vn -0.1093 0.4563 0.8831
vn -0.0439 0.8120 0.5820
vn 0.0294 0.6912 0.7221
vn 0.0604 0.8543 0.5163
vn -0.2900 0.6697 0.6836
vn -0.0958 0.6703 0.7359
vn -0.0965 0.1089 0.9894
vn 0.1629 0.2278 0.9600
vn -0.2879 0.4844 0.8261
vn 0.1724 0.1713 0.9700
vn -0.1487 0.3528 0.9238
vn 0.1339 0.1472 0.9800
vn 0.1260 0.0840 0.9885
vn -0.1896 0.2865 0.9391
vn -0.3427 0.6356 0.6918
vn 0.0254 0.5811 0.8135
vn -0.1027 0.4384 0.8929
vn 0.0369 -0.3360 0.9411
vn -0.0571 0.4092 0.9107
vn 0.1883 0.9108 0.3675
vn -0.1659 0.3831 0.9087
vn -0.0235 0.7940 0.6075
vn -0.0887 0.8658 0.4926
vn -0.3520 0.6031 0.7158
vn 0.0133 -0.2682 0.9633
vn -0.2630 0.4841 0.8345
vn 0.0471 0.7992 0.5992
vn 0.1134 0.8908 0.4400
vn 0.0719 0.5685 0.8195
vn -0.0112 0.4581 0.8888
vn -0.0049 0.4935 0.8698
vn -0.2766 0.7555 0.5939
vn -0.2014 0.3009 0.9322
vn -0.0516 0.8021 0.5950
vn 0.0540 0.5336 0.8440
vn -0.1083 0.4090 0.9061
vn -0.1765 0.3799 0.9080
vn 0.0998 0.6185 0.7794
vn 0.0275 0.5727 0.8193
vn -0.1545 0.2301 0.9608
vn -0.0916 0.3960 0.9137
vn -0.1661 0.2427 0.9558
vn -0.2117 0.2971 0.9311
vn -0.2494 0.4392 0.8631
vn 0.0851 0.6250 0.7760
vn -0.0687 0.3583 0.9311
vn -0.0720 0.5080 0.8583
vn -0.1955 0.2878 0.9375
vn -0.3461 0.6181 0.7058
vn -0.2457 0.5293 0.8121
vn -0.1604 0.3524 0.9220
vn -0.1806 0.3821 0.9063
vn -0.0936 0.3272 0.9403
vn -0.0469 -0.4551 0.8892
vn -0.0997 -0.0953 0.9904
vn 0.1805 -0.3499 0.9192
vn -0.0162 -0.3817 0.9241
vn -0.1693 0.3261 0.9301
vn -0.3172 -0.3874 0.8656
vn 0.0863 -0.3518 0.9321
vn -0.0196 0.4567 0.8894
vn 0.0360 0.5790 0.8145
vn -0.1454 0.3212 0.9358
vn -0.3537 0.5338 0.7681
vn -0.0019 0.5899 0.8075
vn -0.2282 0.2534 0.9400
vn -0.1159 0.4588 0.8809
vn -0.1828 0.2765 0.9435
vn -0.3522 0.5337 0.7689
vn -0.3241 0.8929 0.3125
vn -0.1868 0.2641 0.9462
vn -0.3183 0.4354 0.8421
vn -0.0697 0.1353 0.9883
vn -0.2112 0.1953 0.9577
vn -0.1519 0.2308 0.9611
vn -0.2103 0.7039 0.6785
vn -0.1139 0.5316 0.8393
vn -0.5464 0.3362 0.7671
vn -0.4886 0.6465 0.5859
vn 0.1153 0.3760 0.9194
vn -0.0418 0.3245 0.9450
vn -0.2574 0.8103 0.5265
vn -0.2231 0.8441 0.4876
vn -0.6937 0.5392 0.4775
vn -0.2511 0.5673 0.7843
vn -0.0781 0.8640 0.4974
vn -0.1654 0.8539 0.4934
vn -0.2745 0.5935 0.7566
vn -0.1042 0.7526 0.6502
vn -0.1415 0.1834 0.9728
vn -0.1895 0.2566 0.9478
vn -0.3729 0.8083 0.4557
vn -0.3064 0.4553 0.8360
vn -0.1178 0.0924 0.9887
vn 0.0482 0.6191 0.7838
vn -0.3750 0.6086 0.6993
vn -0.1636 0.2784 0.9464
vn -0.3282 0.3806 0.8645
vn -0.1331 0.4789 0.8677
vn -0.0849 0.0132 0.9963
vn -0.0637 0.1942 0.9789
vn -0.0923 0.6861 0.7216
vn -0.5465 0.4996 0.6722
vn -0.0504 0.1996 0.9786
vn -0.0343 0.2629 0.9642
vn -0.2392 0.9419 0.2360
vn -0.5428 0.5056 0.6706
vn -0.0363 0.5190 0.8540
vn -0.6400 0.5296 0.5567
vn 0.0712 0.3234 0.9436
vn -0.5308 0.4929 0.6894
vn -0.0306 0.7766 0.6292
vn -0.7069 0.4079 0.5779
vn -0.1346 0.9638 0.2300
vn -0.0655 0.4063 0.9114
vn -0.0406 0.4137 0.9095
vn 0.0649 0.3407 0.9379
vn -0.1532 -0.5237 0.8380
vn -0.1722 -0.4994 0.8491
vn -0.5197 0.2679 0.8113
vn -0.2356 0.8966 0.3750
vn -0.5438 -0.0635 0.8368
vn -0.6859 -0.1319 0.7157
vn -0.1025 0.8653 0.4906
vn -0.5262 0.2855 0.8010
vn -0.5521 -0.1390 0.8221
vn -0.6014 -0.0558 0.7970
vn -0.5216 -0.0675 0.8505
vn -0.6916 0.1688 0.7022
vn -0.7456 -0.0396 0.6653
vn -0.3958 -0.0632 0.9162
vn -0.0688 0.8713 0.4859
vn -0.1637 0.1977 0.9665
vn -0.5593 0.4374 0.7042
vn -0.3454 0.1153 0.9313
vn -0.0412 0.4504 0.8919
vn -0.6294 -0.3093 0.7129
vn -0.4927 0.0007 0.8702
vn -0.4240 0.3769 0.8235
vn -0.8541 0.1855 0.4859
vn -0.6848 0.3386 0.6453
vn -0.7238 0.1035 0.6822
vn -0.2669 0.3513 0.8974
vn -0.6339 -0.1366 0.7613
vn -0.7806 -0.3375 0.5260
vn -0.5617 -0.0708 0.8243
vn -0.5202 0.1259 0.8447
vn -0.5950 -0.0768 0.8000
vn -0.0646 0.4525 0.8894
vn -0.0786 0.3032 0.9497
vn -0.0692 0.3852 0.9202
vn -0.6978 0.1982 0.6884
vn -0.3622 -0.3891 0.8470
vn -0.5993 0.4554 0.6583
vn -0.7848 0.1197 0.6081
vn -0.0908 0.8600 0.5022
vn -0.0557 0.4588 0.8868
vn -0.1072 -0.5320 0.8399
vn -0.1572 0.9140 0.3741
vn -0.2814 0.2475 0.9271
vn -0.0920 0.4707 0.8775
vn 0.0270 0.6053 0.7955
vn -0.3541 -0.0350 0.9345
vn -0.1035 0.2738 0.9562
vn -0.1230 0.4352 0.8919
vn -0.5111 0.4044 0.7585
vn -0.1859 0.2584 0.9480
vn -0.4518 -0.0267 0.8917
vn -0.0893 0.8976 0.4317
vn -0.6263 0.2810 0.7272
vn -0.6868 -0.0966 0.7204
vn -0.7161 0.3119 0.6245
vn -0.3375 0.8839 0.3236
vn -0.7927 0.1822 0.5817
vn -0.6753 0.3285 0.6604
vn -0.6617 0.3833 0.6443
vn -0.6450 0.4143 0.6421
vn -0.6222 0.4755 0.6218
vn -0.6311 0.1884 0.7525
vn -0.3115 0.6866 0.6569
vn -0.6627 0.0761 0.7450
vn -0.7679 0.1281 0.6276
vn -0.7343 0.3514 0.5808
vn -0.6071 -0.0320 0.7940
vn -0.7114 0.4042 0.5750
vn -0.7776 0.1828 0.6016
vn -0.3908 0.8179 0.4222
vn -0.7196 0.3200 0.6163
vn -0.6431 0.2595 0.7205
vn -0.8200 0.2193 0.5286
vn -0.6325 0.5637 0.5313
vn -0.1027 0.4675 0.8780
vn -0.3848 0.6572 0.6481
vn -0.7334 0.4892 0.4720
vn -0.3393 0.6164 0.7106
vn -0.6407 0.5633 0.5218
vn -0.4715 -0.1754 0.8643
vn -0.7356 0.3379 0.5871
vn -0.8284 0.0866 0.5534
vn -0.7787 0.4509 0.4363
vn -0.3842 0.6742 0.6308
vn -0.0392 0.7715 0.6350
vn 0.0140 0.7889 0.6144
vn -0.5902 0.3727 0.7161
vn -0.8527 0.1558 0.4985
vn -0.7045 0.5687 0.4247
vn -0.7701 0.4309 0.4704
vn -0.1131 0.2993 0.9474
vn -0.1114 0.4143 0.9033
vn -0.5631 -0.0553 0.8245
vn -0.5550 -0.1413 0.8198
vn -0.3409 0.8149 0.4687
vn -0.3531 0.8156 0.4584
vn -0.8169 0.1635 0.5531
vn -0.1143 0.2989 0.9474
vn -0.6664 0.3066 0.6796
vn -0.7125 0.4764 0.5152
vn -0.5753 0.6712 0.4674
vn -0.7098 -0.2947 0.6398
vn -0.5693 0.5002 0.6525
vn -0.3319 0.6569 0.6770
vn -0.0970 0.3082 0.9464
vn -0.6953 0.5692 0.4389
vn -0.8328 0.1309 0.5379
vn -0.4144 0.6292 0.6575
vn -0.8199 0.2105 0.5324
vn -0.5642 0.6359 0.5267
vn -0.7087 -0.0321 0.7048
vn -0.0563 0.4127 0.9091
vn -0.1142 0.4187 0.9009
vn -0.1368 0.2914 0.9468
vn -0.5702 0.6708 0.4742
vn -0.4220 0.5630 0.7105
vn -0.3248 0.0824 0.9422
vn -0.6086 0.4123 0.6779
vn -0.7467 -0.1056 0.6568
vn -0.2811 0.5782 0.7659
vn -0.6195 0.5506 0.5595
vn -0.4069 0.7652 0.4990
vn -0.6701 0.1197 0.7326
vn -0.7662 0.4434 0.4651
vn -0.0569 0.4128 0.9091
vn -0.7614 0.4374 0.4786
vn -0.7499 0.4427 0.4916
vn -0.1857 0.2745 0.9435
vn -0.3669 0.5686 0.7363
vn -0.3587 0.8697 0.3390
vn -0.1132 0.2985 0.9477
vn -0.1771 0.2377 0.9551
vn -0.3268 0.8304 0.4513
vn -0.3577 0.6377 0.6821
vn -0.3558 0.6992 0.6202
vn -0.3444 0.8836 0.3171
vn -0.4846 0.7586 0.4356
vn -0.3595 0.7823 0.5087
vn -0.3277 0.7963 0.5084
vn -0.3510 0.8841 0.3084
vn -0.2941 0.8727 0.3897
vn -0.2437 0.8857 0.3952
vn -0.2514 0.0981 0.9629
vn -0.1524 0.3705 0.9162
vn -0.5646 -0.4222 0.7092
vn -0.0563 0.7770 0.6269
vn -0.4519 -0.0274 0.8917
vn -0.7282 0.2564 0.6356
vn -0.0866 0.3832 0.9196
vn -0.7002 0.1492 0.6982
vn -0.1530 0.2293 0.9613
vn -0.5172 -0.1279 0.8462
vn -0.0710 0.4345 0.8978
vn -0.1464 0.3543 0.9236
vn -0.3429 0.1226 0.9313
vn -0.2916 0.4732 0.8313
vn -0.1386 0.1983 0.9703
vn -0.6375 -0.4021 0.6572
vn -0.2784 0.4511 0.8479
vn -0.1231 0.3096 0.9429
vn -0.4440 0.3573 0.8217
vn -0.7139 -0.2154 0.6663
vn -0.5841 0.3012 0.7537
vn -0.1529 0.2305 0.9610
vn -0.5761 0.4782 0.6629
vn -0.1827 0.4388 0.8798
vn -0.4266 0.4338 0.7936
vn -0.1040 0.2736 0.9562
vn -0.2842 0.4440 0.8498
vn -0.4206 0.4374 0.7949
vn -0.7209 -0.0499 0.6912
vn -0.4872 0.3144 0.8147
vn -0.0964 0.3560 0.9295
vn -0.5296 0.4273 0.7328
vn -0.2844 0.3004 0.9104
vn -0.5247 -0.4746 0.7068
vn -0.5894 0.3103 0.7459
vn -0.6231 -0.1598 0.7657
vn -0.2987 0.5004 0.8126
vn -0.5658 0.4839 0.6676
vn -0.1550 0.3814 0.9113
vn -0.5991 0.3401 0.7249
vn -0.3947 0.4478 0.8023
vn -0.3631 0.5081 0.7810
vn -0.2852 0.5183 0.8062
vn -0.3590 0.4978 0.7895
vn -0.5781 0.3187 0.7512
vn -0.3920 0.4427 0.8064
vn -0.7266 -0.1986 0.6578
vn 0.1073 0.8684 0.4841
vn -0.2122 0.1671 0.9628
vn -0.4636 -0.3779 0.8014
vn -0.6194 -0.0486 0.7835
vn -0.6472 -0.2866 0.7064
vn -0.0681 0.8770 0.4756
vn -0.7854 -0.3320 0.5225
vn -0.3628 0.2499 0.8977
vn -0.6815 -0.0072 0.7318
vn 0.1438 0.7189 0.6800
vn -0.5047 -0.2623 0.8225
vn -0.2066 0.1443 0.9677
vn -0.8333 -0.3499 0.4279
vn -0.7844 0.1204 0.6084
vn -0.4724 0.0738 0.8783
vn -0.5205 0.1697 0.8368
vn -0.2680 0.2593 0.9279
vn -0.4117 -0.1178 0.9037
vn -0.6701 -0.3494 0.6550
vn -0.7163 -0.1427 0.6830
vn -0.8190 0.1975 0.5387
vn -0.2734 0.1652 0.9476
vn -0.3923 0.2099 0.8956
vn -0.5480 -0.1694 0.8191
vn -0.6517 -0.1971 0.7324
vn -0.7818 -0.2509 0.5709
vn -0.7471 -0.4932 0.4457
vn -0.4859 -0.0147 0.8739
vn -0.0976 0.8723 0.4791
vn -0.0770 0.8675 0.4915
vn -0.0895 0.8444 0.5282
vn -0.8409 0.1084 0.5303
vn -0.8319 0.2164 0.5110
vn -0.5133 -0.2817 0.8107
vn -0.7202 0.2121 0.6606
vn -0.7727 -0.1025 0.6265
vn -0.4856 0.3285 0.8101
vn -0.6850 0.0469 0.7270
vn -0.3592 0.0181 0.9331
vn -0.4332 0.0920 0.8966
vn -0.0264 -0.3364 0.9414
vn 0.1335 0.7016 0.6999
vn -0.4780 0.2206 0.8502
vn -0.0148 0.0908 0.9958
vn -0.3853 -0.0694 0.9202
vn -0.1610 -0.2286 0.9601
vn 0.0369 -0.0567 0.9977
vn -0.1091 -0.0802 0.9908
vn -0.0035 -0.2406 0.9706
vn -0.1675 0.2745 0.9469
vn 0.0041 0.5358 0.8443
vn -0.0882 -0.2977 0.9506
vn -0.7328 -0.2747 0.6225
vn -0.3735 0.4451 0.8139
vn -0.1831 -0.1764 0.9671
vn 0.1235 0.1102 0.9862
vn -0.5158 -0.0728 0.8536
vn -0.5601 0.2201 0.7987
vn -0.0309 0.2431 0.9695
vn -0.0289 -0.2613 0.9648
vn -0.1169 -0.0635 0.9911
vn -0.1166 0.2583 0.9590
vn -0.4587 0.2642 0.8484
vn -0.2208 -0.3066 0.9259
vn 0.0089 -0.0157 0.9998
vn -0.1430 0.2219 0.9645
vn -0.0675 0.2329 0.9701
vn -0.2948 0.1322 0.9464
vn -0.7577 -0.1594 0.6328
vn 0.0230 -0.0205 0.9995
vn -0.0484 0.8505 0.5237
vn -0.6257 -0.5297 0.5727
vn -0.0275 -0.0495 0.9984
vn -0.1364 0.9164 0.3762
vn -0.0380 -0.1035 0.9939
vn -0.7361 -0.1130 0.6673
vn -0.4138 -0.0322 0.9098
vn -0.7004 -0.4722 0.5353
vn -0.2714 0.0936 0.9579
vn 0.0099 -0.2756 0.9612
vn 0.5575 0.4801 -0.6772
vn 0.7152 0.4359 -0.5464
vn 0.2988 0.6779 0.6717
vn -0.1716 0.3958 0.9022
vn 0.2253 0.5522 0.8027
vn 0.0896 0.5676 0.8184
vn 0.0670 0.3354 0.9397
vn -0.2176 0.4546 0.8637
vn 0.1888 0.7595 0.6225
vn 0.1815 0.9265 0.3296
vn -0.5815 0.6061 0.5427
vn 0.2606 0.7948 0.5481
vn -0.3708 0.2433 0.8963
vn 0.0155 0.4605 0.8875
vn 0.2202 0.5533 0.8034
vn 0.5838 0.5137 -0.6287
vn 0.3911 0.4336 0.8118
vn 0.0562 0.6513 0.7568
vn 0.8419 0.3784 0.3847
vn -0.1535 0.3150 0.9366
vn 0.7953 0.4766 0.3746
vn 0.1022 0.7282 0.6777
vn 0.1532 0.3981 0.9044
vn -0.3490 0.5045 0.7897
vn -0.1279 0.3999 0.9076
vn -0.1827 0.3717 0.9102
vn -0.3445 0.3821 0.8575
vn 0.1253 -0.1825 0.9752
vn 0.2599 0.1655 0.9514
vn -0.0948 -0.0115 0.9954
vn -0.0390 -0.1837 0.9822
vn 0.3974 -0.4693 0.7886
vn -0.0759 0.0296 0.9967
vn -0.0812 -0.4143 0.9065
vn -0.1679 -0.2215 0.9606
vn 0.0509 0.5720 0.8187
vn 0.1411 0.5678 0.8110
vn 0.1604 0.5883 0.7926
vn 0.1669 0.1728 0.9707
vn -0.1569 -0.3099 0.9377
vn -0.0780 -0.1940 0.9779
vn 0.0284 0.0364 0.9989
vn 0.4666 -0.1738 0.8672
vn 0.2200 0.7338 0.6428
vn -0.1454 -0.1172 0.9824
vn -0.1317 -0.3476 0.9283
vn -0.1661 -0.6242 0.7634
vn -0.2396 -0.1945 0.9512
vn -0.1233 -0.1388 0.9826
vn -0.1281 -0.3450 0.9298
vn -0.0017 0.1180 0.9930
vn -0.3475 0.3459 0.8715
vn -0.0528 -0.1652 0.9849
vn 0.3784 -0.2380 0.8945
vn -0.2456 -0.5690 0.7848
vn -0.0486 -0.1058 0.9932
vn -0.1262 -0.0382 0.9913
vn 0.4057 -0.2118 0.8891
vn 0.2430 0.0793 0.9668
vn 0.0650 -0.3729 0.9256
vn -0.1060 -0.1968 0.9747
vn -0.0101 -0.1021 0.9947
vn 0.2727 0.1160 0.9551
vn -0.1124 -0.2160 0.9699
vn 0.0677 -0.2635 0.9623
vn -0.0945 -0.2264 0.9694
vn -0.2584 -0.2444 0.9346
vn -0.1213 0.9896 0.0772
vn -0.0901 -0.5926 0.8005
vn -0.1390 -0.2430 0.9600
vn -0.5573 0.2864 0.7793
vn -0.1329 -0.1959 0.9716
vn 0.3810 -0.4975 0.7793
vn -0.0239 -0.0087 0.9997
vn -0.1936 -0.3188 0.9279
vn 0.3384 -0.3911 0.8559
vn -0.1618 -0.1203 0.9795
vn -0.0659 -0.2285 0.9713
vn -0.0110 0.3264 0.9452
vn -0.0916 -0.2082 0.9738
vn -0.3024 0.7975 0.5220
vn 0.2405 -0.0418 0.9698
vn -0.0810 -0.2801 0.9565
vn 0.1063 -0.4434 0.8900
vn 0.0393 0.2557 0.9660
vn -0.0110 0.2884 0.9575
vn -0.5893 0.4098 0.6962
vn 0.5443 -0.2677 0.7950
vn 0.1260 0.1216 0.9845
vn -0.0601 0.0844 0.9946
vn -0.3606 0.0328 0.9322
vn 0.2109 0.3344 0.9185
vn 0.7112 0.3007 -0.6354
vn 0.2573 0.2383 0.9365
vn 0.3522 0.7317 0.5836
vn -0.0207 0.1228 0.9922
vn 0.0078 0.2539 0.9672
vn 0.3691 0.0527 0.9279
vn 0.2432 0.6805 0.6912
vn -0.7971 0.5203 0.3063
vn -0.2099 0.3404 0.9166
vn -0.2658 0.9161 0.3003
vn -0.6183 -0.4914 0.6134
vn 0.3727 -0.4528 0.8099
vn -0.7715 0.4306 0.4684
vn 0.1332 0.1920 0.9723
vn -0.8806 -0.1590 0.4464
vn 0.0189 0.1716 0.9850
vn 0.0256 0.3158 0.9485
vn 0.0425 0.1706 0.9844
vn -0.3639 0.0335 0.9309
vn -0.0388 0.9924 -0.1167
vn 0.1326 -0.0752 0.9883
vn -0.1886 0.1116 0.9757
vn -0.7752 0.1876 0.6032
vn -0.3488 0.4106 0.8425
vn 0.1789 0.3887 0.9038
vn 0.1862 0.1548 0.9702
vn -0.4534 0.0508 0.8899
vn 0.7473 -0.4838 0.4555
vn -0.5815 0.2506 0.7740
vn 0.2247 0.0031 0.9744
vn -0.2598 0.9565 0.1328
vn -0.3415 0.1519 0.9275
vn -0.3287 0.5516 0.7666
vn -0.3173 -0.1576 0.9351
vn 0.0057 0.1426 0.9898
vn -0.1713 0.1093 0.9791
vn 0.0912 -0.0904 0.9917
vn 0.2488 0.0310 0.9680
vn -0.4763 0.5108 0.7156
vn 0.4206 -0.0564 0.9055
vn 0.4723 -0.3520 0.8081
vn 0.1868 0.1105 0.9762
vn 0.4126 -0.2993 0.8603
vn -0.7881 0.5685 0.2359
vn 0.1894 -0.1711 0.9669
vn -0.4126 0.6970 0.5864
vn 0.4115 0.4262 -0.8056
vn -0.4761 0.3724 0.7967
vn -0.0233 -0.0590 0.9980
vn 0.6783 -0.4265 0.5983
vn 0.7225 -0.4753 0.5021
vn 0.3010 0.0517 0.9522
vn 0.4541 -0.0940 0.8860
vn 0.1054 -0.2214 0.9695
vn -0.4989 0.3561 0.7901
vn -0.4273 0.2230 0.8762
vn -0.2698 0.5279 0.8053
vn -0.1215 0.1318 0.9838
vn -0.1978 0.0743 0.9774
vn 0.3125 0.0368 0.9492
vn -0.1978 0.0470 0.9791
vn -0.3046 0.5976 0.7417
vn 0.2392 0.1381 0.9611
vn 0.1014 -0.2362 0.9664
vn -0.3335 0.2049 0.9202
vn 0.2338 0.0351 0.9716
vn 0.1052 0.5906 0.8001
vn 0.3705 -0.0494 0.9275
vn 0.0686 -0.3143 0.9468
vn 0.2803 0.0556 0.9583
vn -0.1959 0.2844 0.9385
vn -0.4435 0.5016 0.7428
vn -0.0057 -0.2522 0.9677
vn -0.4583 -0.0101 0.8887
vn 0.9523 0.1275 -0.2773
vn -0.5825 0.3500 0.7336
vn 0.3958 -0.3233 0.8595
vn 0.4138 -0.1872 0.8909
vn 0.4770 -0.1811 0.8600
vn 0.1298 -0.0847 0.9879
vn -0.2721 0.8048 0.5276
vn 0.1144 -0.2286 0.9668
vn -0.0409 0.9552 0.2930
vn 0.3889 -0.0424 0.9203
vn 0.7665 -0.4290 0.4778
vn -0.1432 0.1777 0.9736
vn 0.0885 -0.0557 0.9945
vn 0.0172 -0.3645 0.9310
vn 0.1619 -0.1774 0.9707
vn -0.0183 0.1721 0.9849
vn 0.2236 0.7783 0.5867
vn -0.5302 0.4764 0.7013
vn 0.1848 0.2813 0.9417
vn 0.3739 -0.0042 0.9275
vn -0.4638 -0.0427 0.8849
vn 0.0312 -0.3538 0.9348
vn -0.4398 0.4725 0.7638
vn 0.0354 0.2081 0.9775
vn 0.6573 -0.4796 0.5813
vn -0.2117 0.9422 0.2599
vn 0.2419 0.0932 0.9658
vn 0.4309 -0.3455 0.8336
vn 0.3661 -0.0404 0.9297
vn 0.3774 0.0055 0.9260
vn -0.0030 -0.4052 0.9142
vn 0.4681 -0.4063 0.7847
vn -0.6260 0.6317 0.4573
vn -0.4962 0.4977 0.7114
vn 0.5599 -0.5527 0.6173
vn 0.2179 -0.1812 0.9590
vn -0.7547 -0.4874 0.4392
vn -0.2244 0.0305 0.9740
vn -0.5757 0.5581 0.5975
vn 0.1620 -0.1212 0.9793
vn -0.0990 0.1193 0.9879
vn -0.0502 0.0564 0.9971
vn -0.0238 0.0551 0.9982
vn -0.0721 0.0490 0.9962
vn -0.0681 -0.0642 0.9956
vn -0.0581 0.1481 0.9873
vn 0.0252 -0.3778 0.9255
vn -0.4684 0.4584 0.7553
vn 0.3931 -0.0379 0.9187
vn 0.0790 -0.3125 0.9466
vn 0.5798 -0.4796 0.6586
vn 0.1828 -0.1939 0.9638
vn -0.2283 0.6516 0.7234
vn 0.2685 -0.4991 0.8239
vn -0.4099 0.4590 0.7882
vn 0.3517 -0.3684 0.8606
vn 0.1390 0.2938 0.9457
vn -0.4330 0.3725 0.8208
vn -0.9802 -0.0438 0.1929
vn -0.4897 0.6244 0.6086
vn 0.6633 -0.4689 0.5833
vn -0.3521 0.4463 0.8227
vn -0.4783 0.5298 0.7004
vn 0.4416 -0.4764 0.7603
vn 0.3062 0.1769 0.9354
vn 0.3907 0.7693 0.5055
vn 0.1240 0.5621 0.8177
vn 0.0745 0.1738 0.9820
vn -0.4801 0.2492 0.8411
vn 0.2425 0.6730 0.6988
vn 0.2567 -0.3318 0.9078
vn -0.3750 0.0733 0.9241
vn -0.5906 0.3477 0.7282
vn 0.3066 -0.3889 0.8688
vn 0.5273 -0.4808 0.7005
vn -0.4489 0.4021 0.7980
vn -0.4440 -0.1919 0.8752
vn 0.2809 0.0538 0.9582
vn 0.1673 0.1471 0.9749
vn 0.0662 0.4282 0.9013
vn 0.0852 0.0559 0.9948
vn -0.2965 -0.2903 0.9098
vn 0.3653 -0.0434 0.9299
vn 0.4348 -0.2777 0.8566
vn 0.1667 0.4986 0.8507
vn -0.9161 -0.1793 0.3586
vn -0.0153 -0.1295 0.9915
vn -0.5683 0.5880 0.5756
vn -0.4700 0.0131 0.8826
vn 0.1958 -0.0528 0.9792
vn 0.0355 -0.0663 0.9972
vn -0.2813 0.0534 0.9581
vn 0.0385 0.0713 0.9967
vn -0.3765 0.0429 0.9254
vn 0.8379 -0.4240 0.3436
vn 0.1954 0.6219 0.7583
vn 0.0139 0.9955 0.0937
vn 0.7476 -0.6332 0.2002
vn 0.0707 0.0113 0.9974
vn 0.0090 0.0547 0.9985
vn 0.3846 0.0014 0.9231
vn 0.0037 -0.0211 0.9998
vn 0.8488 -0.3165 0.4235
vn 0.3101 0.0591 0.9489
vn 0.3683 -0.1548 0.9167
vn -0.2807 0.1043 0.9541
vn 0.0073 0.8863 0.4630
vn -0.2632 0.2903 0.9200
vn -0.1030 -0.2951 0.9499
vn 0.5262 -0.5010 0.6871
vn 0.0714 0.0115 0.9974
vn -0.0001 -0.0243 0.9997
vn -0.0137 -0.3188 0.9477
vn -0.0180 -0.3248 0.9456
vn 0.8696 0.4906 -0.0553
vn 0.4432 0.0907 0.8918
vn 0.0427 -0.3385 0.9400
vn 0.0194 -0.0651 0.9977
vn 0.0374 -0.0615 0.9974
vn 0.9721 0.2321 0.0338
vn -0.1095 -0.2013 0.9734
vn -0.3098 0.0611 0.9488
vn 0.4173 -0.1759 0.8916
vn 0.3924 0.2524 0.8845
vn -0.5165 0.2605 0.8157
vn -0.2480 0.4162 0.8748
vn 0.7516 -0.4681 0.4647
vn 0.4042 -0.4962 0.7684
vn 0.4602 -0.0880 0.8834
vn -0.4456 0.1461 0.8832
vn -0.2267 0.4122 0.8824
vn 0.2478 0.1364 0.9592
vn 0.2022 0.1024 0.9740
vn 0.7133 -0.4964 0.4948
vn 0.8756 0.2801 -0.3935
vn 0.3208 0.9212 -0.2200
vn 0.0872 -0.1653 0.9824
vn 0.1531 -0.0341 0.9876
vn -0.0279 0.0529 0.9982
vn 0.1057 0.9942 0.0177
vn 0.1713 0.9577 0.2313
vn 0.7542 -0.3475 0.5571
vn -0.2051 0.8896 0.4082
vn 0.9956 -0.0574 0.0742
vn 0.1049 -0.0992 0.9895
vn 0.9140 0.2649 -0.3074
vn 0.9616 0.2628 -0.0796
vn 0.1013 0.0570 0.9932
vn 0.0901 0.8304 0.5499
vn 0.0626 0.1935 0.9791
vn -0.3192 0.4057 0.8565
vn 0.3213 -0.1656 0.9324
vn 0.3266 -0.2856 0.9010
vn -0.7262 0.3749 0.5762
vn 0.1730 0.0407 0.9841
vn 0.3456 -0.0847 0.9346
vn -0.2965 0.2252 0.9281
vn 0.4686 -0.5044 0.7253
vn 0.3216 0.9338 -0.1568
vn -0.7422 0.3341 0.5810
vn -0.1182 0.1659 0.9790
vn 0.0890 -0.0605 0.9942
vn 0.0145 0.2931 0.9560
vn 0.0937 -0.2623 0.9604
vn 0.2975 0.0823 0.9512
vn -0.0157 -0.3185 0.9478
vn 0.1782 0.1906 0.9654
vn 0.0924 -0.0838 0.9922
vn 0.0531 0.3416 0.9384
vn 0.0048 -0.3088 0.9511
vn -0.2537 0.7375 0.6259
vn 0.1494 0.0871 0.9849
vn -0.6004 0.6681 0.4395
vn 0.7123 0.6967 0.0852
vn -0.2855 0.9089 0.3041
vn -0.0509 -0.2093 0.9765
vn 0.0820 -0.0903 0.9925
vn -0.2113 0.0077 0.9774
vn 0.1064 0.1446 0.9837
vn 0.7755 -0.6027 0.1880
vn 0.0819 -0.1079 0.9908
vn 0.2789 0.1139 0.9536
vn 0.0941 0.9955 0.0118
vn 0.0583 0.9979 0.0279
vn -0.0702 0.9627 0.2614
vn 0.2859 0.2826 0.9156
vn -0.2977 0.2132 0.9305
vn 0.1918 0.0168 0.9813
vn -0.3096 0.9158 0.2557
vn 0.2859 -0.0670 0.9559
vn 0.0374 0.1303 0.9908
vn 0.4204 -0.1903 0.8871
vn 0.1847 -0.0666 0.9805
vn 0.1223 0.9208 0.3704
vn 0.5983 0.4057 0.6910
vn 0.1208 0.2975 0.9470
vn 0.2148 -0.3167 0.9239
vn 0.0439 -0.3595 0.9321
vn 0.0251 0.1845 0.9825
vn 0.1749 -0.1763 0.9687
vn 0.0324 -0.1094 0.9935
vn 0.1755 0.5072 0.8438
vn 0.1973 0.1672 0.9660
vn 0.1003 0.9950 0.0027
vn 0.3888 -0.1243 0.9129
vn 0.4594 0.8627 0.2113
vn 0.4795 0.2391 0.8444
vn 0.3388 0.8550 0.3928
vn 0.1266 -0.2150 0.9684
vn -0.4219 0.2635 0.8675
vn 0.0549 -0.0592 0.9967
vn 0.0619 -0.3238 0.9441
vn 0.1782 0.6307 0.7553
vn 0.0550 0.0452 0.9975
vn 0.0130 0.9997 -0.0183
vn 0.0090 0.8392 0.5437
vn 0.2602 0.1954 0.9456
vn -0.2640 0.8888 0.3746
vn 0.1483 0.3632 0.9198
vn 0.1042 0.0117 0.9945
vn 0.2400 0.2583 0.9358
vn -0.2222 0.9347 0.2773
vn 0.1895 0.0060 0.9819
vn 0.2667 -0.0375 0.9630
vn -0.4497 0.4013 0.7980
vn 0.0591 0.1238 0.9905
vn 0.5284 -0.1237 0.8400
vn 0.1669 -0.0524 0.9846
vn 0.0916 0.6113 0.7861
vn -0.1843 -0.2042 0.9614
vn 0.1657 0.0130 0.9861
vn 0.3145 0.7768 0.5456
vn -0.1846 -0.1912 0.9640
vn 0.2267 0.7515 0.6196
vn -0.2544 0.8770 0.4076
vn 0.0136 -0.2521 0.9676
vn -0.5041 0.0109 0.8635
vn 0.2389 0.7719 0.5891
vn 0.0472 -0.0610 0.9970
vn -0.2798 0.3836 0.8801
vn 0.0795 -0.3132 0.9464
vn 0.0991 0.4570 0.8839
vn -0.3450 0.0092 0.9386
vn 0.1024 -0.0273 0.9944
vn 0.0275 -0.2544 0.9667
vn -0.1107 0.9937 0.0172
vn 0.1166 0.3054 0.9451
vn -0.0510 0.2301 0.9718
vn 0.1052 0.0400 0.9936
vn -0.2277 0.2601 0.9384
vn 0.1746 0.2874 0.9418
vn 0.7141 -0.6558 0.2449
vn 0.3187 -0.0375 0.9471
vn 0.3333 -0.0626 0.9407
vn 0.1012 0.5042 0.8577
vn 0.8460 0.5319 0.0369
vn 0.0009 0.9933 -0.1160
vn -0.3747 0.0738 0.9242
vn -0.3331 0.7575 0.5615
vn -0.4112 0.4435 0.7964
vn -0.1668 0.9438 0.2853
vn 0.1386 0.6005 0.7875
vn 0.1434 0.1633 0.9761
vn -0.1872 0.9185 0.3484
vn 0.2967 -0.1324 0.9458
vn 0.3194 -0.2859 0.9035
vn 0.2667 0.2793 0.9224
vn 0.2801 -0.0335 0.9594
vn 0.0350 0.2984 0.9538
vn 0.4842 -0.2047 0.8507
vn -0.0703 0.8780 0.4734
vn -0.0967 0.0915 0.9911
vn 0.2553 -0.0258 0.9665
vn -0.1804 0.8426 0.5074
vn -0.3288 0.9090 0.2562
vn 0.2660 -0.0178 0.9638
vn 0.2840 -0.1478 0.9474
vn -0.0034 0.1244 0.9922
vn 0.3945 -0.3399 0.8537
vn 0.2074 0.0604 0.9764
vn 0.0424 0.6994 0.7135
vn -0.0331 0.5191 0.8541
vn 0.4653 -0.0374 0.8844
vn 0.2652 -0.2495 0.9314
vn -0.3746 0.6824 0.6276
vn 0.1312 -0.0712 0.9888
vn 0.0680 0.8748 0.4797
vn -0.1485 0.1647 0.9751
vn -0.2965 -0.0514 0.9537
vn -0.2503 0.1275 0.9598
vn 0.1323 0.9487 0.2872
vn 0.1764 -0.0508 0.9830
vn -0.5424 0.5155 0.6634
vn 0.1228 0.0590 0.9907
vn 0.2000 -0.1561 0.9673
vn -0.0384 -0.1141 0.9927
vn 0.0693 -0.2333 0.9699
vn 0.1493 -0.2722 0.9506
vn -0.0573 -0.2234 0.9730
vn -0.4479 0.2538 0.8573
vn -0.5069 0.6794 0.5305
vn 0.1544 0.6390 0.7535
vn 0.0968 0.6245 0.7750
vn -0.7471 -0.0311 0.6640
vn -0.2320 -0.5169 0.8240
vn -0.4815 -0.1591 0.8619
vn 0.1061 -0.2035 0.9733
vn 0.1085 0.5800 0.8073
vn 0.1958 -0.0860 0.9769
vn 0.5661 -0.0046 0.8243
vn -0.0720 -0.3000 0.9512
vn -0.1780 0.9827 0.0509
vn 0.1575 -0.2034 0.9663
vn -0.0768 -0.1844 0.9798
vn 0.3111 0.0060 0.9504
vn -0.3631 -0.3961 0.8434
vn 0.3090 0.0217 0.9508
vn -0.3239 -0.5846 0.7439
vn -0.1638 -0.2383 0.9573
vn 0.1654 -0.0819 0.9828
vn -0.3632 -0.5853 0.7250
vn 0.1039 -0.0637 0.9925
vn 0.2600 0.9252 0.2764
vn -0.1372 -0.2398 0.9611
vn 0.0614 0.0991 0.9932
vn 0.6174 -0.3963 0.6795
vn 0.3066 0.2378 0.9217
vn 0.4601 -0.3553 0.8136
vn 0.0988 0.8584 0.5034
vn -0.7489 0.0288 0.6621
vn 0.4356 -0.5482 0.7140
vn 0.7462 -0.4842 0.4568
vn -0.1229 0.7167 0.6865
vn -0.0996 0.0604 0.9932
vn 0.3557 0.7469 0.5617
vn 0.2073 0.0606 0.9764
vn -0.1592 0.0006 0.9872
vn 0.5395 0.7723 0.3353
vn -0.1244 -0.0545 0.9907
vn 0.3040 0.7521 0.5848
vn -0.1352 -0.2284 0.9641
vn -0.1928 0.8940 0.4045
vn 0.1142 0.9674 -0.2260
vn 0.0922 0.6216 0.7779
vn 0.7236 0.4052 -0.5588
vn 0.1047 0.1516 0.9829
vn 0.1340 0.9666 -0.2185
vn 0.9091 0.3376 -0.2439
vn 0.4050 -0.1949 0.8933
vn 0.0407 -0.1165 0.9924
vn 0.9224 0.2902 -0.2550
vn 0.0796 -0.0735 0.9941
vn 0.2383 -0.1143 0.9644
vn -0.0241 0.0856 0.9960
vn 0.0003 0.4165 0.9092
vn 0.6016 0.3070 0.7374
vn 0.4640 -0.6198 0.6329
vn 0.2656 0.2741 0.9243
vn 0.4465 -0.5307 0.7204
vn 0.3059 -0.3924 0.8674
vn 0.5889 0.3220 0.7413
vn -0.1323 0.9572 0.2575
vn -0.0479 -0.1311 0.9902
vn 0.1932 -0.0494 0.9799
vn 0.0758 0.0262 0.9968
vn 0.0685 0.0975 0.9929
vn 0.1975 -0.2774 0.9402
vn 0.2156 -0.2885 0.9329
vn 0.0410 0.1507 0.9877
vn -0.0514 0.0292 0.9982
vn 0.0022 -0.2007 0.9796
vn 0.2680 0.7009 0.6610
vn 0.2604 0.6738 0.6915
vn -0.1342 -0.3599 0.9233
vn 0.6210 -0.4740 0.6243
vn 0.3473 0.8024 0.4852
vn -0.0137 -0.5099 0.8601
vn -0.0517 -0.1071 0.9929
vn 0.1271 -0.0903 0.9878
vn -0.6187 -0.4967 0.6087
vn 0.0190 0.1478 0.9888
vn 0.0985 0.5688 0.8165
vn -0.0482 -0.2690 0.9619
vn -0.0143 -0.3737 0.9274
vn 0.1750 -0.0476 0.9834
vn -0.0214 -0.0776 0.9968
vn 0.0726 0.1012 0.9922
vn 0.7214 -0.4825 0.4968
vn -0.1444 -0.3145 0.9382
vn -0.1784 -0.1472 0.9729
vn -0.1417 -0.1888 0.9717
vn -0.1148 -0.2213 0.9684
vn -0.0274 -0.2380 0.9709
vn -0.1295 -0.2010 0.9710
vn 0.0317 0.9733 0.2272
vn -0.2651 -0.3450 0.9004
vn 0.2596 -0.0581 0.9640
vn 0.2670 0.9158 0.3000
vn -0.1651 -0.2132 0.9630
vn -0.1297 -0.1922 0.9727
vn -0.1621 -0.2169 0.9626
vn 0.1440 0.6102 0.7791
vn 0.1402 -0.1023 0.9848
vn 0.0438 0.3097 0.9498
vn -0.0844 -0.1860 0.9789
vn -0.0964 0.0918 0.9911
vn -0.1234 -0.0633 0.9903
vn 0.1336 0.5989 0.7896
vn -0.3408 0.4226 0.8398
vn 0.9563 0.2509 0.1502
vn -0.1205 -0.5848 0.8021
vn -0.8875 -0.1974 0.4163
vn 0.0808 -0.3517 0.9326
vn -0.4680 0.1490 0.8711
vn -0.5258 -0.5099 0.6809
vn -0.6972 0.0716 0.7133
vn -0.2489 -0.4208 0.8724
vn -0.4793 -0.1751 0.8600
vn -0.6535 -0.4147 0.6332
vn -0.5794 -0.5543 0.5975
vn -0.5017 -0.6064 0.6169
vn -0.4735 -0.8760 0.0917
vn -0.1676 -0.4371 0.8837
vn -0.7886 0.1469 0.5971
vn -0.4514 0.1191 0.8843
vn -0.6191 0.3678 0.6939
vn -0.5046 -0.6101 0.6108
vn -0.7030 -0.0847 0.7061
vn -0.6880 -0.5925 0.4190
vn -0.5642 -0.5685 0.5987
vn -0.5609 0.1574 0.8128
vn -0.6532 -0.4410 0.6155
vn -0.6154 -0.3216 0.7196
vn -0.6034 -0.2634 0.7527
vn -0.3923 -0.5726 0.7198
vn -0.8566 -0.3642 0.3655
vn -0.4474 0.6636 0.5996
vn -0.6809 -0.4548 0.5740
vn -0.5230 0.2961 0.7992
vn -0.4267 -0.1178 0.8967
vn -0.4361 -0.1423 0.8886
vn -0.5694 0.0954 0.8165
vn -0.6338 0.1431 0.7601
vn -0.5058 0.6433 0.5747
vn -0.5671 -0.3734 0.7342
vn -0.8340 -0.5324 0.1448
vn -0.6183 -0.2034 0.7591
vn -0.7909 -0.2625 0.5527
vn -0.4322 -0.3782 0.8187
vn -0.4336 -0.6842 0.5864
vn -0.2295 -0.3705 0.9000
vn -0.2348 -0.1740 0.9564
vn -0.4767 -0.6219 0.6213
vn 0.0256 -0.4389 0.8982
vn 0.2838 -0.3952 0.8737
vn -0.4239 -0.3798 0.8223
vn -0.3576 -0.1599 0.9201
vn -0.2737 -0.1889 0.9431
vn 0.1590 -0.4717 0.8673
vn 0.0572 -0.5240 0.8498
vn -0.3966 -0.4752 0.7854
vn -0.2937 -0.1229 0.9480
vn 0.1731 -0.4979 0.8498
vn -0.3341 -0.4015 0.8528
vn -0.0019 -0.5193 0.8546
vn 0.1068 -0.5922 0.7987
vn -0.4969 -0.5588 0.6639
vn 0.0554 -0.3444 0.9372
vn 0.1543 -0.4538 0.8776
vn 0.0221 -0.3675 0.9298
vn 0.1837 -0.3296 0.9261
vn -0.2209 -0.1827 0.9580
vn 0.2852 -0.3878 0.8765
vn 0.1905 -0.4529 0.8710
vn -0.3474 -0.6848 0.6407
vn -0.6851 -0.5959 0.4189
vn -0.6106 -0.3734 0.6984
vn -0.6495 -0.2087 0.7312
vn -0.8883 -0.4094 0.2084
vn -0.5884 -0.0424 0.8075
vn -0.5981 -0.2422 0.7640
vn -0.9559 -0.2377 0.1727
vn -0.6584 -0.1802 0.7307
vn -0.5274 -0.4422 0.7255
vn -0.7547 0.1204 0.6450
vn -0.2490 0.2837 0.9260
vn -0.1838 0.0153 0.9828
vn -0.4274 -0.1440 0.8925
vn -0.7577 -0.3288 0.5637
vn -0.5301 0.6604 0.5318
vn -0.6062 0.6871 0.4006
vn -0.6641 0.6140 0.4266
vn -0.6330 0.5935 0.4970
vn -0.4648 -0.4763 0.7464
vn -0.5449 0.7778 0.3133
vn -0.4426 0.3767 0.8137
vn -0.6461 0.6789 0.3489
vn -0.6115 0.6743 0.4139
vn -0.5449 -0.6584 0.5193
vn -0.4787 0.0452 0.8768
vn -0.2210 -0.1843 0.9577
vn -0.4748 -0.5511 0.6862
vn -0.5211 -0.6345 0.5709
vn -0.4738 0.8218 -0.3165
vn -0.5249 -0.0346 0.8505
vn -0.4229 0.8605 0.2843
vn -0.6045 0.7017 0.3771
vn -0.6313 -0.5748 0.5206
vn -0.7059 0.6630 0.2494
vn -0.6304 0.3722 0.6812
vn -0.7993 -0.0860 0.5948
vn -0.3952 0.8960 0.2026
vn -0.4549 -0.5174 0.7248
vn -0.5891 0.7243 0.3582
vn -0.6258 -0.5365 0.5662
vn -0.5442 -0.4516 0.7071
vn -0.5903 -0.8011 0.0993
vn -0.9129 -0.0790 0.4005
vn -0.9284 0.0782 0.3631
vn -0.8548 -0.2976 0.4252
vn -0.7884 -0.2956 0.5395
vn -0.3786 0.8317 -0.4061
vn -0.7938 0.5554 0.2478
vn -0.8347 -0.4101 0.3675
vn -0.4210 -0.1226 0.8987
vn -0.9296 0.0665 0.3626
vn -0.6858 -0.4393 0.5802
vn -0.6641 0.2568 0.7021
vn -0.8539 -0.2709 0.4443
vn -0.6062 0.7013 0.3752
vn -0.7450 0.6619 -0.0832
vn -0.7937 -0.1976 0.5753
vn -0.9269 0.0727 0.3683
vn -0.7963 -0.4517 0.4023
vn -0.5853 0.8090 0.0541
vn -0.6499 -0.5356 0.5393
vn -0.6046 -0.5735 0.5527
vn -0.7972 0.5537 0.2406
vn -0.6199 0.7083 0.3376
vn -0.7292 -0.5324 0.4299
vn -0.5999 -0.6416 0.4779
vn -0.4668 0.1934 0.8630
vn -0.6030 -0.6369 0.4803
vn -0.6437 0.7486 -0.1587
vn -0.8056 0.0470 0.5906
vn -0.7802 -0.3294 0.5318
vn -0.7038 0.6843 0.1907
vn -0.6075 0.7164 0.3432
vn -0.4572 0.8870 0.0652
vn -0.6713 -0.0697 0.7379
vn -0.7531 0.1780 0.6334
vn -0.7913 -0.2713 0.5479
vn -0.6781 0.7076 0.1986
vn -0.6840 0.7150 0.1449
vn -0.5354 0.0796 0.8408
vn -0.6251 0.2662 0.7337
vn -0.5233 0.0900 0.8474
vn -0.8563 -0.1023 0.5063
vn -0.5259 -0.4079 0.7464
vn -0.6202 -0.5907 0.5162
vn -0.8623 -0.1063 0.4952
vn -0.7043 -0.3129 0.6372
vn -0.5637 -0.5713 0.5966
vn -0.3611 -0.1305 0.9233
vn -0.4823 -0.6748 0.5586
vn -0.3232 0.0574 0.9446
vn -0.4291 -0.2318 0.8730
vn -0.2972 -0.2459 0.9226
vn -0.4910 -0.5390 0.6844
vn -0.1609 0.1703 0.9722
vn -0.7637 -0.0678 0.6419
vn -0.3358 -0.4708 0.8158
vn -0.3113 -0.3706 0.8751
vn -0.7571 -0.4402 0.4826
vn -0.6522 -0.0730 0.7545
vn -0.3482 0.0852 0.9335
vn 0.1941 -0.4699 0.8611
vn -0.7593 -0.2621 0.5957
vn -0.2448 0.4375 0.8652
vn 0.8343 0.0861 -0.5446
vn -0.6918 0.1521 -0.7059
vn 0.2685 -0.8975 -0.3500
vn 0.1628 -0.4254 -0.8902
vn -0.0000 1.0000 -0.0000
vn 0.1207 -0.9764 0.1793
vn 0.1579 0.0082 0.9874
vn 0.0941 -0.5064 -0.8572
vn 0.8110 -0.5759 -0.1035
vn 0.3139 -0.9477 0.0571
vn 0.4481 0.0670 -0.8915
vn 0.1343 -0.7807 -0.6104
vn 0.1437 -0.6974 -0.7021
vn -0.3479 0.4038 -0.8461
vn -0.7757 -0.1422 0.6149
vn 0.1822 -0.8831 -0.4323
vn -0.0000 -1.0000 -0.0000
vn 0.8171 -0.5468 0.1826
vn 0.2891 -0.7735 -0.5640
vn 0.1699 0.7614 -0.6256
vn -0.1895 0.7675 -0.6124
vn 0.0644 0.7176 -0.6934
vn 0.0831 0.7510 -0.6551
vn -0.2055 0.7270 -0.6551
vn -0.3243 0.7295 -0.6022
vn -0.1086 0.6993 -0.7065
vn -0.0488 0.8053 -0.5909
vn 0.1193 0.9913 -0.0549
vn 0.0032 0.9449 -0.3273
vn -0.0694 0.9313 -0.3576
vn -0.1134 0.9381 -0.3272
vn 0.0607 0.9960 -0.0650
vn -0.0890 0.9430 -0.3207
vn -0.1169 0.9269 -0.3566
vn -0.6630 0.7301 -0.1656
vn -0.8823 0.4120 -0.2276
vn -0.7093 0.6805 -0.1840
vn -0.8052 0.5366 -0.2527
vn -0.2416 -0.2739 -0.9309
vn 0.1069 -0.8702 -0.4810
vn -0.2450 -0.5919 -0.7678
vn -0.3475 -0.1368 -0.9276
vn -0.0351 -0.8329 -0.5523
vn 0.0884 -0.8911 -0.4451
vn -0.3892 -0.4028 -0.8284
vn -0.1788 -0.0773 -0.9808
vn 0.1163 -0.8756 -0.4687
vn -0.1535 -0.5484 -0.8220
vn -0.2921 -0.5760 -0.7635
vn -0.0622 -0.6163 -0.7850
vn -0.2089 -0.6565 -0.7248
vn -0.0544 -0.5044 -0.8617
vn -0.3692 -0.4012 -0.8383
vn -0.0420 -0.8397 -0.5415
vn 0.0478 -0.8854 -0.4623
vn -0.3772 -0.2778 -0.8835
vn -0.2333 -0.6339 -0.7374
vn 0.0328 -0.8866 -0.4613
vn -0.0848 -0.8265 -0.5565
vn -0.1201 -0.5510 -0.8258
vn 0.0526 -0.8771 -0.4774
vn -0.0117 -0.8405 -0.5416
vn -0.1924 -0.6338 -0.7492
vn -0.1833 -0.3263 -0.9273
vn -0.2386 -0.6447 -0.7263
vn -0.2069 -0.6294 -0.7490
vn -0.4941 0.7860 -0.3716
vn -0.1553 0.9315 -0.3289
vn -0.2663 0.9214 -0.2832
vn -0.2687 0.9188 -0.2892
vn -0.3463 0.9258 -0.1516
vn -0.3220 0.9436 -0.0773
vn -0.3257 0.9228 -0.2059
vn -0.3082 0.9177 -0.2508
vn -0.2538 0.9189 -0.3019
vn -0.2031 0.9543 -0.2194
vn -0.3358 0.9407 -0.0480
vn -0.1777 0.9175 -0.3559
vn -0.3859 0.9222 0.0249
vn -0.3770 0.8964 -0.2333
vn -0.5339 0.7701 -0.3492
vn -0.3427 0.9273 -0.1506
vn -0.4206 0.8612 -0.2853
vn -0.2985 0.9511 -0.0794
vn -0.3550 0.9243 -0.1403
vn -0.3050 0.9295 -0.2072
vn -0.3165 0.9030 -0.2905
vn -0.2545 0.9183 -0.3031
vn 0.1014 -0.4971 -0.8618
vn -0.0560 -0.8724 -0.4855
vn 0.2069 -0.6231 -0.7543
vn 0.0749 -0.8593 -0.5059
vn 0.1139 -0.5774 -0.8085
vn 0.0340 -0.5521 -0.8331
vn -0.0450 -0.5776 -0.8151
vn -0.0273 -0.6033 -0.7971
vn 0.7427 -0.6327 -0.2194
vn 0.0991 -0.5266 -0.8443
vn 0.4153 0.3479 -0.8405
vn 0.3600 0.6824 -0.6362
vn 0.3872 0.5018 -0.7735
vn 0.4426 0.4187 -0.7930
vn 0.3733 0.7930 -0.4814
vn 0.1629 0.2097 -0.9641
vn 0.4679 0.2129 -0.8577
vn 0.3117 0.6722 -0.6716
vn 0.3938 0.7584 -0.5194
vn 0.5287 0.6297 -0.5692
vn 0.2798 0.6259 -0.7280
vn 0.3303 0.6158 -0.7153
vn 0.5341 0.7014 -0.4720
vn 0.3864 0.7591 -0.5239
vn 0.2564 0.7090 -0.6569
vn 0.3651 0.4601 -0.8093
vn 0.4227 0.5908 -0.6873
vn 0.4557 0.3090 -0.8348
vn 0.5234 0.6401 -0.5624
vn 0.2343 0.7065 -0.6678
vn 0.2931 0.8632 -0.4111
vn 0.4090 0.6146 -0.6746
vn 0.4314 0.7057 -0.5620
vn 0.5164 0.7301 -0.4475
vn 0.2007 0.4329 -0.8788
vn 0.2599 0.7954 -0.5475
vn 0.2208 0.9009 -0.3737
vn 0.2238 0.8340 -0.5043
vn 0.4441 0.3902 -0.8065
vn 0.3716 0.7876 -0.4915
vn 0.2471 0.8657 -0.4352
vn 0.2403 0.3073 -0.9208
vn 0.1273 0.3282 -0.9360
vn 0.1157 0.8039 -0.5835
vn -0.1255 0.6469 -0.7522
vn -0.0025 0.1435 -0.9897
vn 0.0309 0.5167 -0.8556
vn 0.0536 0.4297 -0.9014
vn -0.0045 -0.3044 -0.9525
vn -0.1118 0.1350 -0.9845
vn -0.0518 0.5490 -0.8342
vn -0.1891 0.6300 -0.7532
vn 0.1305 0.6082 -0.7830
vn 0.0574 0.4530 -0.8897
vn -0.0219 0.0380 -0.9990
vn 0.0266 -0.0942 -0.9952
vn -0.0652 0.2776 -0.9585
vn 0.0429 0.4352 -0.8993
vn -0.0846 0.2332 -0.9687
vn -0.0492 0.5510 -0.8331
vn 0.0267 0.6520 -0.7578
vn -0.0108 0.1995 -0.9798
vn 0.0482 0.1213 -0.9914
vn -0.1631 0.8551 -0.4921
vn 0.0691 0.0004 -0.9976
vn -0.1455 0.6709 -0.7272
vn -0.0343 0.8248 -0.5643
vn -0.0140 0.7943 -0.6074
vn -0.0995 0.7849 -0.6116
vn 0.1023 0.2252 -0.9689
vn 0.1029 0.6888 -0.7176
vn -0.0074 -0.3009 -0.9536
vn -0.0678 -0.8187 -0.5702
vn -0.1053 -0.4400 -0.8918
vn -0.6551 0.6277 -0.4206
vn -0.4758 0.3230 -0.8181
vn -0.0064 -0.4625 -0.8866
vn -0.0418 -0.4250 -0.9042
vn -0.4958 0.2969 -0.8161
vn -0.1465 -0.6390 -0.7551
vn -0.6667 -0.4614 -0.5853
vn -0.5918 -0.6452 -0.4832
vn -0.1769 -0.9522 -0.2489
vn -0.1023 -0.7784 -0.6193
vn -0.7988 0.3288 -0.5038
vn -0.4666 -0.6240 -0.6268
vn -0.5201 -0.0899 -0.8493
vn -0.2394 -0.7049 -0.6677
vn -0.2952 -0.8131 -0.5018
vn -0.2027 -0.7159 -0.6681
vn -0.7079 0.4868 -0.5117
vn 0.0247 -0.5614 -0.8272
vn 0.2543 -0.9111 -0.3245
vn -0.0982 -0.5843 -0.8056
vn -0.0645 -0.6388 -0.7667
vn -0.0125 -0.4743 -0.8803
vn -0.1537 -0.8110 -0.5645
vn -0.0770 -0.4997 -0.8628
vn -0.2081 -0.5613 -0.8010
vn -0.6484 0.6360 -0.4184
vn -0.3524 0.9345 -0.0510
vn 0.2949 0.8222 -0.4868
vn 0.3061 0.8367 -0.4542
vn 0.2275 0.7932 -0.5649
vn 0.3210 0.7751 -0.5442
vn 0.2597 0.7350 -0.6264
vn 0.3111 0.9270 -0.2097
vn 0.3395 0.8551 -0.3918
vn 0.3104 0.7176 -0.6234
vn 0.3268 0.8214 -0.4674
vn 0.3785 0.8059 -0.4552
vn 0.2148 0.7157 -0.6646
vn 0.3442 0.7761 -0.5285
vn 0.2582 0.6961 -0.6699
vn 0.3796 0.9140 -0.1431
vn 0.2280 0.6761 -0.7006
vn 0.2148 0.6084 -0.7640
vn 0.4394 0.8810 -0.1756
vn 0.3400 0.8515 -0.3991
vn 0.2081 0.6059 -0.7678
vn 0.3790 0.8385 -0.3914
vn 0.3578 0.8022 -0.4780
vn 0.3937 0.7693 -0.5032
vn 0.3200 0.7514 -0.5770
vn 0.4056 0.7951 -0.4509
vn 0.3130 0.8218 -0.4761
vn 0.3989 0.9062 -0.1407
vn 0.3631 0.7714 -0.5226
vn 0.4642 0.8629 -0.2000
vn 0.3160 0.8195 -0.4781
vn 0.3823 0.9120 -0.1486
vn 0.2061 0.4675 -0.8596
vn 0.3713 0.9069 -0.1992
vn 0.2696 0.8344 -0.4807
vn 0.2125 0.7145 -0.6665
vn 0.3324 0.7549 -0.5653
vn 0.1989 0.5431 -0.8157
vn 0.1676 0.5812 -0.7963
vn 0.2286 0.5925 -0.7725
vn 0.3292 0.8467 -0.4180
vn 0.4211 0.8878 -0.1855
vn 0.3779 0.9157 -0.1370
vn 0.1981 0.5434 -0.8158
vn 0.3348 0.8410 -0.4249
vn 0.3569 0.7645 -0.5368
vn 0.3732 0.9058 -0.2006
vn 0.3555 0.8316 -0.4266
vn 0.3241 0.8479 -0.4195
vn 0.1566 0.3145 -0.9362
vn 0.3660 0.7670 -0.5270
vn 0.3025 0.8417 -0.4473
vn 0.3037 0.8001 -0.5173
vn 0.3588 0.9222 -0.1443
vn 0.3986 0.9063 -0.1405
vn 0.3026 0.8351 -0.4593
vn 0.1793 0.4450 -0.8774
vn 0.3240 0.8418 -0.4316
vn 0.3061 0.9361 -0.1732
vn 0.1599 0.4996 -0.8513
vn 0.4731 0.8623 -0.1808
vn -0.3948 0.5870 -0.7068
vn -0.8477 0.0529 -0.5278
vn -0.7902 -0.5569 -0.2561
vn -0.6365 0.5410 -0.5497
vn -0.0155 -0.9172 -0.3982
vn 0.0343 -0.9056 -0.4228
vn 0.0088 -0.9118 -0.4106
vn -0.0408 -0.9126 -0.4067
vn -0.7703 0.3098 -0.5574
vn -0.3981 0.2537 -0.8816
vn -0.7892 0.1403 -0.5978
vn -0.0169 -0.7112 -0.7028
vn -0.6289 0.3180 -0.7095
vn -0.0692 0.9504 -0.3032
vn -0.4749 0.0057 -0.8800
vn -0.5028 -0.0535 -0.8627
vn -0.4308 -0.1308 -0.8929
vn -0.5971 0.1309 -0.7914
vn -0.6263 0.2135 -0.7497
vn -0.7079 0.3628 -0.6060
vn 0.0328 -0.9183 -0.3946
vn -0.7062 0.0983 -0.7012
vn -0.0040 -0.6952 -0.7188
vn -0.4032 0.5181 -0.7543
vn -0.7027 -0.6621 -0.2606
vn -0.1087 -0.6863 -0.7192
vn -0.9421 -0.3118 -0.1231
vn -0.4985 0.1442 -0.8548
vn -0.6774 -0.0613 -0.7331
vn -0.3941 0.5143 -0.7616
vn -0.4247 -0.0456 -0.9042
vn -0.4451 -0.3865 -0.8078
vn -0.0503 -0.6725 -0.7384
vn -0.1247 -0.4923 -0.8614
vn -0.1014 -0.9337 -0.3435
vn -0.9220 0.3342 -0.1954
vn -0.0615 -0.2762 -0.9591
vn -0.2925 0.6095 -0.7368
vn -0.1126 -0.9336 -0.3401
vn -0.2644 -0.6471 -0.7151
vn -0.0557 -0.5751 -0.8162
vn 0.0123 -0.2944 -0.9556
vn -0.6921 0.1415 -0.7078
vn -0.2279 -0.1219 -0.9660
vn -0.3572 -0.7272 -0.5861
vn -0.7657 0.4183 -0.4886
vn -0.3190 -0.3930 -0.8624
vn -0.0679 -0.6358 -0.7689
vn -0.2119 -0.3606 -0.9083
vn -0.1547 -0.6722 -0.7241
vn -0.1459 -0.4223 -0.8946
vn -0.1211 -0.7043 -0.6995
vn -0.0787 -0.1225 -0.9893
vn 0.0280 -0.8000 -0.5994
vn -0.1400 -0.5859 -0.7982
vn -0.1933 -0.7812 -0.5935
vn -0.2805 -0.7837 -0.5542
vn -0.2203 -0.7688 -0.6003
vn -0.0623 -0.4991 -0.8643
vn -0.3212 -0.4562 -0.8299
vn -0.1055 -0.4334 -0.8950
vn -0.3283 -0.4400 -0.8358
vn -0.3203 -0.4569 -0.8298
vn 0.0625 -0.7766 -0.6269
vn 0.0042 -0.1385 -0.9904
vn -0.0344 -0.5192 -0.8540
vn -0.1833 0.7154 -0.6742
vn -0.0375 -0.5067 -0.8613
vn 0.0098 -0.2891 -0.9572
vn -0.2644 0.7533 -0.6022
vn -0.3269 0.7254 -0.6057
vn -0.3205 0.0025 -0.9472
vn -0.1115 -0.0715 -0.9912
vn -0.3374 0.1996 -0.9200
vn -0.1130 0.1680 -0.9793
vn -0.2235 0.2983 -0.9279
vn -0.2588 0.5921 -0.7632
vn -0.2411 0.6197 -0.7468
vn 0.1894 0.9418 -0.2778
vn -0.3787 0.0301 -0.9250
vn -0.0000 0.9998 -0.0200
vn 0.0229 0.9735 -0.2275
vn -0.2456 -0.2503 -0.9365
vn -0.2367 0.5858 -0.7751
vn -0.0999 -0.5618 -0.8212
vn -0.2067 -0.0028 -0.9784
vn -0.2309 0.0884 -0.9689
vn -0.1769 -0.3152 -0.9324
vn -0.0463 0.9785 -0.2010
vn -0.2346 -0.3633 -0.9016
vn -0.1008 0.3501 -0.9313
vn -0.1591 -0.3444 -0.9252
vn -0.2140 -0.3866 -0.8971
vn -0.0136 -0.2290 -0.9733
vn -0.0484 0.2397 -0.9696
vn -0.0418 -0.5194 -0.8535
vn -0.4869 0.1962 -0.8511
vn -0.2470 -0.2331 -0.9406
vn -0.2882 0.2546 -0.9231
vn -0.2374 -0.2414 -0.9409
vn -0.4546 0.3726 -0.8090
vn 0.0919 0.4232 -0.9014
vn -0.2866 -0.1292 -0.9493
vn -0.2559 0.0575 -0.9650
vn -0.0917 0.3021 -0.9489
vn -0.0802 0.4194 -0.9042
vn -0.3919 -0.0020 -0.9200
vn -0.4122 -0.2304 -0.8815
vn 0.2948 -0.7199 -0.6284
vn -0.0697 0.3706 -0.9262
vn -0.0612 -0.7950 -0.6035
vn -0.0823 0.2751 -0.9579
vn -0.1567 0.1441 -0.9771
vn -0.2338 0.0035 -0.9723
vn -0.3320 -0.1045 -0.9375
vn -0.2817 -0.0720 -0.9568
vn -0.1384 -0.2253 -0.9644
vn -0.3643 0.3859 -0.8476
vn 0.3698 -0.1511 -0.9168
vn 0.2918 -0.0536 -0.9550
vn 0.2272 -0.5844 -0.7790
vn 0.0436 -0.2589 -0.9649
vn 0.2137 0.0801 -0.9736
vn 0.3284 -0.5684 -0.7543
vn 0.3573 -0.4905 -0.7948
vn 0.3407 -0.4596 -0.8202
vn 0.4236 0.0854 -0.9018
vn 0.0075 -0.2894 -0.9572
vn 0.2150 -0.1430 -0.9661
vn 0.2975 0.2070 -0.9320
vn 0.4136 -0.4556 -0.7883
vn 0.3251 -0.1424 -0.9349
vn 0.2773 -0.1075 -0.9547
vn 0.2715 -0.1132 -0.9557
vn 0.1870 -0.0626 -0.9804
vn 0.4832 -0.5469 -0.6837
vn 0.5217 -0.5452 -0.6562
vn 0.3814 0.1259 -0.9158
vn 0.2366 -0.3862 -0.8916
vn 0.2266 -0.8161 -0.5316
vn 0.3612 0.1390 -0.9221
vn 0.3143 -0.7839 -0.5355
vn 0.2801 0.1554 -0.9473
vn 0.4079 -0.0214 -0.9128
vn 0.3430 -0.7838 -0.5177
vn 0.2796 -0.8075 -0.5194
vn 0.2773 -0.3771 -0.8837
vn 0.0478 -0.0977 -0.9941
vn 0.4284 -0.6456 -0.6322
vn -0.1513 0.0004 -0.9885
vn 0.0143 -0.0131 -0.9998
vn 0.2422 -0.3299 -0.9124
vn 0.1387 -0.2642 -0.9544
vn 0.4691 -0.6078 -0.6407
vn 0.0111 -0.4100 -0.9120
vn 0.4999 -0.4770 -0.7229
vn 0.4887 -0.2567 -0.8338
vn 0.3042 -0.6347 -0.7104
vn 0.2618 -0.3130 -0.9130
vn 0.4354 -0.5904 -0.6797
vn 0.4086 -0.3206 -0.8545
vn 0.3035 -0.4346 -0.8480
vn 0.3065 -0.2338 -0.9227
vn 0.2453 -0.0933 -0.9649
vn 0.3309 -0.0404 -0.9428
vn 0.0637 -0.1718 -0.9831
vn 0.2273 -0.3321 -0.9155
vn 0.0423 -0.0743 -0.9963
vn 0.0151 -0.0117 -0.9998
vn 0.1160 -0.8196 -0.5611
vn 0.2105 0.1074 -0.9717
vn 0.0789 -0.3091 -0.9478
vn 0.0139 -0.2030 -0.9791
vn 0.1637 -0.1031 -0.9811
vn 0.1641 -0.8065 -0.5681
vn 0.4506 -0.0872 -0.8885
vn 0.4237 -0.4020 -0.8117
vn 0.2489 -0.1938 -0.9489
vn 0.4440 -0.1735 -0.8790
vn 0.7144 -0.5715 -0.4038
vn 0.5225 -0.0577 -0.8507
vn 0.4208 -0.4622 -0.7806
vn 0.2551 -0.2505 -0.9339
vn 0.7892 -0.4158 -0.4520
vn 0.6256 -0.6064 -0.4908
vn 0.3437 -0.3028 -0.8889
vn 0.3241 -0.3103 -0.8937
vn 0.3329 -0.4937 -0.8034
vn 0.3681 -0.0628 -0.9276
vn 0.4681 -0.2270 -0.8540
vn 0.7770 -0.4214 -0.4676
vn 0.8239 -0.2768 -0.4945
vn 0.5919 -0.5320 -0.6055
vn 0.3898 -0.3876 -0.8353
vn 0.4626 -0.5501 -0.6953
vn 0.3818 -0.4342 -0.8159
vn 0.6093 -0.3932 -0.6886
vn 0.4798 -0.1937 -0.8557
vn 0.4635 -0.5738 -0.6752
vn 0.2200 0.5910 -0.7761
vn 0.4688 -0.1757 -0.8657
vn 0.4597 -0.2171 -0.8611
vn 0.8602 -0.4943 -0.1253
vn 0.0949 -0.0424 -0.9946
vn 0.6386 -0.6389 -0.4290
vn 0.5119 -0.6636 -0.5455
vn 0.2978 -0.2491 -0.9215
vn 0.2557 -0.0002 -0.9668
vn 0.3272 -0.5996 -0.7304
vn 0.8445 -0.5194 -0.1307
vn 0.3732 -0.5689 -0.7329
vn 0.3447 -0.3033 -0.8884
vn 0.2855 -0.2916 -0.9129
vn 0.3754 -0.5643 -0.7353
vn 0.0180 -0.3168 -0.9483
vn 0.2490 -0.4177 -0.8738
vn 0.2980 -0.4501 -0.8418
vn 0.9095 -0.4152 0.0193
vn 0.3982 -0.6098 -0.6853
vn 0.2498 -0.3159 -0.9153
vn 0.2156 0.1179 -0.9693
vn 0.2972 -0.8068 -0.5107
vn 0.2887 -0.5839 -0.7588
vn 0.6310 -0.2397 -0.7378
vn 0.4010 -0.5895 -0.7012
vn 0.2973 -0.6563 -0.6934
vn -0.0283 -0.3634 -0.9312
vn 0.2328 -0.1278 -0.9641
vn 0.2957 -0.3041 -0.9056
vn 0.2711 -0.3929 -0.8787
vn 0.4288 -0.6453 -0.6322
vn 0.2333 0.1815 -0.9553
vn 0.3209 -0.6540 -0.6850
vn 0.2150 0.2515 -0.9437
vn 0.2773 0.1887 -0.9421
vn 0.2406 0.2172 -0.9460
vn 0.2348 0.2632 -0.9357
vn 0.4902 -0.6760 -0.5502
vn 0.3003 -0.1055 -0.9480
vn 0.1971 0.2403 -0.9505
vn 0.2298 -0.3667 -0.9015
vn 0.3169 -0.3000 -0.8998
vn 0.2919 -0.4489 -0.8445
vn 0.1864 0.0785 -0.9793
vn 0.2156 0.3059 -0.9273
vn 0.1366 -0.2808 -0.9500
vn 0.1904 0.1799 -0.9651
vn 0.1818 0.2638 -0.9473
vn 0.3115 -0.2495 -0.9169
vn 0.1713 0.2686 -0.9479
vn 0.2571 -0.4227 -0.8690
vn 0.1845 0.1960 -0.9631
vn 0.3531 -0.0253 -0.9352
vn 0.2754 0.1822 -0.9439
vn 0.3411 -0.2994 -0.8911
vn 0.4611 0.0670 -0.8848
vn 0.3718 0.0389 -0.9275
vn 0.1763 0.0988 -0.9794
vn 0.2796 -0.2900 -0.9153
vn 0.3566 -0.2078 -0.9109
vn 0.7041 -0.4381 -0.5589
vn 0.2306 0.1175 -0.9659
vn 0.5453 -0.5199 -0.6576
vn 0.1767 0.1903 -0.9657
vn 0.2894 -0.6213 -0.7282
vn 0.2831 -0.2321 -0.9306
vn 0.1346 -0.0825 -0.9875
vn 0.4278 -0.5490 -0.7181
vn 0.1189 -0.2547 -0.9597
vn 0.2338 -0.0917 -0.9680
vn 0.4206 -0.3809 -0.8234
vn 0.1231 -0.2049 -0.9710
vn 0.2935 -0.0356 -0.9553
vn 0.2218 -0.3800 -0.8980
vn 0.3058 -0.1905 -0.9328
vn 0.3153 0.0634 -0.9469
vn 0.2238 -0.1024 -0.9692
vn 0.3801 0.1284 -0.9160
vn 0.4429 -0.0579 -0.8947
vn 0.2753 -0.2567 -0.9264
vn 0.0863 -0.4835 -0.8711
vn 0.3095 -0.2493 -0.9176
vn 0.0654 -0.1481 -0.9868
vn 0.3464 -0.6132 -0.7099
vn 0.1648 -0.1422 -0.9760
vn 0.1857 -0.1011 -0.9774
vn 0.3139 -0.5756 -0.7551
vn 0.3553 -0.1532 -0.9221
vn 0.3481 -0.4224 -0.8369
vn 0.3632 -0.7598 -0.5393
vn 0.3018 -0.4245 -0.8536
vn 0.3283 -0.0145 -0.9445
vn 0.3569 0.1122 -0.9274
vn 0.2902 0.0644 -0.9548
vn 0.1818 -0.0739 -0.9806
vn 0.2403 -0.2777 -0.9301
vn 0.2799 0.4289 -0.8589
vn 0.4214 -0.0486 -0.9056
vn 0.4143 -0.5477 -0.7269
vn 0.2709 -0.0278 -0.9622
vn 0.4049 -0.1761 -0.8972
vn 0.5327 -0.4055 -0.7428
vn 0.2495 -0.3157 -0.9155
vn 0.4238 -0.1077 -0.8993
vn 0.6082 -0.2007 -0.7680
vn 0.2919 -0.6092 -0.7373
vn 0.5684 -0.5141 -0.6424
vn 0.3044 -0.2896 -0.9075
vn 0.3610 0.0405 -0.9317
vn 0.2819 -0.3513 -0.8928
vn -0.1071 -0.3600 -0.9268
vn 0.2736 -0.8312 -0.4841
vn 0.2005 0.0271 -0.9793
vn 0.2883 -0.3454 -0.8931
vn 0.5143 -0.5162 -0.6849
vn 0.3573 -0.1975 -0.9129
vn 0.3614 0.0975 -0.9273
vn 0.3368 -0.2817 -0.8984
vn 0.2953 -0.2225 -0.9291
vn -0.1641 -0.5310 -0.8313
vn 0.4485 -0.5753 -0.6840
vn 0.3612 -0.2034 -0.9100
vn 0.6737 -0.2000 -0.7114
vn 0.4812 -0.3948 -0.7827
vn 0.3009 -0.2945 -0.9070
vn 0.2945 -0.4311 -0.8529
vn 0.2890 -0.3967 -0.8713
vn 0.3811 -0.1963 -0.9035
vn 0.1854 0.9664 -0.1779
vn 0.0003 0.2957 -0.9553
vn 0.2899 0.8532 -0.4335
vn 0.2007 0.9195 -0.3379
vn 0.2086 0.9110 -0.3558
vn 0.2664 0.7984 -0.5401
vn 0.2786 0.2958 -0.9137
vn 0.3598 0.8457 -0.3941
vn 0.0976 0.6803 -0.7264
vn -0.0715 0.1345 -0.9883
vn 0.1245 0.3440 -0.9307
vn 0.3069 0.0206 -0.9515
vn -0.0306 0.1513 -0.9880
vn 0.1874 0.7204 -0.6677
vn -0.0833 -0.0246 -0.9962
vn 0.1477 0.7720 -0.6183
vn 0.0493 -0.0626 -0.9968
vn -0.1230 -0.0997 -0.9874
vn 0.2603 0.8033 -0.5357
vn 0.1796 0.9837 0.0118
vn 0.1026 0.1488 -0.9835
vn 0.1254 0.8928 -0.4327
vn 0.2156 -0.1571 -0.9638
vn 0.1081 0.6143 -0.7816
vn 0.3478 0.8003 -0.4884
vn 0.2114 0.7878 -0.5786
vn 0.0580 0.0393 -0.9975
vn 0.0573 -0.1351 -0.9892
vn 0.0013 0.8749 -0.4844
vn -0.0901 -0.2242 -0.9704
vn 0.1640 0.8558 -0.4906
vn 0.0973 0.5756 -0.8119
vn 0.1349 0.9097 -0.3927
vn 0.1679 0.2480 -0.9541
vn 0.0281 0.9380 -0.3455
vn 0.2015 0.0161 -0.9794
vn 0.2504 0.8342 -0.4913
vn 0.2900 0.6791 -0.6743
vn 0.0401 0.2702 -0.9620
vn 0.0741 0.8729 -0.4823
vn 0.3295 0.7740 -0.5407
vn 0.1266 0.9161 -0.3804
vn -0.0182 0.9037 -0.4279
vn 0.0685 -0.0431 -0.9967
vn 0.0016 0.9916 -0.1297
vn 0.2259 0.0732 -0.9714
vn 0.1740 0.4857 -0.8566
vn 0.1933 -0.0467 -0.9800
vn 0.0711 0.4979 -0.8643
vn 0.0653 -0.1085 -0.9919
vn 0.3170 0.9113 -0.2627
vn 0.1098 0.5284 -0.8419
vn -0.0444 -0.3128 -0.9488
vn 0.3626 0.8647 -0.3476
vn 0.0086 0.9137 -0.4063
vn -0.1007 -0.5742 -0.8125
vn 0.2620 0.0032 -0.9651
vn -0.0149 0.9118 -0.4104
vn 0.2908 0.8003 -0.5244
vn 0.0362 0.1746 -0.9840
vn 0.0969 0.2565 -0.9617
vn -0.0759 -0.4071 -0.9102
vn 0.2751 -0.0315 -0.9609
vn 0.0837 0.8623 -0.4995
vn -0.0844 -0.4096 -0.9083
vn 0.1693 0.9562 -0.2389
vn 0.0687 0.0764 -0.9947
vn 0.2510 0.3089 -0.9174
vn 0.2484 0.7350 -0.6310
vn 0.0655 0.8942 -0.4429
vn 0.0928 0.3073 -0.9471
vn -0.0318 -0.0703 -0.9970
vn 0.1324 0.6849 -0.7166
vn 0.1708 0.9853 0.0022
vn 0.1363 0.9903 0.0259
vn 0.1164 0.9913 0.0608
vn 0.1043 0.6897 -0.7165
vn -0.0390 -0.3038 -0.9519
vn -0.0319 0.1938 -0.9805
vn 0.1255 0.3145 -0.9409
vn 0.1517 0.7631 -0.6282
vn 0.1448 0.8927 -0.4268
vn -0.0315 -0.1970 -0.9799
vn -0.0927 -0.5322 -0.8415
vn -0.0122 -0.4568 -0.8895
vn 0.1003 0.3153 -0.9437
vn 0.1615 0.9461 -0.2808
vn -0.0388 0.8911 -0.4522
vn 0.1383 0.6866 -0.7138
vn -0.0521 -0.1570 -0.9862
vn -0.0246 -0.2081 -0.9778
vn 0.4041 -0.0195 -0.9145
vn -0.0703 0.3031 -0.9504
vn 0.0475 0.5800 -0.8132
vn 0.0366 0.9497 -0.3112
vn 0.2952 -0.1336 -0.9460
vn 0.1188 -0.2343 -0.9649
vn 0.1855 -0.0627 -0.9806
vn 0.0678 0.0471 -0.9966
vn 0.3449 -0.0572 -0.9369
vn 0.0576 0.5528 -0.8314
vn 0.1227 0.7028 -0.7007
vn 0.0932 0.6681 -0.7382
vn 0.1431 0.7504 -0.6453
vn -0.0564 -0.3173 -0.9467
vn -0.0265 0.4027 -0.9150
vn 0.2081 0.1372 -0.9684
vn 0.1707 0.8844 -0.4343
vn 0.0414 0.9000 -0.4339
vn 0.1700 0.9443 -0.2818
vn 0.2454 0.5943 -0.7659
vn 0.1167 0.5222 -0.8448
vn 0.1287 0.8232 -0.5530
vn 0.3131 0.7084 -0.6326
vn 0.1145 0.5207 -0.8460
vn 0.0259 0.3648 -0.9307
vn -0.1081 0.0163 -0.9940
vn 0.1265 0.6942 -0.7085
vn 0.1050 0.6892 -0.7170
vn 0.0662 0.6170 -0.7842
vn 0.2038 0.8323 -0.5155
vn 0.1222 0.9905 0.0635
vn 0.0616 -0.1367 -0.9887
vn 0.0215 0.9020 -0.4312
vn 0.0683 0.5942 -0.8014
vn -0.1148 0.7516 -0.6496
vn 0.1947 0.9530 -0.2322
vn 0.1065 0.9921 0.0655
vn 0.1599 0.9706 -0.1799
vn 0.1873 0.9758 -0.1125
vn -0.0585 0.3522 -0.9341
vn 0.2742 0.8955 -0.3506
vn 0.0234 0.8818 -0.4711
vn 0.1577 0.9010 -0.4041
vn 0.1370 0.6820 -0.7184
vn 0.2961 -0.0749 -0.9522
vn 0.0781 -0.5884 -0.8048
vn 0.2241 -0.0299 -0.9741
vn -0.0332 -0.3077 -0.9509
vn 0.0715 0.3698 -0.9264
vn 0.0044 0.9276 -0.3736
vn 0.3427 0.7163 -0.6078
vn 0.3035 -0.0883 -0.9487
vn 0.1469 0.6813 -0.7171
vn 0.1287 0.9367 -0.3257
vn 0.0416 0.9001 -0.4337
vn 0.3433 0.8609 -0.3755
vn 0.1763 0.9198 -0.3505
vn -0.0787 -0.1638 -0.9833
vn -0.0381 -0.0537 -0.9978
vn 0.0997 0.1366 -0.9856
vn -0.0261 0.3782 -0.9254
vn 0.2871 -0.0737 -0.9551
vn 0.1413 0.4381 -0.8878
vn 0.4818 0.6734 -0.5608
vn 0.1372 0.6026 -0.7862
vn 0.2576 0.7500 -0.6093
vn 0.0253 -0.0547 -0.9982
vn 0.2277 0.5048 -0.8327
vn 0.1462 0.9403 -0.3075
vn 0.0803 0.8188 -0.5684
vn 0.2662 0.0819 -0.9604
vn 0.1396 0.3996 -0.9060
vn 0.1601 0.7616 -0.6279
vn 0.1960 0.1243 -0.9727
vn 0.1706 0.8377 -0.5189
vn 0.2097 0.3219 -0.9232
vn 0.2665 0.3208 -0.9089
vn 0.0360 0.9321 -0.3605
vn 0.1299 0.8227 -0.5535
vn 0.1597 0.1534 -0.9752
vn 0.1232 0.4638 -0.8773
vn -0.0790 0.1440 -0.9864
vn 0.3555 0.7993 -0.4844
vn 0.4034 0.8501 -0.3385
vn 0.0720 0.1887 -0.9794
vn -0.1228 0.7893 -0.6017
vn 0.0946 0.8139 -0.5732
vn 0.0043 0.6075 -0.7943
vn 0.1393 0.9877 0.0711
vn -0.0047 0.3146 -0.9492
vn 0.2044 0.8358 -0.5096
vn 0.2236 0.9734 0.0501
vn 0.0565 0.6679 -0.7421
vn 0.0549 0.3046 -0.9509
vn 0.0132 0.3127 -0.9498
vn 0.1377 0.6187 -0.7734
vn 0.2559 0.0730 -0.9639
vn 0.3905 0.8320 -0.3940
vn 0.0286 -0.3955 -0.9180
vn 0.2743 -0.2630 -0.9250
vn 0.2137 0.4255 -0.8793
vn 0.2606 0.9552 -0.1403
vn 0.2264 -0.1942 -0.9545
vn 0.2954 0.6947 -0.6559
vn 0.0454 0.4224 -0.9053
vn 0.1909 0.2811 -0.9405
vn -0.0930 0.0220 -0.9954
vn 0.2977 0.5684 -0.7670
vn 0.2548 0.0920 -0.9626
vn 0.2877 0.6610 -0.6930
vn 0.3767 0.8513 -0.3652
vn 0.2105 -0.0326 -0.9770
vn 0.1287 0.2582 -0.9575
vn 0.2941 0.4558 -0.8401
vn 0.3650 0.8565 -0.3650
vn -0.0911 -0.5345 -0.8403
vn 0.3068 0.8501 -0.4280
vn 0.3546 -0.0804 -0.9315
vn 0.0320 0.9021 -0.4304
vn 0.0888 -0.4881 -0.8682
vn 0.0995 0.3060 -0.9468
vn 0.1837 0.8537 -0.4873
vn 0.1085 0.5583 -0.8225
vn 0.0204 0.8766 -0.4807
vn 0.2519 -0.1273 -0.9594
vn 0.0090 0.3462 -0.9381
vn 0.2474 0.9457 -0.2107
vn 0.0277 0.4433 -0.8959
vn 0.0810 0.2658 -0.9606
vn 0.0870 0.8192 -0.5669
vn 0.3440 0.8545 -0.3892
vn 0.0212 0.9274 -0.3734
vn -0.0237 -0.2032 -0.9788
vn 0.0926 0.4612 -0.8824
vn 0.1351 0.8945 -0.4262
vn 0.4039 0.8507 -0.3365
vn 0.2495 0.9669 0.0534
vn 0.2400 0.3178 -0.9173
vn 0.1523 0.8849 -0.4402
vn 0.0908 0.8684 -0.4874
vn 0.2063 0.0601 -0.9766
vn -0.0586 -0.3123 -0.9482
vn 0.1666 0.6834 -0.7108
vn 0.1103 -0.2755 -0.9550
vn 0.1189 0.6182 -0.7770
vn -0.0423 0.9399 -0.3387
vn 0.1525 0.9046 -0.3981
vn 0.2555 0.8700 -0.4218
vn 0.0640 0.8586 -0.5087
vn 0.2632 -0.1475 -0.9534
vn 0.3113 -0.0065 -0.9503
vn 0.2112 0.9034 -0.3732
vn 0.1922 -0.3932 -0.8992
vn 0.2217 0.9011 -0.3725
vn 0.1837 0.8954 -0.4055
vn 0.0575 0.8955 -0.4414
vn 0.5027 0.8392 -0.2075
vn 0.4391 0.8966 -0.0578
vn 0.2589 0.9635 -0.0677
vn 0.4169 0.6226 0.6622
vn 0.5320 0.7747 -0.3417
vn 0.5307 0.7943 0.2956
vn 0.3665 0.9304 -0.0097
vn 0.3496 0.8174 -0.4579
vn 0.4346 0.8998 0.0375
vn 0.5528 0.8255 0.1135
vn 0.3688 0.5880 0.7199
vn 0.4374 0.5044 0.7445
vn 0.6973 0.4896 0.5235
vn 0.2078 0.9759 -0.0660
vn 0.5014 0.2215 0.8364
vn 0.4608 0.8025 -0.3791
vn 0.4483 0.6338 0.6303
vn 0.4407 0.8782 -0.1858
vn 0.2462 0.9578 -0.1483
vn 0.2966 0.8822 -0.3656
vn 0.4475 0.6344 0.6302
vn 0.4350 0.3646 0.8233
vn 0.3438 0.8561 -0.3859
vn 0.5152 0.8378 -0.1808
vn 0.2807 0.7729 -0.5691
vn 0.4270 0.8174 -0.3867
vn 0.2316 0.9503 -0.2082
vn 0.4203 0.8930 -0.1611
vn 0.5034 0.7918 -0.3460
vn 0.5065 0.8245 -0.2522
vn 0.2845 0.8845 -0.3698
vn 0.2478 0.9011 -0.3558
vn 0.5354 0.7691 -0.3491
vn 0.3043 0.8044 -0.5102
vn 0.3951 0.5524 0.7340
vn 0.5795 0.7953 -0.1777
vn 0.4500 0.8226 -0.3476
vn 0.2782 0.9545 0.1073
vn 0.4029 0.8963 -0.1853
vn 0.2796 0.6120 0.7398
vn 0.1933 0.9720 0.1338
vn 0.4561 0.8788 0.1402
vn 0.3936 0.7712 -0.5003
vn 0.2524 0.9653 -0.0669
vn 0.2455 0.9067 -0.3429
vn 0.3012 0.9254 0.2302
vn 0.4993 0.8622 -0.0851
vn 0.4547 0.8905 -0.0134
vn 0.1194 0.5253 0.8425
vn 0.4661 0.4738 0.7472
vn 0.5140 0.8523 0.0969
vn 0.6046 0.7957 -0.0368
vn 0.5669 0.8187 0.0910
vn 0.3840 0.7798 0.4944
vn 0.5875 0.7842 -0.1997
vn 0.7120 0.3690 0.5974
vn 0.4146 0.8613 0.2937
vn 0.4539 0.8802 0.1390
vn 0.4218 0.4598 0.7814
vn 0.4581 0.5790 0.6745
vn 0.8467 0.0406 0.5306
vn 0.1768 0.9683 0.1764
vn 0.2337 0.9668 -0.1031
vn 0.3713 0.9285 0.0084
vn 0.5201 0.7762 -0.3565
vn 0.4416 0.8718 -0.2122
vn 0.5556 0.7903 -0.2581
vn 0.2671 0.7847 -0.5594
vn 0.2960 0.9436 -0.1484
vn 0.3006 0.5977 -0.7432
vn 0.3845 0.3050 -0.8713
vn 0.2281 0.6415 -0.7324
vn 0.8854 0.3590 -0.2952
vn 0.9700 0.0279 -0.2414
vn 0.3526 0.3067 -0.8841
vn 0.8933 0.3174 -0.3183
vn 0.2742 0.8219 -0.4993
vn 0.4992 0.0736 -0.8633
vn 0.4580 0.1775 -0.8711
vn 0.4023 0.2156 -0.8898
vn 0.4510 0.1337 -0.8825
vn 0.4098 0.8948 -0.1773
vn 0.3718 0.3913 -0.8418
vn 0.1455 0.8227 0.5495
vn 0.4507 0.1335 -0.8827
vn 0.9536 0.1792 -0.2419
vn 0.9414 -0.3344 0.0439
vn 0.5136 -0.0754 -0.8547
vn 0.8595 -0.2362 -0.4533
vn 0.8623 -0.2207 -0.4558
vn 0.5306 0.4555 -0.7148
vn -0.1483 0.7343 -0.6624
vn -0.3145 0.6908 -0.6511
vn 0.3078 0.6724 -0.6732
vn 0.2482 0.2420 -0.9380
vn -0.6176 -0.3656 -0.6963
vn -0.4770 -0.3793 -0.7929
vn 0.5735 0.5028 -0.6468
vn 0.4283 0.1362 -0.8933
vn -0.2795 0.6199 -0.7332
vn -0.3659 0.0126 -0.9306
vn -0.3439 0.6021 -0.7206
vn -0.9654 0.0456 -0.2568
vn 0.2918 0.6310 -0.7188
vn -0.9232 -0.1405 -0.3578
vn -0.8364 -0.1244 -0.5339
vn 0.6633 0.5919 0.4579
vn -0.2637 0.6697 -0.6942
vn -0.3800 0.0544 -0.9234
vn 0.0514 0.2878 -0.9563
vn 0.2178 0.6538 -0.7246
vn -0.3198 0.4207 -0.8490
vn -0.4543 0.0496 -0.8895
vn -0.0856 0.7882 -0.6094
vn -0.2209 0.0916 -0.9710
vn -0.2741 0.2770 -0.9209
vn -0.5430 0.1163 -0.8316
vn -0.1479 0.7465 -0.6488
vn -0.3509 0.4049 -0.8443
vn -0.1052 0.3706 -0.9228
vn -0.0232 0.5064 -0.8620
vn 0.3354 0.3395 -0.8788
vn 0.2587 0.7288 -0.6339
vn -0.1077 0.7811 -0.6151
vn 0.0186 0.0637 -0.9978
vn -0.6722 0.2839 -0.6838
vn -0.2987 0.2710 -0.9151
vn 0.0363 0.3900 -0.9201
vn -0.2552 0.1681 -0.9522
vn -0.6609 -0.4123 -0.6271
vn 0.4388 0.5692 -0.6953
vn 0.1498 0.3474 -0.9257
vn 0.0040 0.5844 -0.8114
vn -0.2370 0.0908 -0.9673
vn -0.0098 0.0703 -0.9975
vn -0.0506 0.7693 -0.6369
vn 0.1454 0.4940 -0.8572
vn 0.3391 0.2850 -0.8965
vn 0.1346 0.8688 -0.4765
vn 0.4356 0.5274 -0.7295
vn -0.6042 -0.2648 -0.7516
vn -0.1054 0.6403 -0.7608
vn -0.2002 0.5962 -0.7775
vn -0.4399 0.0823 -0.8943
vn 0.6097 0.4159 0.6748
vn -0.0592 0.7583 -0.6492
vn 0.3609 -0.2153 -0.9074
vn -0.7707 0.0372 -0.6361
vn 0.4242 -0.1555 -0.8921
vn 0.2628 -0.1170 -0.9577
vn 0.0701 0.3146 -0.9466
vn 0.3898 -0.0483 -0.9196
vn -0.0745 0.6494 -0.7568
vn 0.2599 -0.1230 -0.9578
vn -0.7007 0.0795 -0.7090
vn -0.3880 0.3376 -0.8576
vn 0.1743 0.2435 -0.9541
vn -0.0676 0.7615 -0.6446
vn -0.2655 0.7261 -0.6343
vn 0.4234 -0.0471 -0.9047
vn 0.1056 0.1742 -0.9790
vn 0.0647 -0.0387 -0.9972
vn 0.4334 0.7291 0.5297
vn -0.8386 -0.1513 -0.5234
vn 0.3472 0.6250 0.6992
vn 0.1997 0.6204 -0.7584
vn 0.3270 -0.1500 -0.9331
vn -0.4942 -0.4430 -0.7480
vn 0.6635 0.4759 0.5773
vn 0.4210 -0.0451 -0.9060
vn -0.6792 -0.4440 -0.5844
vn -0.4716 0.0323 -0.8812
vn 0.3095 0.0313 -0.9504
vn -0.7021 -0.2056 -0.6818
vn 0.4043 0.1454 -0.9030
vn 0.3416 0.3552 -0.8701
vn 0.3572 -0.2170 -0.9085
vn 0.2443 0.3470 -0.9055
vn 0.3397 0.4214 -0.8408
vn 0.6122 0.3112 -0.7269
vn 0.4462 0.4073 -0.7969
vn 0.2392 0.2460 -0.9393
vn 0.4947 0.4219 -0.7597
vn -0.6873 -0.4061 -0.6022
vn -0.3721 0.1382 -0.9179
vn 0.3951 0.4598 -0.7953
vn -0.8097 0.4063 -0.4235
vn 0.4197 0.3054 -0.8548
vn -0.6911 -0.1251 -0.7119
vn -0.3834 -0.2694 -0.8834
vn 0.5792 0.5176 -0.6297
vn 0.4569 0.4242 -0.7818
vn 0.1891 0.8269 -0.5296
vn 0.4912 0.3914 -0.7781
vn 0.0260 0.3294 -0.9438
vn -0.9089 0.0311 -0.4159
vn -0.3223 0.2760 -0.9055
vn -0.7155 0.1149 -0.6891
vn -0.9279 -0.0194 -0.3724
vn 0.5682 0.4938 0.6583
vn -0.7536 -0.0476 -0.6556
vn 0.5615 0.0166 -0.8273
vn -0.0934 0.7645 -0.6379
vn 0.3741 0.3432 -0.8616
vn -0.5962 -0.2620 -0.7589
vn -0.4791 -0.3825 -0.7900
vn 0.4818 0.4322 -0.7623
vn 0.6994 0.0939 -0.7086
vn 0.4044 0.3569 -0.8421
vn 0.6295 0.2478 -0.7364
vn 0.0439 0.9894 -0.1383
vn 0.7945 0.4878 0.3618
vn 0.2202 0.1404 -0.9653
vn 0.2442 0.0828 -0.9662
vn 0.0113 0.2083 -0.9780
vn 0.7847 0.6199 -0.0033
vn 0.6720 -0.0252 -0.7401
vn 0.6224 -0.0451 -0.7814
vn 0.6891 0.4918 0.5322
vn 0.6765 0.5254 0.5160
vn -0.4617 0.0572 -0.8852
vn 0.6885 0.0358 -0.7244
vn 0.5747 0.5475 0.6083
vn 0.5807 -0.0028 -0.8141
vn 0.4162 -0.2337 -0.8788
vn 0.3705 -0.1385 -0.9184
vn 0.7394 -0.3586 -0.5698
vn 0.3828 -0.0234 -0.9235
vn 0.4819 -0.7617 -0.4331
vn 0.7700 -0.2660 -0.5799
vn 0.6830 -0.1270 -0.7193
vn 0.6054 -0.2288 -0.7624
vn 0.4840 0.5607 -0.6718
vn 0.4086 -0.2474 -0.8786
vn 0.3049 -0.7755 -0.5528
vn 0.3921 -0.0050 -0.9199
vn 0.3660 -0.2052 -0.9077
vn 0.6951 -0.3682 -0.6174
vn 0.5849 -0.3428 -0.7351
vn 0.2729 -0.6757 -0.6848
vn 0.4436 -0.6789 -0.5851
vn 0.4874 -0.6169 -0.6180
vn 0.5755 -0.4734 -0.6668
vn 0.2857 -0.7196 -0.6329
vn 0.3363 -0.1690 -0.9265
vn 0.4839 -0.5965 -0.6403
vn 0.4235 -0.5502 -0.7197
vn 0.2408 0.0776 -0.9675
vn 0.1808 -0.4475 -0.8758
vn 0.3639 -0.4939 -0.7897
vn 0.4509 -0.4664 -0.7610
vn 0.4022 -0.0104 -0.9155
vn 0.4605 -0.1958 -0.8658
vn 0.9857 -0.1084 0.1288
vn 0.5690 -0.3006 -0.7654
vn 0.4518 -0.2403 -0.8591
vn 0.2782 -0.2090 -0.9375
vn 0.2354 -0.7165 -0.6567
vn 0.9707 -0.2056 0.1245
vn 0.2904 -0.4879 -0.8232
vn 0.3945 -0.2226 -0.8915
vn 0.1997 -0.4588 -0.8658
vn 0.5405 0.4044 0.7378
vn 0.8322 0.4837 0.2710
vn 0.5771 -0.4542 -0.6787
vn 0.3651 -0.1339 -0.9213
vn 0.9882 -0.1493 0.0332
vn 0.3855 -0.3398 -0.8578
vn 0.2385 -0.0684 -0.9687
vn 0.4747 -0.2833 -0.8333
vn -0.4705 -0.3953 -0.7889
vn 0.1434 0.6557 0.7413
vn 0.3991 -0.1815 -0.8988
vn 0.6064 0.2722 -0.7471
vn 0.5296 0.2350 -0.8151
vn 0.5558 0.2187 -0.8021
vn 0.5072 -0.1768 -0.8435
vn 0.5804 -0.0030 -0.8143
vn 0.4871 0.3455 -0.8021
vn 0.3541 -0.4649 -0.8115
vn -0.9210 -0.0893 -0.3792
vn -0.9045 0.1030 -0.4139
vn 0.2178 -0.6280 -0.7471
vn 0.4923 -0.3882 -0.7790
vn 0.3192 -0.0425 -0.9467
vn 0.6666 0.5315 0.5227
vn 0.6199 -0.2176 -0.7539
vn 0.5178 -0.2059 -0.8304
vn 0.1009 0.1735 -0.9796
vn 0.4932 -0.3077 -0.8137
vn 0.8468 0.3381 0.4107
vn 0.7797 0.3376 0.5273
vn 0.9820 -0.0166 0.1883
vn 0.8736 0.0872 0.4788
vn 0.9658 0.1134 0.2330
vn 0.9642 -0.2621 0.0395
vn 0.7359 0.4202 0.5310
vn 0.9461 0.1024 -0.3071
vn 0.6840 0.4319 0.5879
vn 0.9540 0.2326 0.1890
vn 0.9717 0.1207 0.2032
vn 0.4157 -0.1038 -0.9035
vn 0.2977 -0.2033 -0.9328
vn 0.4392 0.8886 0.1324
vn 0.9722 0.0825 0.2190
vn 0.1904 -0.1189 -0.9745
vn 0.9735 0.0762 0.2156
vn 0.9280 0.3618 0.0892
vn 0.4307 0.5384 -0.7243
vn 0.9628 0.0923 0.2538
vn 0.8642 0.2282 0.4484
vn 0.4473 0.3877 -0.8060
vn -0.1176 0.6740 -0.7293
vn 0.9070 0.0400 0.4193
vn 0.9992 0.0394 -0.0109
vn 0.1250 0.4665 -0.8757
vn 0.5368 0.8411 -0.0659
vn 0.4611 0.8833 -0.0848
vn 0.3073 0.2159 -0.9268
vn 0.1829 0.2446 -0.9522
vn -0.2084 0.2325 -0.9500
vn 0.9309 0.1803 -0.3176
vn 0.8876 0.1514 0.4350
vn 0.6356 0.7668 -0.0892
vn 0.9837 0.1778 0.0275
vn 0.8710 0.4058 0.2769
vn 0.7792 0.3676 0.5077
vn 0.9861 0.1586 -0.0495
vn 0.5911 0.6587 0.4656
vn 0.6757 0.5207 0.5219
vn 0.8861 0.2311 0.4018
vn 0.9884 0.1498 -0.0261
vn 0.0631 0.5914 -0.8039
vn 0.9331 -0.2809 0.2247
vn 0.9955 0.0236 0.0918
vn 0.9740 0.0957 0.2055
vn 0.2462 -0.5713 -0.7830
vn 0.9647 0.0851 0.2490
vn 0.9714 0.2283 -0.0657
vn 0.9045 0.0905 0.4167
vn 0.6139 0.5773 -0.5384
vn 0.9815 0.1029 0.1617
vn 0.0854 0.7495 -0.6564
vn 0.3213 -0.0443 -0.9459
vn 0.1016 0.5635 -0.8199
vn 0.6995 -0.5656 -0.4369
vn 0.6005 -0.7313 -0.3233
vn 0.9746 0.2041 0.0923
vn 0.4852 -0.7597 -0.4330
vn 0.3968 0.5476 -0.7366
vn 0.4057 0.5590 -0.7231
vn 0.9196 0.0536 0.3892
vn 0.5905 -0.7249 -0.3546
vn 0.8785 0.4126 0.2408
vn 0.4082 -0.1238 -0.9045
vn 0.2005 0.9735 -0.1102
vn 0.8207 -0.5553 -0.1346
vn -0.3245 0.4229 -0.8461
vn 0.3415 0.6416 -0.6868
vn 0.7480 0.5973 -0.2893
vn 0.9235 0.0644 0.3783
vn 0.7373 -0.6523 -0.1759
vn 0.3635 -0.0918 -0.9270
vn 0.9020 0.3625 0.2345
vn 0.8045 -0.5682 -0.1730
vn 0.9540 0.2326 0.1891
vn 0.9620 0.0909 0.2575
vn 0.4054 0.3809 -0.8310
vn 0.4178 0.3474 -0.8395
vn 0.8881 0.3148 0.3349
vn 0.8844 -0.4101 -0.2229
vn 0.9344 -0.3549 0.0307
vn 0.1027 0.4569 -0.8836
vn 0.7274 0.4975 0.4727
vn 0.6536 0.4205 -0.6293
vn 0.4156 0.5331 -0.7370
vn 0.3970 0.5581 -0.7286
vn 0.0655 0.2084 -0.9758
vn 0.9410 -0.0853 0.3274
vn 0.5052 0.3539 -0.7871
vn 0.2661 0.3176 -0.9101
vn 0.1490 0.2112 -0.9660
vn 0.9042 0.0788 0.4199
vn 0.9721 0.0573 0.2276
vn 0.1571 0.5257 -0.8361
vn 0.9099 0.0627 -0.4100
vn 0.8630 0.3628 0.3516
vn -0.2218 0.3623 -0.9053
vn 0.9324 0.0230 0.3607
vn 0.9528 0.1251 0.2766
vn 0.1398 0.5394 -0.8303
vn 0.9864 0.0655 -0.1507
vn 0.5466 -0.7577 -0.3566
vn 0.8228 0.1664 -0.5434
vn 0.9790 -0.0084 0.2039
vn 0.7199 -0.0041 -0.6941
vn 0.6306 0.5684 -0.5284
vn 0.9441 -0.0966 0.3153
vn 0.9628 0.2607 -0.0709
vn 0.9616 -0.0242 0.2732
vn 0.5125 -0.4193 -0.7493
vn 0.9290 0.1268 0.3476
vn 0.4628 0.2851 -0.8394
vn -0.1586 0.5227 -0.8377
vn 0.8754 0.2000 -0.4400
vn 0.9751 -0.0388 0.2184
vn 0.9399 0.0099 0.3414
vn -0.1142 0.7388 -0.6642
vn -0.0105 0.5146 -0.8574
vn -0.3574 0.6038 -0.7125
vn -0.0643 0.3024 -0.9510
vn 0.0007 0.6595 -0.7517
vn -0.1977 0.8491 -0.4898
vn -0.3333 0.5670 -0.7533
vn -0.0588 0.8026 -0.5936
vn 0.0205 0.7522 -0.6587
vn -0.0216 0.4462 -0.8947
vn -0.3253 -0.4826 -0.8132
vn -0.2375 -0.5107 -0.8263
vn -0.0856 -0.3211 -0.9432
vn -0.0778 -0.4389 -0.8952
vn -0.1866 -0.3982 -0.8981
vn -0.0399 -0.4591 -0.8875
vn -0.3524 -0.1900 -0.9163
vn -0.0067 0.7479 -0.6638
vn -0.2191 -0.3517 -0.9101
vn -0.1059 -0.3958 -0.9122
vn -0.3332 -0.1806 -0.9254
vn -0.3245 -0.0516 -0.9445
vn -0.2011 -0.4928 -0.8466
vn -0.2241 -0.2525 -0.9413
vn -0.1063 -0.3883 -0.9154
vn -0.2828 -0.0214 -0.9589
vn -0.2477 0.0894 -0.9647
vn -0.1876 0.0832 -0.9787
vn -0.1665 -0.0368 -0.9854
vn -0.1598 0.1232 -0.9794
vn -0.0451 -0.0712 -0.9964
vn 0.0322 -0.1843 -0.9823
vn -0.1705 0.1761 -0.9695
vn 0.0646 -0.1762 -0.9822
vn -0.1611 0.1673 -0.9727
vn 0.1068 -0.0766 -0.9913
vn -0.1350 0.1780 -0.9747
vn -0.0081 0.0557 -0.9984
vn -0.1307 0.1995 -0.9711
vn -0.1509 0.2202 -0.9637
vn 0.0772 0.0226 -0.9968
vn -0.2041 -0.3289 -0.9221
vn -0.0184 0.1367 -0.9904
vn -0.0462 0.2414 -0.9693
vn -0.0679 0.2937 -0.9535
vn 0.0187 0.2380 -0.9711
vn 0.0472 0.2040 -0.9778
vn -0.0078 0.3302 -0.9439
vn -0.1587 0.5799 -0.7991
vn 0.0917 0.2382 -0.9669
vn 0.1230 0.1873 -0.9746
vn 0.0359 0.2633 -0.9640
vn -0.1044 0.1193 -0.9874
vn -0.0675 0.1642 -0.9841
vn -0.0392 0.0320 -0.9987
vn 0.1011 0.2585 -0.9607
vn -0.0929 -0.0977 -0.9909
vn 0.0555 0.1757 -0.9829
vn 0.0555 0.5335 -0.8440
vn -0.0609 -0.3597 -0.9311
vn -0.0540 -0.4565 -0.8881
vn -0.0156 0.6416 -0.7669
vn 0.0425 0.2954 -0.9544
vn -0.3320 -0.3366 -0.8812
vn -0.1547 0.2195 -0.9633
vn 0.0766 0.2085 -0.9750
vn 0.0205 0.1046 -0.9943
vn 0.0696 0.6479 -0.7585
vn -0.2277 0.5835 -0.7796
vn 0.0371 0.6170 -0.7861
vn -0.0216 0.0854 -0.9961
vn -0.1923 -0.2082 -0.9590
vn -0.0987 -0.2243 -0.9695
vn -0.0626 0.9027 -0.4258
vn 0.0327 0.1553 -0.9873
vn 0.0416 0.1707 -0.9844
vn 0.0991 0.0751 -0.9922
vn -0.0221 0.4964 -0.8678
vn 0.0597 0.2973 -0.9529
vn -0.1008 0.1496 -0.9836
vn 0.0217 0.7966 -0.6041
vn -0.0535 0.4851 -0.8728
vn -0.2073 -0.0801 -0.9750
vn -0.3317 -0.4188 -0.8453
vn -0.0069 -0.3954 -0.9185
vn -0.1721 0.1514 -0.9734
vn -0.0221 0.0747 -0.9970
vn -0.0795 0.1993 -0.9767
vn 0.0231 -0.6313 -0.7752
vn -0.0039 -0.4049 -0.9144
vn -0.0453 -0.4497 -0.8920
vn -0.0635 -0.2805 -0.9578
vn -0.2127 0.7887 -0.5768
vn -0.1713 0.2579 -0.9509
vn -0.3756 -0.2600 -0.8896
vn -0.1093 0.4563 -0.8831
vn -0.0439 0.8120 -0.5820
vn 0.0294 0.6912 -0.7221
vn 0.0604 0.8543 -0.5163
vn -0.2900 0.6697 -0.6836
vn -0.0958 0.6703 -0.7359
vn -0.0965 0.1089 -0.9894
vn 0.1629 0.2278 -0.9600
vn -0.2879 0.4844 -0.8261
vn 0.1724 0.1713 -0.9700
vn -0.1487 0.3528 -0.9238
vn 0.1339 0.1471 -0.9800
vn 0.1260 0.0840 -0.9885
vn -0.1896 0.2865 -0.9391
vn -0.3427 0.6356 -0.6918
vn 0.0254 0.5811 -0.8134
vn -0.1027 0.4384 -0.8929
vn 0.0369 -0.3360 -0.9411
vn -0.0318 0.3759 -0.9261
vn 0.1883 0.9108 -0.3675
vn -0.1659 0.3831 -0.9087
vn -0.0235 0.7940 -0.6075
vn -0.0887 0.8658 -0.4926
vn -0.3520 0.6031 -0.7158
vn 0.0133 -0.2682 -0.9633
vn -0.2630 0.4841 -0.8345
vn 0.0471 0.7992 -0.5992
vn 0.1134 0.8908 -0.4400
vn 0.0719 0.5686 -0.8195
vn -0.0112 0.4581 -0.8888
vn -0.0049 0.4934 -0.8698
vn -0.2766 0.7555 -0.5939
vn -0.2014 0.3009 -0.9321
vn -0.0516 0.8021 -0.5950
vn 0.0540 0.5336 -0.8440
vn -0.1083 0.4090 -0.9061
vn -0.1765 0.3799 -0.9080
vn 0.0998 0.6185 -0.7794
vn 0.0275 0.5727 -0.8193
vn -0.1545 0.2301 -0.9608
vn -0.0916 0.3961 -0.9136
vn -0.1661 0.2427 -0.9558
vn -0.2117 0.2971 -0.9311
vn -0.2494 0.4392 -0.8631
vn 0.0851 0.6250 -0.7760
vn -0.0687 0.3583 -0.9311
vn -0.0720 0.5080 -0.8583
vn -0.1955 0.2878 -0.9375
vn -0.3461 0.6181 -0.7058
vn -0.2457 0.5293 -0.8121
vn -0.1604 0.3524 -0.9220
vn -0.1805 0.3821 -0.9063
vn -0.0936 0.3272 -0.9403
vn -0.0469 -0.4551 -0.8892
vn -0.0997 -0.0953 -0.9904
vn 0.1805 -0.3499 -0.9192
vn -0.0162 -0.3817 -0.9241
vn -0.1693 0.3261 -0.9301
vn -0.3172 -0.3874 -0.8656
vn 0.0863 -0.3518 -0.9321
vn -0.0196 0.4567 -0.8894
vn 0.0360 0.5790 -0.8145
vn -0.1454 0.3212 -0.9358
vn -0.3537 0.5338 -0.7681
vn -0.0019 0.5898 -0.8075
vn -0.2282 0.2534 -0.9400
vn -0.1159 0.4588 -0.8809
vn -0.1828 0.2765 -0.9435
vn -0.3522 0.5337 -0.7689
vn -0.3241 0.8929 -0.3125
vn -0.1868 0.2641 -0.9462
vn -0.3183 0.4354 -0.8421
vn -0.0697 0.1353 -0.9883
vn -0.2112 0.1953 -0.9577
vn -0.1519 0.2308 -0.9611
vn -0.2103 0.7039 -0.6785
vn -0.1139 0.5316 -0.8393
vn -0.5464 0.3362 -0.7671
vn -0.4886 0.6465 -0.5859
vn 0.1153 0.3760 -0.9194
vn -0.0418 0.3245 -0.9449
vn -0.2574 0.8103 -0.5265
vn -0.2231 0.8441 -0.4876
vn -0.6937 0.5392 -0.4775
vn -0.2511 0.5673 -0.7843
vn -0.0781 0.8640 -0.4974
vn -0.1654 0.8539 -0.4934
vn -0.2745 0.5935 -0.7566
vn -0.1042 0.7526 -0.6502
vn -0.1415 0.1834 -0.9728
vn -0.1895 0.2566 -0.9478
vn -0.3729 0.8083 -0.4557
vn -0.3064 0.4553 -0.8360
vn -0.1178 0.0924 -0.9887
vn 0.0482 0.6191 -0.7838
vn -0.3750 0.6086 -0.6992
vn -0.1636 0.2784 -0.9464
vn -0.3282 0.3807 -0.8645
vn -0.1331 0.4789 -0.8677
vn -0.0849 0.0132 -0.9963
vn -0.0637 0.1942 -0.9789
vn -0.0923 0.6861 -0.7216
vn -0.5465 0.4996 -0.6722
vn -0.0504 0.1996 -0.9786
vn -0.0343 0.2630 -0.9642
vn -0.2392 0.9419 -0.2360
vn -0.5428 0.5056 -0.6706
vn -0.0363 0.5190 -0.8540
vn -0.6400 0.5296 -0.5567
vn 0.0319 0.3013 -0.9530
vn -0.5308 0.4929 -0.6894
vn -0.0306 0.7766 -0.6292
vn -0.7069 0.4079 -0.5779
vn -0.1346 0.9638 -0.2300
vn -0.0683 0.3632 -0.9292
vn -0.0406 0.4137 -0.9095
vn 0.0649 0.3407 -0.9379
vn -0.1532 -0.5237 -0.8380
vn -0.1722 -0.4994 -0.8491
vn -0.5197 0.2679 -0.8113
vn -0.2356 0.8966 -0.3750
vn -0.5438 -0.0636 -0.8368
vn -0.6859 -0.1319 -0.7157
vn -0.1025 0.8653 -0.4906
vn -0.5262 0.2855 -0.8010
vn -0.5521 -0.1390 -0.8221
vn -0.6014 -0.0558 -0.7970
vn -0.5216 -0.0676 -0.8505
vn -0.6916 0.1688 -0.7022
vn -0.7456 -0.0396 -0.6653
vn -0.3958 -0.0632 -0.9162
vn -0.0688 0.8713 -0.4859
vn -0.1637 0.1977 -0.9665
vn -0.5593 0.4373 -0.7042
vn -0.3454 0.1154 -0.9313
vn -0.0412 0.4504 -0.8919
vn -0.6294 -0.3093 -0.7129
vn -0.4927 0.0007 -0.8702
vn -0.4240 0.3769 -0.8235
vn -0.8541 0.1855 -0.4859
vn -0.6848 0.3386 -0.6453
vn -0.7238 0.1035 -0.6822
vn -0.2669 0.3513 -0.8974
vn -0.6339 -0.1366 -0.7613
vn -0.7806 -0.3375 -0.5260
vn -0.5617 -0.0708 -0.8243
vn -0.5202 0.1259 -0.8447
vn -0.5950 -0.0768 -0.8000
vn -0.0646 0.4525 -0.8894
vn -0.0786 0.3032 -0.9497
vn -0.0252 0.3896 -0.9207
vn -0.6978 0.1982 -0.6884
vn -0.3622 -0.3891 -0.8470
vn -0.5993 0.4554 -0.6583
vn -0.7848 0.1196 -0.6081
vn -0.0908 0.8600 -0.5022
vn -0.0557 0.4588 -0.8868
vn -0.1072 -0.5320 -0.8399
vn -0.1572 0.9140 -0.3741
vn -0.2814 0.2475 -0.9271
vn -0.0920 0.4707 -0.8775
vn 0.0270 0.6053 -0.7955
vn -0.3541 -0.0350 -0.9345
vn -0.1035 0.2738 -0.9562
vn -0.1230 0.4352 -0.8919
vn -0.5111 0.4044 -0.7585
vn -0.1859 0.2584 -0.9480
vn -0.4518 -0.0267 -0.8917
vn -0.0893 0.8976 -0.4317
vn -0.6263 0.2810 -0.7272
vn -0.6868 -0.0966 -0.7204
vn -0.7161 0.3119 -0.6244
vn -0.3375 0.8840 -0.3236
vn -0.7927 0.1822 -0.5817
vn -0.6753 0.3285 -0.6604
vn -0.6617 0.3833 -0.6443
vn -0.6450 0.4143 -0.6421
vn -0.6222 0.4755 -0.6218
vn -0.6311 0.1884 -0.7525
vn -0.3115 0.6866 -0.6569
vn -0.6627 0.0761 -0.7450
vn -0.7679 0.1281 -0.6276
vn -0.7343 0.3514 -0.5808
vn -0.6071 -0.0320 -0.7940
vn -0.7114 0.4042 -0.5750
vn -0.7776 0.1828 -0.6016
vn -0.3908 0.8179 -0.4222
vn -0.7196 0.3200 -0.6163
vn -0.6431 0.2595 -0.7205
vn -0.8200 0.2193 -0.5286
vn -0.6325 0.5636 -0.5313
vn -0.1027 0.4675 -0.8780
vn -0.3848 0.6572 -0.6481
vn -0.7334 0.4892 -0.4720
vn -0.3393 0.6163 -0.7107
vn -0.6407 0.5633 -0.5218
vn -0.4715 -0.1754 -0.8643
vn -0.7356 0.3379 -0.5871
vn -0.8284 0.0866 -0.5534
vn -0.7787 0.4509 -0.4363
vn -0.3842 0.6742 -0.6308
vn -0.0392 0.7715 -0.6350
vn 0.0140 0.7889 -0.6144
vn -0.5902 0.3727 -0.7161
vn -0.8527 0.1558 -0.4985
vn -0.7045 0.5687 -0.4247
vn -0.7701 0.4309 -0.4704
vn -0.1131 0.2993 -0.9474
vn -0.1114 0.4143 -0.9033
vn -0.5631 -0.0553 -0.8245
vn -0.5550 -0.1413 -0.8198
vn -0.3409 0.8149 -0.4687
vn -0.3531 0.8156 -0.4584
vn -0.8169 0.1635 -0.5531
vn -0.1143 0.2989 -0.9474
vn -0.6664 0.3066 -0.6796
vn -0.7125 0.4764 -0.5152
vn -0.5753 0.6712 -0.4674
vn -0.7098 -0.2947 -0.6398
vn -0.5692 0.5002 -0.6525
vn -0.3319 0.6569 -0.6770
vn -0.0970 0.3082 -0.9464
vn -0.6953 0.5692 -0.4389
vn -0.8328 0.1309 -0.5379
vn -0.4144 0.6292 -0.6575
vn -0.8199 0.2105 -0.5324
vn -0.5642 0.6359 -0.5267
vn -0.7087 -0.0321 -0.7048
vn -0.0563 0.4128 -0.9091
vn -0.1142 0.4187 -0.9009
vn -0.1368 0.2914 -0.9468
vn -0.5702 0.6708 -0.4742
vn -0.4220 0.5630 -0.7105
vn -0.3248 0.0824 -0.9422
vn -0.6086 0.4123 -0.6779
vn -0.7467 -0.1056 -0.6568
vn -0.2811 0.5782 -0.7659
vn -0.6195 0.5506 -0.5595
vn -0.4069 0.7652 -0.4990
vn -0.6701 0.1196 -0.7326
vn -0.7662 0.4434 -0.4651
vn -0.0569 0.4128 -0.9091
vn -0.7614 0.4374 -0.4786
vn -0.7499 0.4427 -0.4916
vn -0.1857 0.2745 -0.9435
vn -0.3669 0.5686 -0.7363
vn -0.3587 0.8697 -0.3390
vn -0.1132 0.2985 -0.9477
vn -0.1771 0.2377 -0.9551
vn -0.3268 0.8304 -0.4513
vn -0.3577 0.6377 -0.6822
vn -0.3558 0.6991 -0.6202
vn -0.3444 0.8836 -0.3171
vn -0.4846 0.7586 -0.4356
vn -0.3595 0.7823 -0.5087
vn -0.3277 0.7963 -0.5084
vn -0.3510 0.8841 -0.3084
vn -0.2941 0.8727 -0.3897
vn -0.2437 0.8857 -0.3952
vn -0.2514 0.0981 -0.9629
vn -0.1524 0.3705 -0.9162
vn -0.5646 -0.4222 -0.7092
vn -0.0563 0.7770 -0.6269
vn -0.4519 -0.0274 -0.8917
vn -0.7282 0.2564 -0.6356
vn -0.0866 0.3832 -0.9196
vn -0.7002 0.1492 -0.6982
vn -0.1530 0.2293 -0.9613
vn -0.5172 -0.1279 -0.8462
vn -0.0710 0.4345 -0.8979
vn -0.1464 0.3543 -0.9236
vn -0.3429 0.1226 -0.9313
vn -0.2916 0.4732 -0.8313
vn -0.1386 0.1983 -0.9703
vn -0.6375 -0.4021 -0.6572
vn -0.2784 0.4512 -0.8479
vn -0.1231 0.3096 -0.9429
vn -0.4440 0.3573 -0.8217
vn -0.7139 -0.2154 -0.6663
vn -0.5841 0.3012 -0.7537
vn -0.1529 0.2305 -0.9610
vn -0.5761 0.4782 -0.6629
vn -0.1827 0.4388 -0.8798
vn -0.4266 0.4338 -0.7936
vn -0.1040 0.2736 -0.9562
vn -0.2842 0.4440 -0.8498
vn -0.4206 0.4374 -0.7949
vn -0.7209 -0.0499 -0.6912
vn -0.4872 0.3144 -0.8147
vn -0.0964 0.3560 -0.9295
vn -0.5296 0.4273 -0.7328
vn -0.2844 0.3004 -0.9104
vn -0.5247 -0.4746 -0.7068
vn -0.5894 0.3103 -0.7459
vn -0.6231 -0.1598 -0.7657
vn -0.2987 0.5004 -0.8126
vn -0.5658 0.4839 -0.6676
vn -0.1550 0.3814 -0.9113
vn -0.5990 0.3402 -0.7249
vn -0.3947 0.4478 -0.8023
vn -0.3631 0.5081 -0.7810
vn -0.2852 0.5183 -0.8062
vn -0.3590 0.4978 -0.7895
vn -0.5781 0.3187 -0.7512
vn -0.3920 0.4427 -0.8064
vn -0.7266 -0.1986 -0.6578
vn 0.1073 0.8684 -0.4841
vn -0.2122 0.1671 -0.9628
vn -0.4636 -0.3778 -0.8014
vn -0.6194 -0.0486 -0.7835
vn -0.6472 -0.2866 -0.7064
vn -0.0681 0.8770 -0.4756
vn -0.7854 -0.3320 -0.5225
vn -0.3628 0.2499 -0.8977
vn -0.6815 -0.0072 -0.7318
vn 0.1438 0.7189 -0.6800
vn -0.5047 -0.2623 -0.8225
vn -0.2066 0.1443 -0.9677
vn -0.8333 -0.3499 -0.4279
vn -0.7844 0.1204 -0.6084
vn -0.4724 0.0738 -0.8783
vn -0.5205 0.1697 -0.8368
vn -0.2680 0.2592 -0.9279
vn -0.4117 -0.1178 -0.9037
vn -0.6701 -0.3494 -0.6550
vn -0.7163 -0.1427 -0.6830
vn -0.8190 0.1975 -0.5387
vn -0.2734 0.1652 -0.9476
vn -0.3923 0.2099 -0.8956
vn -0.5480 -0.1694 -0.8191
vn -0.6517 -0.1971 -0.7324
vn -0.7818 -0.2509 -0.5709
vn -0.7471 -0.4932 -0.4457
vn -0.4859 -0.0146 -0.8739
vn -0.0976 0.8723 -0.4791
vn -0.0770 0.8675 -0.4915
vn -0.0895 0.8444 -0.5282
vn -0.8409 0.1084 -0.5303
vn -0.8319 0.2164 -0.5110
vn -0.5133 -0.2816 -0.8107
vn -0.7202 0.2121 -0.6606
vn -0.7727 -0.1025 -0.6265
vn -0.4856 0.3285 -0.8101
vn -0.6850 0.0469 -0.7270
vn -0.3592 0.0181 -0.9331
vn -0.4332 0.0920 -0.8966
vn -0.0264 -0.3364 -0.9414
vn 0.1335 0.7016 -0.6999
vn -0.4780 0.2206 -0.8502
vn -0.0148 0.0908 -0.9958
vn -0.3853 -0.0694 -0.9202
vn -0.1610 -0.2285 -0.9601
vn 0.0369 -0.0567 -0.9977
vn -0.1091 -0.0802 -0.9908
vn -0.0035 -0.2406 -0.9706
vn -0.1675 0.2745 -0.9469
vn 0.0041 0.5358 -0.8443
vn -0.0882 -0.2977 -0.9506
vn -0.7328 -0.2747 -0.6225
vn -0.3735 0.4451 -0.8139
vn -0.1831 -0.1764 -0.9671
vn 0.1235 0.1101 -0.9862
vn -0.5158 -0.0728 -0.8536
vn -0.5601 0.2201 -0.7987
vn -0.0309 0.2431 -0.9695
vn -0.0289 -0.2613 -0.9648
vn -0.1169 -0.0635 -0.9911
vn -0.1166 0.2583 -0.9590
vn -0.4587 0.2642 -0.8484
vn -0.2208 -0.3066 -0.9259
vn 0.0089 -0.0157 -0.9998
vn -0.1430 0.2219 -0.9645
vn -0.0675 0.2329 -0.9701
vn -0.2948 0.1322 -0.9464
vn -0.7577 -0.1594 -0.6328
vn 0.0230 -0.0204 -0.9995
vn -0.0484 0.8505 -0.5237
vn -0.6257 -0.5297 -0.5727
vn -0.0275 -0.0496 -0.9984
vn -0.1364 0.9164 -0.3762
vn -0.0380 -0.1035 -0.9939
vn -0.7361 -0.1129 -0.6673
vn -0.4138 -0.0322 -0.9098
vn -0.7004 -0.4722 -0.5353
vn -0.2714 0.0936 -0.9579
vn 0.0099 -0.2756 -0.9612
vn 0.5575 0.4801 0.6772
vn 0.7152 0.4359 0.5464
vn 0.2988 0.6779 -0.6717
vn -0.1716 0.3958 -0.9022
vn 0.2253 0.5522 -0.8027
vn 0.0896 0.5676 -0.8184
vn 0.0670 0.3354 -0.9397
vn -0.2176 0.4546 -0.8637
vn 0.1888 0.7595 -0.6225
vn 0.1815 0.9265 -0.3296
vn -0.5815 0.6061 -0.5427
vn 0.2606 0.7948 -0.5481
vn -0.3708 0.2434 -0.8963
vn 0.0155 0.4606 -0.8875
vn 0.2202 0.5533 -0.8034
vn 0.5839 0.5137 0.6287
vn 0.3911 0.4336 -0.8118
vn 0.0562 0.6513 -0.7568
vn 0.8419 0.3784 -0.3847
vn -0.1535 0.3150 -0.9366
vn 0.7953 0.4766 -0.3746
vn 0.1022 0.7282 -0.6777
vn 0.1532 0.3981 -0.9044
vn -0.3490 0.5045 -0.7897
vn -0.1279 0.3999 -0.9076
vn -0.1827 0.3716 -0.9102
vn -0.3445 0.3821 -0.8575
vn 0.1253 -0.1826 -0.9752
vn 0.2599 0.1655 -0.9514
vn -0.0948 -0.0115 -0.9954
vn -0.0390 -0.1837 -0.9822
vn 0.3974 -0.4693 -0.7886
vn -0.0759 0.0297 -0.9967
vn -0.0812 -0.4143 -0.9065
vn -0.1679 -0.2215 -0.9606
vn 0.0509 0.5720 -0.8187
vn 0.1411 0.5678 -0.8110
vn 0.1604 0.5883 -0.7926
vn 0.1669 0.1728 -0.9707
vn -0.1569 -0.3099 -0.9377
vn -0.0780 -0.1940 -0.9779
vn 0.0284 0.0364 -0.9989
vn 0.4666 -0.1738 -0.8672
vn 0.2200 0.7338 -0.6428
vn -0.1454 -0.1172 -0.9824
vn -0.1317 -0.3476 -0.9283
vn -0.1661 -0.6242 -0.7634
vn -0.2396 -0.1945 -0.9512
vn -0.1233 -0.1388 -0.9826
vn -0.1281 -0.3450 -0.9298
vn -0.0017 0.1180 -0.9930
vn -0.3475 0.3459 -0.8715
vn -0.0528 -0.1651 -0.9849
vn 0.3784 -0.2380 -0.8945
vn -0.2456 -0.5690 -0.7848
vn -0.0486 -0.1058 -0.9932
vn -0.1262 -0.0382 -0.9913
vn 0.4057 -0.2118 -0.8891
vn 0.2430 0.0794 -0.9668
vn 0.0650 -0.3729 -0.9256
vn -0.1060 -0.1967 -0.9747
vn -0.0101 -0.1021 -0.9947
vn 0.2727 0.1160 -0.9551
vn -0.1124 -0.2160 -0.9699
vn 0.0677 -0.2635 -0.9623
vn -0.0945 -0.2264 -0.9694
vn -0.2584 -0.2444 -0.9346
vn -0.1213 0.9896 -0.0772
vn -0.0901 -0.5926 -0.8005
vn -0.1390 -0.2430 -0.9600
vn -0.5573 0.2865 -0.7793
vn -0.1329 -0.1959 -0.9716
vn 0.3810 -0.4975 -0.7793
vn -0.0239 -0.0087 -0.9997
vn -0.1936 -0.3187 -0.9279
vn 0.3384 -0.3911 -0.8559
vn -0.1618 -0.1203 -0.9795
vn -0.0659 -0.2285 -0.9713
vn -0.0110 0.3264 -0.9452
vn -0.0916 -0.2082 -0.9738
vn -0.3024 0.7975 -0.5220
vn 0.2405 -0.0418 -0.9698
vn -0.0810 -0.2802 -0.9565
vn 0.1063 -0.4434 -0.8900
vn 0.0393 0.2557 -0.9660
vn -0.0110 0.2884 -0.9574
vn -0.5893 0.4098 -0.6962
vn 0.5443 -0.2677 -0.7950
vn 0.1260 0.1216 -0.9845
vn -0.0601 0.0844 -0.9946
vn -0.3606 0.0328 -0.9322
vn 0.2109 0.3344 -0.9185
vn 0.7112 0.3007 0.6354
vn 0.2573 0.2383 -0.9365
vn 0.3522 0.7317 -0.5836
vn -0.0207 0.1228 -0.9922
vn 0.0078 0.2539 -0.9672
vn 0.3691 0.0527 -0.9279
vn 0.2432 0.6805 -0.6912
vn -0.7971 0.5203 -0.3064
vn -0.2099 0.3404 -0.9166
vn -0.2658 0.9161 -0.3003
vn -0.6183 -0.4914 -0.6134
vn 0.3727 -0.4528 -0.8099
vn -0.7715 0.4306 -0.4684
vn 0.1332 0.1920 -0.9723
vn -0.8806 -0.1590 -0.4464
vn 0.0189 0.1716 -0.9850
vn 0.0256 0.3158 -0.9485
vn 0.0425 0.1706 -0.9844
vn -0.3639 0.0336 -0.9309
vn -0.0388 0.9924 0.1167
vn 0.1326 -0.0752 -0.9883
vn -0.1886 0.1116 -0.9757
vn -0.7752 0.1876 -0.6032
vn -0.3488 0.4107 -0.8424
vn 0.1789 0.3887 -0.9039
vn 0.1862 0.1548 -0.9702
vn -0.4534 0.0508 -0.8899
vn 0.7473 -0.4838 -0.4555
vn -0.5815 0.2506 -0.7740
vn 0.2247 0.0031 -0.9744
vn -0.2598 0.9565 -0.1328
vn -0.3415 0.1519 -0.9275
vn -0.3287 0.5516 -0.7666
vn -0.3173 -0.1576 -0.9351
vn 0.0057 0.1426 -0.9898
vn -0.1713 0.1093 -0.9791
vn 0.0912 -0.0904 -0.9917
vn 0.2488 0.0310 -0.9680
vn -0.4764 0.5108 -0.7157
vn 0.4206 -0.0564 -0.9055
vn 0.4723 -0.3520 -0.8081
vn 0.1868 0.1105 -0.9762
vn 0.4126 -0.2993 -0.8603
vn -0.7881 0.5685 -0.2359
vn 0.1894 -0.1711 -0.9669
vn -0.4126 0.6970 -0.5864
vn 0.4115 0.4262 0.8056
vn -0.4761 0.3724 -0.7967
vn -0.0233 -0.0590 -0.9980
vn 0.6783 -0.4265 -0.5983
vn 0.7225 -0.4753 -0.5021
vn 0.3010 0.0517 -0.9522
vn 0.4541 -0.0940 -0.8860
vn 0.1054 -0.2214 -0.9695
vn -0.4989 0.3561 -0.7902
vn -0.4273 0.2230 -0.8762
vn -0.2698 0.5279 -0.8053
vn -0.1215 0.1318 -0.9838
vn -0.1978 0.0743 -0.9774
vn 0.3125 0.0368 -0.9492
vn -0.1978 0.0470 -0.9791
vn -0.3046 0.5976 -0.7417
vn 0.2392 0.1381 -0.9611
vn 0.1014 -0.2362 -0.9664
vn -0.3335 0.2050 -0.9202
vn 0.2338 0.0351 -0.9716
vn 0.1052 0.5906 -0.8001
vn 0.3705 -0.0494 -0.9275
vn 0.0686 -0.3143 -0.9468
vn 0.2803 0.0556 -0.9583
vn -0.1959 0.2844 -0.9385
vn -0.4435 0.5016 -0.7428
vn -0.0057 -0.2522 -0.9677
vn -0.4583 -0.0101 -0.8887
vn 0.9523 0.1275 0.2773
vn -0.5825 0.3500 -0.7336
vn 0.3958 -0.3233 -0.8595
vn 0.4138 -0.1872 -0.8909
vn 0.4770 -0.1811 -0.8601
vn 0.1298 -0.0847 -0.9879
vn -0.2721 0.8048 -0.5276
vn 0.1144 -0.2286 -0.9668
vn -0.0409 0.9552 -0.2930
vn 0.3889 -0.0424 -0.9203
vn 0.7665 -0.4290 -0.4779
vn -0.1432 0.1777 -0.9736
vn 0.0885 -0.0557 -0.9945
vn 0.0172 -0.3645 -0.9310
vn 0.1619 -0.1774 -0.9707
vn -0.0183 0.1721 -0.9849
vn 0.2236 0.7783 -0.5867
vn -0.5302 0.4764 -0.7014
vn 0.1848 0.2813 -0.9417
vn 0.3739 -0.0042 -0.9275
vn -0.4638 -0.0427 -0.8849
vn 0.0312 -0.3538 -0.9348
vn -0.4398 0.4725 -0.7638
vn 0.0354 0.2081 -0.9775
vn 0.6573 -0.4796 -0.5813
vn -0.2117 0.9422 -0.2599
vn 0.2419 0.0932 -0.9658
vn 0.4309 -0.3456 -0.8336
vn 0.3661 -0.0404 -0.9297
vn 0.3774 0.0055 -0.9260
vn -0.0030 -0.4052 -0.9142
vn 0.4681 -0.4063 -0.7847
vn -0.6260 0.6317 -0.4573
vn -0.4962 0.4977 -0.7114
vn 0.5599 -0.5527 -0.6173
vn 0.2179 -0.1812 -0.9590
vn -0.7547 -0.4874 -0.4392
vn -0.2244 0.0305 -0.9740
vn -0.5757 0.5581 -0.5975
vn 0.1620 -0.1213 -0.9793
vn -0.0990 0.1193 -0.9879
vn -0.0502 0.0564 -0.9971
vn -0.0238 0.0551 -0.9982
vn -0.0721 0.0490 -0.9962
vn -0.0681 -0.0642 -0.9956
vn -0.0581 0.1481 -0.9873
vn 0.0252 -0.3778 -0.9255
vn -0.4684 0.4584 -0.7553
vn 0.3931 -0.0379 -0.9187
vn 0.0790 -0.3125 -0.9466
vn 0.5798 -0.4796 -0.6586
vn 0.1828 -0.1939 -0.9638
vn -0.2283 0.6516 -0.7234
vn 0.2685 -0.4992 -0.8239
vn -0.4099 0.4590 -0.7882
vn 0.3517 -0.3684 -0.8606
vn 0.1390 0.2938 -0.9457
vn -0.4330 0.3725 -0.8208
vn -0.9802 -0.0438 -0.1929
vn -0.4896 0.6244 -0.6086
vn 0.6633 -0.4689 -0.5833
vn -0.3521 0.4463 -0.8227
vn -0.4783 0.5298 -0.7004
vn 0.4416 -0.4764 -0.7603
vn 0.3062 0.1769 -0.9354
vn 0.3907 0.7693 -0.5055
vn 0.1240 0.5621 -0.8177
vn 0.0745 0.1739 -0.9819
vn -0.4801 0.2492 -0.8410
vn 0.2425 0.6730 -0.6988
vn 0.2567 -0.3317 -0.9078
vn -0.3750 0.0733 -0.9241
vn -0.5906 0.3477 -0.7282
vn 0.3066 -0.3889 -0.8688
vn 0.5273 -0.4808 -0.7005
vn -0.4489 0.4021 -0.7980
vn -0.4440 -0.1919 -0.8752
vn 0.2809 0.0538 -0.9582
vn 0.1673 0.1471 -0.9749
vn 0.0662 0.4282 -0.9013
vn 0.0852 0.0559 -0.9948
vn -0.2965 -0.2903 -0.9098
vn 0.3653 -0.0434 -0.9299
vn 0.4348 -0.2777 -0.8566
vn 0.1667 0.4986 -0.8507
vn -0.9161 -0.1792 -0.3586
vn -0.0153 -0.1295 -0.9915
vn -0.5683 0.5880 -0.5756
vn -0.4700 0.0131 -0.8826
vn 0.1958 -0.0528 -0.9792
vn 0.0355 -0.0663 -0.9972
vn -0.2813 0.0534 -0.9581
vn 0.0385 0.0712 -0.9967
vn -0.3765 0.0429 -0.9254
vn 0.8379 -0.4240 -0.3436
vn 0.1954 0.6219 -0.7583
vn 0.0139 0.9955 -0.0937
vn 0.7476 -0.6332 -0.2002
vn 0.0707 0.0113 -0.9974
vn 0.0090 0.0547 -0.9985
vn 0.3846 0.0014 -0.9231
vn 0.0037 -0.0211 -0.9998
vn 0.8488 -0.3165 -0.4235
vn 0.3101 0.0591 -0.9489
vn 0.3683 -0.1548 -0.9167
vn -0.2807 0.1044 -0.9541
vn 0.0073 0.8863 -0.4630
vn -0.2632 0.2903 -0.9200
vn -0.1030 -0.2951 -0.9499
vn 0.5262 -0.5010 -0.6871
vn 0.0714 0.0115 -0.9974
vn -0.0001 -0.0243 -0.9997
vn -0.0137 -0.3188 -0.9477
vn -0.0180 -0.3248 -0.9456
vn 0.8696 0.4906 0.0553
vn 0.4432 0.0907 -0.8918
vn 0.0427 -0.3385 -0.9400
vn 0.0194 -0.0652 -0.9977
vn 0.0374 -0.0615 -0.9974
vn 0.9721 0.2321 -0.0338
vn -0.1095 -0.2013 -0.9734
vn -0.3098 0.0611 -0.9488
vn 0.4173 -0.1760 -0.8916
vn 0.3924 0.2524 -0.8845
vn -0.5165 0.2606 -0.8157
vn -0.2480 0.4161 -0.8748
vn 0.7516 -0.4681 -0.4647
vn 0.4042 -0.4962 -0.7684
vn 0.4602 -0.0880 -0.8834
vn -0.4456 0.1461 -0.8832
vn -0.2267 0.4122 -0.8825
vn 0.2478 0.1364 -0.9592
vn 0.2022 0.1024 -0.9740
vn 0.7133 -0.4964 -0.4948
vn 0.8756 0.2801 0.3935
vn 0.3208 0.9212 0.2200
vn 0.0872 -0.1652 -0.9824
vn 0.1531 -0.0341 -0.9876
vn -0.0279 0.0530 -0.9982
vn 0.1057 0.9942 -0.0177
vn 0.1713 0.9577 -0.2312
vn 0.7542 -0.3475 -0.5571
vn -0.2051 0.8895 -0.4082
vn 0.9956 -0.0574 -0.0742
vn 0.1049 -0.0992 -0.9895
vn 0.9140 0.2649 0.3074
vn 0.9616 0.2628 0.0796
vn 0.1013 0.0570 -0.9932
vn 0.0901 0.8304 -0.5499
vn 0.0626 0.1935 -0.9791
vn -0.3192 0.4057 -0.8564
vn 0.3213 -0.1656 -0.9324
vn 0.3266 -0.2856 -0.9010
vn -0.7262 0.3749 -0.5762
vn 0.1730 0.0407 -0.9841
vn 0.3456 -0.0847 -0.9346
vn -0.2965 0.2252 -0.9281
vn 0.4686 -0.5045 -0.7252
vn 0.3216 0.9338 0.1568
vn -0.7421 0.3342 -0.5810
vn -0.1182 0.1659 -0.9790
vn 0.0890 -0.0605 -0.9942
vn 0.0145 0.2932 -0.9560
vn 0.0937 -0.2623 -0.9604
vn 0.2975 0.0823 -0.9512
vn -0.0157 -0.3185 -0.9478
vn 0.1782 0.1906 -0.9654
vn 0.0924 -0.0838 -0.9922
vn 0.0531 0.3416 -0.9384
vn 0.0048 -0.3088 -0.9511
vn -0.2537 0.7375 -0.6259
vn 0.1494 0.0871 -0.9849
vn -0.6004 0.6681 -0.4394
vn 0.7123 0.6967 -0.0852
vn -0.2855 0.9089 -0.3041
vn -0.0509 -0.2093 -0.9765
vn 0.0820 -0.0903 -0.9925
vn -0.2113 0.0077 -0.9774
vn 0.1064 0.1447 -0.9837
vn 0.7755 -0.6027 -0.1880
vn 0.0819 -0.1079 -0.9908
vn 0.2789 0.1138 -0.9536
vn 0.0941 0.9955 -0.0118
vn 0.0583 0.9979 -0.0279
vn -0.0702 0.9627 -0.2614
vn 0.2859 0.2826 -0.9156
vn -0.2977 0.2132 -0.9305
vn 0.1918 0.0168 -0.9813
vn -0.3096 0.9158 -0.2557
vn 0.2859 -0.0669 -0.9559
vn 0.0374 0.1303 -0.9908
vn 0.4204 -0.1903 -0.8871
vn 0.1847 -0.0666 -0.9805
vn 0.1223 0.9208 -0.3705
vn 0.5983 0.4057 -0.6910
vn 0.1208 0.2975 -0.9470
vn 0.2148 -0.3167 -0.9239
vn 0.0439 -0.3595 -0.9321
vn 0.0251 0.1845 -0.9825
vn 0.1749 -0.1763 -0.9687
vn 0.0324 -0.1094 -0.9935
vn 0.1755 0.5072 -0.8437
vn 0.1973 0.1672 -0.9660
vn 0.1003 0.9950 -0.0027
vn 0.3888 -0.1243 -0.9129
vn 0.4594 0.8627 -0.2113
vn 0.4795 0.2391 -0.8444
vn 0.3388 0.8550 -0.3928
vn 0.1266 -0.2150 -0.9684
vn -0.4219 0.2635 -0.8675
vn 0.0549 -0.0592 -0.9967
vn 0.0619 -0.3238 -0.9441
vn 0.1782 0.6307 -0.7553
vn 0.0550 0.0452 -0.9975
vn 0.0130 0.9997 0.0183
vn 0.0090 0.8392 -0.5437
vn 0.2602 0.1953 -0.9456
vn -0.2640 0.8888 -0.3746
vn 0.1483 0.3632 -0.9198
vn 0.1042 0.0117 -0.9945
vn 0.2400 0.2583 -0.9358
vn -0.2222 0.9347 -0.2773
vn 0.1895 0.0060 -0.9819
vn 0.2667 -0.0375 -0.9630
vn -0.4497 0.4013 -0.7980
vn 0.0591 0.1238 -0.9905
vn 0.5284 -0.1237 -0.8400
vn 0.1669 -0.0524 -0.9846
vn 0.0916 0.6113 -0.7861
vn -0.1843 -0.2042 -0.9614
vn 0.1657 0.0130 -0.9861
vn 0.3145 0.7768 -0.5456
vn -0.1846 -0.1912 -0.9640
vn 0.2267 0.7515 -0.6196
vn -0.2544 0.8770 -0.4076
vn 0.0136 -0.2521 -0.9676
vn -0.5041 0.0109 -0.8635
vn 0.2389 0.7719 -0.5891
vn 0.0472 -0.0610 -0.9970
vn -0.2798 0.3836 -0.8801
vn 0.0795 -0.3132 -0.9463
vn 0.0991 0.4570 -0.8839
vn -0.3450 0.0092 -0.9386
vn 0.1024 -0.0273 -0.9944
vn 0.0275 -0.2544 -0.9667
vn -0.1107 0.9937 -0.0172
vn 0.1166 0.3054 -0.9451
vn -0.0510 0.2301 -0.9718
vn 0.1052 0.0400 -0.9936
vn -0.2277 0.2601 -0.9384
vn 0.1746 0.2874 -0.9418
vn 0.7141 -0.6558 -0.2449
vn 0.3187 -0.0375 -0.9471
vn 0.3333 -0.0626 -0.9407
vn 0.1012 0.5042 -0.8577
vn 0.8460 0.5318 -0.0369
vn 0.0009 0.9933 0.1160
vn -0.3748 0.0737 -0.9242
vn -0.3331 0.7575 -0.5615
vn -0.4112 0.4435 -0.7964
vn -0.1668 0.9438 -0.2853
vn 0.1386 0.6005 -0.7875
vn 0.1434 0.1632 -0.9761
vn -0.1872 0.9185 -0.3484
vn 0.2967 -0.1324 -0.9458
vn 0.3194 -0.2859 -0.9034
vn 0.2667 0.2793 -0.9224
vn 0.2801 -0.0335 -0.9594
vn 0.0350 0.2984 -0.9538
vn 0.4842 -0.2047 -0.8507
vn -0.0703 0.8780 -0.4734
vn -0.0967 0.0915 -0.9911
vn 0.2553 -0.0258 -0.9665
vn -0.1804 0.8426 -0.5074
vn -0.3288 0.9090 -0.2562
vn 0.2660 -0.0178 -0.9638
vn 0.2840 -0.1477 -0.9474
vn -0.0034 0.1244 -0.9922
vn 0.3945 -0.3399 -0.8537
vn 0.2074 0.0604 -0.9764
vn 0.0424 0.6994 -0.7135
vn -0.0331 0.5191 -0.8541
vn 0.4653 -0.0374 -0.8844
vn 0.2652 -0.2495 -0.9314
vn -0.3746 0.6824 -0.6276
vn 0.1312 -0.0712 -0.9888
vn 0.0680 0.8748 -0.4797
vn -0.1485 0.1647 -0.9751
vn -0.2965 -0.0514 -0.9537
vn -0.2503 0.1275 -0.9598
vn 0.1323 0.9487 -0.2872
vn 0.1764 -0.0508 -0.9830
vn -0.5424 0.5155 -0.6634
vn 0.1228 0.0590 -0.9907
vn 0.2000 -0.1561 -0.9673
vn -0.0384 -0.1141 -0.9927
vn 0.0693 -0.2332 -0.9699
vn 0.1493 -0.2723 -0.9506
vn -0.0573 -0.2234 -0.9730
vn -0.4479 0.2538 -0.8573
vn -0.5069 0.6795 -0.5305
vn 0.1544 0.6390 -0.7535
vn 0.0968 0.6245 -0.7750
vn -0.7471 -0.0311 -0.6640
vn -0.2320 -0.5169 -0.8240
vn -0.4815 -0.1592 -0.8619
vn 0.1061 -0.2035 -0.9733
vn 0.1085 0.5800 -0.8073
vn 0.1958 -0.0860 -0.9769
vn 0.5661 -0.0046 -0.8243
vn -0.0720 -0.3000 -0.9512
vn -0.1780 0.9827 -0.0509
vn 0.1575 -0.2034 -0.9663
vn -0.0768 -0.1844 -0.9798
vn 0.3111 0.0060 -0.9504
vn -0.3631 -0.3961 -0.8434
vn 0.3090 0.0217 -0.9508
vn -0.3239 -0.5846 -0.7438
vn -0.1638 -0.2383 -0.9573
vn 0.1654 -0.0819 -0.9828
vn -0.3632 -0.5853 -0.7250
vn 0.1039 -0.0637 -0.9925
vn 0.2600 0.9252 -0.2764
vn -0.1372 -0.2398 -0.9611
vn 0.0614 0.0991 -0.9932
vn 0.6174 -0.3963 -0.6795
vn 0.3066 0.2378 -0.9217
vn 0.4601 -0.3553 -0.8136
vn 0.0988 0.8584 -0.5033
vn -0.7489 0.0288 -0.6621
vn 0.4356 -0.5481 -0.7140
vn 0.7463 -0.4842 -0.4568
vn -0.1229 0.7167 -0.6865
vn -0.0996 0.0604 -0.9932
vn 0.3557 0.7470 -0.5617
vn 0.2073 0.0606 -0.9764
vn -0.1592 0.0006 -0.9872
vn 0.5395 0.7723 -0.3353
vn -0.1244 -0.0545 -0.9907
vn 0.3040 0.7521 -0.5848
vn -0.1352 -0.2284 -0.9641
vn -0.1928 0.8940 -0.4045
vn 0.1142 0.9674 0.2260
vn 0.0922 0.6216 -0.7779
vn 0.7236 0.4052 0.5588
vn 0.1047 0.1516 -0.9829
vn 0.1340 0.9666 0.2185
vn 0.9091 0.3376 0.2439
vn 0.4050 -0.1949 -0.8933
vn 0.0407 -0.1165 -0.9924
vn 0.9224 0.2902 0.2550
vn 0.0796 -0.0735 -0.9941
vn 0.2383 -0.1143 -0.9644
vn -0.0241 0.0856 -0.9960
vn 0.0003 0.4165 -0.9092
vn 0.6016 0.3070 -0.7374
vn 0.4640 -0.6198 -0.6329
vn 0.2656 0.2740 -0.9243
vn 0.4465 -0.5307 -0.7204
vn 0.3059 -0.3924 -0.8674
vn 0.5889 0.3220 -0.7413
vn -0.1323 0.9572 -0.2575
vn -0.0479 -0.1311 -0.9902
vn 0.1932 -0.0494 -0.9799
vn 0.0758 0.0262 -0.9968
vn 0.0685 0.0975 -0.9929
vn 0.1975 -0.2774 -0.9402
vn 0.2156 -0.2885 -0.9329
vn 0.0410 0.1507 -0.9877
vn -0.0514 0.0292 -0.9982
vn 0.0022 -0.2007 -0.9796
vn 0.2680 0.7009 -0.6610
vn 0.2604 0.6738 -0.6915
vn -0.1342 -0.3599 -0.9233
vn 0.6210 -0.4740 -0.6243
vn 0.3473 0.8024 -0.4852
vn -0.0137 -0.5099 -0.8601
vn -0.0517 -0.1071 -0.9929
vn 0.1271 -0.0903 -0.9878
vn -0.6187 -0.4967 -0.6087
vn 0.0190 0.1478 -0.9888
vn 0.0985 0.5688 -0.8165
vn -0.0482 -0.2690 -0.9619
vn -0.0143 -0.3737 -0.9274
vn 0.1750 -0.0476 -0.9834
vn -0.0214 -0.0776 -0.9968
vn 0.0726 0.1012 -0.9922
vn 0.7214 -0.4825 -0.4968
vn -0.1444 -0.3145 -0.9382
vn -0.1784 -0.1472 -0.9729
vn -0.1417 -0.1888 -0.9717
vn -0.1148 -0.2213 -0.9684
vn -0.0274 -0.2380 -0.9709
vn -0.1295 -0.2010 -0.9710
vn 0.0317 0.9733 -0.2272
vn -0.2652 -0.3450 -0.9004
vn 0.2596 -0.0581 -0.9640
vn 0.2670 0.9158 -0.3000
vn -0.1651 -0.2132 -0.9630
vn -0.1297 -0.1922 -0.9727
vn -0.1621 -0.2169 -0.9626
vn 0.1440 0.6102 -0.7791
vn 0.1402 -0.1023 -0.9848
vn 0.0438 0.3097 -0.9498
vn -0.0844 -0.1860 -0.9789
vn -0.0964 0.0918 -0.9911
vn -0.1234 -0.0633 -0.9903
vn 0.1336 0.5989 -0.7896
vn -0.3408 0.4226 -0.8398
vn 0.9563 0.2509 -0.1502
vn -0.1205 -0.5848 -0.8022
vn -0.8875 -0.1974 -0.4163
vn 0.0808 -0.3517 -0.9326
vn -0.4680 0.1490 -0.8711
vn -0.5258 -0.5099 -0.6809
vn -0.6972 0.0716 -0.7133
vn -0.2489 -0.4208 -0.8724
vn -0.4793 -0.1751 -0.8600
vn -0.6535 -0.4147 -0.6332
vn -0.5794 -0.5543 -0.5975
vn -0.5017 -0.6064 -0.6169
vn -0.4735 -0.8760 -0.0917
vn -0.1676 -0.4371 -0.8837
vn -0.7886 0.1469 -0.5971
vn -0.4514 0.1191 -0.8843
vn -0.6191 0.3678 -0.6939
vn -0.5047 -0.6101 -0.6108
vn -0.7030 -0.0848 -0.7061
vn -0.6880 -0.5925 -0.4190
vn -0.5642 -0.5685 -0.5987
vn -0.5609 0.1574 -0.8128
vn -0.6532 -0.4410 -0.6155
vn -0.6154 -0.3216 -0.7196
vn -0.6034 -0.2634 -0.7527
vn -0.3923 -0.5726 -0.7198
vn -0.8566 -0.3643 -0.3655
vn -0.4474 0.6636 -0.5996
vn -0.6809 -0.4548 -0.5740
vn -0.5230 0.2961 -0.7992
vn -0.4267 -0.1179 -0.8967
vn -0.4361 -0.1423 -0.8886
vn -0.5694 0.0953 -0.8165
vn -0.6338 0.1431 -0.7601
vn -0.5058 0.6433 -0.5747
vn -0.5670 -0.3734 -0.7342
vn -0.8340 -0.5324 -0.1448
vn -0.6183 -0.2034 -0.7591
vn -0.7909 -0.2625 -0.5527
vn -0.4322 -0.3782 -0.8187
vn -0.4336 -0.6842 -0.5864
vn -0.2295 -0.3704 -0.9000
vn -0.2348 -0.1740 -0.9564
vn -0.4767 -0.6219 -0.6213
vn 0.0256 -0.4389 -0.8982
vn 0.2838 -0.3951 -0.8737
vn -0.4239 -0.3798 -0.8223
vn -0.3576 -0.1599 -0.9201
vn -0.2737 -0.1890 -0.9431
vn 0.1590 -0.4717 -0.8673
vn 0.0572 -0.5240 -0.8498
vn -0.3966 -0.4752 -0.7854
vn -0.2937 -0.1229 -0.9480
vn 0.1731 -0.4979 -0.8498
vn -0.3341 -0.4015 -0.8528
vn -0.0019 -0.5193 -0.8546
vn 0.1068 -0.5922 -0.7987
vn -0.4969 -0.5588 -0.6639
vn 0.0554 -0.3444 -0.9372
vn 0.1543 -0.4538 -0.8776
vn 0.0221 -0.3674 -0.9298
vn 0.1837 -0.3296 -0.9261
vn -0.2209 -0.1828 -0.9580
vn 0.2852 -0.3878 -0.8765
vn 0.1905 -0.4530 -0.8709
vn -0.3474 -0.6848 -0.6407
vn -0.6852 -0.5959 -0.4189
vn -0.6106 -0.3734 -0.6984
vn -0.6495 -0.2087 -0.7312
vn -0.8883 -0.4094 -0.2084
vn -0.5884 -0.0424 -0.8075
vn -0.5981 -0.2423 -0.7640
vn -0.9559 -0.2377 -0.1727
vn -0.6584 -0.1802 -0.7307
vn -0.5274 -0.4422 -0.7255
vn -0.7547 0.1204 -0.6450
vn -0.2490 0.2837 -0.9260
vn -0.1838 0.0153 -0.9828
vn -0.4274 -0.1441 -0.8925
vn -0.7577 -0.3288 -0.5637
vn -0.5301 0.6604 -0.5318
vn -0.6062 0.6871 -0.4006
vn -0.6641 0.6140 -0.4266
vn -0.6330 0.5935 -0.4970
vn -0.4647 -0.4764 -0.7464
vn -0.5449 0.7778 -0.3133
vn -0.4426 0.3767 -0.8137
vn -0.6461 0.6789 -0.3489
vn -0.6115 0.6743 -0.4139
vn -0.5449 -0.6584 -0.5193
vn -0.4787 0.0452 -0.8768
vn -0.2210 -0.1843 -0.9577
vn -0.4747 -0.5511 -0.6862
vn -0.5211 -0.6345 -0.5709
vn -0.4738 0.8218 0.3165
vn -0.5249 -0.0346 -0.8505
vn -0.4229 0.8605 -0.2843
vn -0.6045 0.7017 -0.3771
vn -0.6313 -0.5748 -0.5206
vn -0.7058 0.6630 -0.2494
vn -0.6304 0.3722 -0.6812
vn -0.7993 -0.0860 -0.5948
vn -0.3952 0.8960 -0.2026
vn -0.4549 -0.5173 -0.7248
vn -0.5891 0.7243 -0.3582
vn -0.6258 -0.5365 -0.5662
vn -0.5442 -0.4516 -0.7071
vn -0.5903 -0.8011 -0.0993
vn -0.9129 -0.0790 -0.4005
vn -0.9284 0.0782 -0.3631
vn -0.8548 -0.2976 -0.4252
vn -0.7884 -0.2956 -0.5395
vn -0.3786 0.8317 0.4061
vn -0.7938 0.5554 -0.2478
vn -0.8347 -0.4101 -0.3675
vn -0.4210 -0.1226 -0.8987
vn -0.9296 0.0665 -0.3626
vn -0.6858 -0.4393 -0.5802
vn -0.6641 0.2568 -0.7021
vn -0.8539 -0.2710 -0.4443
vn -0.6062 0.7012 -0.3752
vn -0.7450 0.6619 0.0832
vn -0.7937 -0.1976 -0.5753
vn -0.9269 0.0727 -0.3683
vn -0.7963 -0.4517 -0.4023
vn -0.5853 0.8090 -0.0541
vn -0.6499 -0.5356 -0.5393
vn -0.6046 -0.5735 -0.5527
vn -0.7972 0.5537 -0.2406
vn -0.6199 0.7083 -0.3377
vn -0.7292 -0.5324 -0.4299
vn -0.5999 -0.6416 -0.4779
vn -0.4668 0.1934 -0.8630
vn -0.6030 -0.6369 -0.4803
vn -0.6437 0.7486 0.1587
vn -0.8056 0.0470 -0.5906
vn -0.7802 -0.3294 -0.5318
vn -0.7038 0.6843 -0.1907
vn -0.6075 0.7164 -0.3432
vn -0.4572 0.8870 -0.0652
vn -0.6713 -0.0697 -0.7379
vn -0.7531 0.1780 -0.6334
vn -0.7913 -0.2713 -0.5479
vn -0.6781 0.7076 -0.1986
vn -0.6840 0.7150 -0.1449
vn -0.5354 0.0796 -0.8408
vn -0.6251 0.2662 -0.7337
vn -0.5233 0.0901 -0.8474
vn -0.8563 -0.1022 -0.5063
vn -0.5259 -0.4079 -0.7464
vn -0.6202 -0.5907 -0.5162
vn -0.8623 -0.1063 -0.4952
vn -0.7043 -0.3130 -0.6372
vn -0.5637 -0.5713 -0.5966
vn -0.3611 -0.1305 -0.9233
vn -0.4823 -0.6748 -0.5586
vn -0.3232 0.0574 -0.9446
vn -0.4291 -0.2318 -0.8730
vn -0.2972 -0.2459 -0.9226
vn -0.4910 -0.5390 -0.6844
vn -0.1609 0.1703 -0.9722
vn -0.7637 -0.0678 -0.6419
vn -0.3358 -0.4709 -0.8158
vn -0.3113 -0.3706 -0.8751
vn -0.7571 -0.4402 -0.4826
vn -0.6522 -0.0730 -0.7545
vn -0.3482 0.0852 -0.9335
vn 0.1941 -0.4698 -0.8612
vn -0.7593 -0.2621 -0.5957
vn -0.2448 0.4375 -0.8653
vn 0.8343 0.0861 0.5446
vn -0.6223 0.3107 0.7184
vn 0.2685 -0.8975 0.3500
vn 0.3148 -0.9483 -0.0407
vn 0.1110 -0.9087 -0.4025
vn 0.4325 -0.7661 -0.4753
vn 0.8029 -0.5960 -0.0058
vn 0.8110 -0.5759 0.1035
vn 0.5533 -0.8233 -0.1266
vn 0.4481 0.0670 0.8915
vn -0.4565 -0.5199 0.7220
vn 0.5776 -0.7832 0.2303
vn 0.0409 -0.8464 0.5310
vn -0.7757 -0.1422 -0.6149
vn 0.8171 -0.5468 -0.1826
vn 0.1365 -0.7185 0.6820
vn 0.7083 0.7034 -0.0592
vn 0.8730 0.4878 -0.0000
vn 0.5608 0.8280 -0.0000
vn 0.2409 0.9706 -0.0000
vn 0.0182 0.9998 -0.0000
vn 0.1122 0.9937 -0.0000
vn 0.1824 0.9831 0.0134
vn 0.3198 0.9475 -0.0000
vn 0.5368 0.8437 -0.0000
vn 0.3133 0.9497 -0.0000
vn -0.2409 -0.9705 -0.0000
vn 0.3207 0.9472 -0.0000
vn -0.0371 0.9993 -0.0000
vn -0.1758 0.9842 0.0227
vn -0.2633 0.9638 0.0428
vn -0.4080 0.9130 -0.0000
vn -0.2929 0.9561 -0.0000
vn -0.3266 0.9451 -0.0000
vn -0.4531 0.8915 -0.0000
vn -0.4717 0.8787 0.0738
vn -0.7595 0.6505 -0.0000
vn -0.5219 0.8530 -0.0000
vn -0.3782 0.9257 -0.0000
vn 0.2077 0.9782 -0.0000
vn 0.3749 0.9271 -0.0000
vn -0.0842 0.9964 -0.0000
vn -0.7602 0.6496 -0.0000
vn 0.1442 0.9648 -0.2198
vn -0.7597 0.6503 -0.0000
vn -0.9284 0.3716 -0.0000
vn -0.8594 0.4942 0.1309
vn -0.8282 -0.5292 -0.1845
vn -0.5504 -0.8349 -0.0000
vn -0.8973 -0.4415 -0.0000
vn 0.0146 0.6681 0.7439
vn -0.2690 -0.5597 -0.7838
vn 0.2022 0.7341 0.6482
vn -0.5449 0.8334 -0.0921
vn 0.2891 0.8733 -0.3921
vn -0.5164 0.1033 -0.8501
vn 0.3425 0.4369 -0.8318
vn 0.0825 -0.6437 -0.7608
vn 0.6382 -0.7663 -0.0742
vn 0.2710 -0.9600 0.0709
vn -0.2805 -0.8907 0.3578
vn -0.4616 0.8119 0.3575
vn -0.2227 -0.9322 -0.2855
vn -0.2541 0.2186 -0.9421
vn -0.1532 -0.9102 -0.3847
vn 0.2710 -0.9600 -0.0709
vn 0.2867 -0.9580 -0.0000
vn -0.5603 -0.7538 -0.3434
vn -0.5314 -0.6673 -0.5219
vn -0.0237 0.3695 -0.9289
vn 0.1618 0.3752 0.9127
vn 0.2425 0.6249 0.7421
vn 0.7938 0.5955 -0.1236
vn 0.8155 0.5174 0.2594
vn 0.4435 0.8842 -0.1466
vn -0.2350 -0.7715 0.5912
vn 0.2950 -0.3258 0.8982
vn -0.3566 0.3854 0.8511
vn 0.8681 0.2711 0.4159
vn 0.7369 0.1012 0.6684
vn -0.8036 0.1199 0.5829
vn -0.3996 0.0902 -0.9122
vn -0.2755 -0.0815 -0.9578
vn -0.7954 -0.4661 0.3874
vn -0.6223 0.3107 -0.7184
vn -0.5869 0.5386 -0.6045
vn -0.2360 -0.4638 -0.8539
vn -0.6707 -0.0255 -0.7413
vn -0.5269 -0.4478 -0.7224
vn 0.2510 -0.9633 -0.0955
vn -0.1598 -0.9853 0.0609
vn 0.7311 -0.2487 -0.6353
vn -0.2514 -0.6917 -0.6770
vn 0.0941 -0.5231 -0.8471
vn -0.2108 -0.9071 -0.3642
vn -0.0849 -0.9865 -0.1402
vn -0.0586 -0.9974 -0.0429
vn 0.1110 -0.9087 0.4025
vn 0.1418 -0.9710 0.1925
vn 0.1020 -0.9943 -0.0293
vn 0.1608 -0.9453 0.2840
vn 0.5879 -0.7945 -0.1521
vn 0.3682 -0.8424 0.3933
vn -0.4034 0.6402 -0.6538
vn 0.5942 -0.7666 0.2434
vn 0.5250 -0.8045 -0.2778
vn 0.4325 -0.7661 0.4753
vn 0.8029 -0.5960 0.0058
vn -0.0639 -0.3589 -0.9312
vn 0.8557 -0.4869 -0.1749
vn -0.0856 -0.4065 0.9096
vn -0.0576 -0.2428 0.9684
vn -0.0746 -0.3620 0.9292
vn -0.0585 -0.2162 0.9746
vn -0.0653 -0.3470 0.9356
vn 0.0856 -0.9341 -0.3465
vn -0.0208 -0.9815 -0.1905
vn 0.4532 -0.8879 0.0793
vn -0.2628 -0.9648 -0.0089
vn 0.5533 -0.8233 0.1266
vn 0.3338 0.4509 -0.8278
vn -0.3331 -0.4537 0.8266
vn 0.7699 -0.5402 0.3397
vn -0.2121 0.5081 0.8348
vn -0.3045 0.3704 0.8775
vn -0.1274 0.8725 0.4717
vn 0.1358 -0.4927 -0.8595
vn 0.7811 -0.5598 0.2765
vn 0.3948 -0.7850 -0.4775
vn 0.1365 -0.7185 -0.6820
vn 0.0582 -0.9974 -0.0414
vn 0.3324 -0.8668 -0.3717
vn -0.1240 -0.9645 0.2331
vn 0.9221 0.1557 -0.3543
vn -0.5100 -0.8580 0.0615
vn 0.0409 -0.8464 -0.5310
vn 0.5423 -0.7413 0.3955
vn -0.6778 -0.3036 -0.6696
vn 0.2095 0.5268 -0.8238
vn 0.0567 -0.9708 -0.2332
vn 0.2937 -0.7595 -0.5804
vn 0.0756 0.3040 -0.9497
vn -0.5869 0.5386 0.6045
vn -0.7954 -0.4662 -0.3874
vn -0.6707 -0.0255 0.7413
vn -0.8036 0.1200 -0.5829
vn -0.3996 0.0902 0.9122
vn -0.5218 -0.4571 0.7203
vn -0.2755 -0.0815 0.9578
vn -0.5981 0.2176 0.7713
vn -0.5269 -0.4478 0.7224
vn 0.2675 -0.9597 0.0866
vn -0.0770 -0.4751 0.8766
vn 0.4868 -0.7566 -0.4366
vn 0.4442 -0.6727 -0.5917
vn 0.2470 -0.9651 0.0868
vn -0.0586 -0.9974 0.0429
vn -0.1294 -0.9629 0.2369
vn 0.1418 -0.9710 -0.1925
vn 0.1020 -0.9943 0.0293
vn 0.1452 -0.9701 -0.1946
vn 0.1099 -0.9004 -0.4210
vn 0.5879 -0.7945 0.1521
vn 0.2785 -0.7438 -0.6076
vn -0.4034 0.6402 0.6538
vn 0.5942 -0.7666 -0.2434
vn -0.0639 -0.3589 0.9312
vn 0.5250 -0.8045 0.2778
vn 0.0941 -0.5064 0.8572
vn 0.8557 -0.4869 0.1749
vn -0.0856 -0.4065 -0.9096
vn -0.0746 -0.3620 -0.9292
vn -0.0423 -0.1548 -0.9870
vn -0.0598 -0.2399 -0.9690
vn -0.4959 -0.8300 0.2553
vn -0.0208 -0.9815 0.1905
vn 0.0911 -0.9939 0.0630
vn -0.0661 -0.9977 -0.0144
vn 0.4532 -0.8879 -0.0793
vn 0.3140 -0.9477 -0.0571
vn 0.3338 0.4509 0.8278
vn -0.3045 0.3704 -0.8775
vn -0.3922 -0.4839 -0.7823
vn -0.2937 0.7595 -0.5804
vn -0.3515 0.4178 -0.8378
vn 0.3383 -0.6976 0.6316
vn 0.1358 -0.4927 0.8595
vn 0.3331 0.4537 0.8266
vn 0.3948 -0.7850 0.4775
vn 0.7811 -0.5598 -0.2765
vn 0.1366 -0.7136 0.6871
vn 0.0582 -0.9974 0.0414
vn -0.5100 -0.8580 -0.0615
vn -0.1240 -0.9645 -0.2331
vn 0.5423 -0.7413 -0.3955
vn -0.3479 0.4038 0.8461
vn 0.8302 -0.1960 0.5220
vn 0.3324 -0.8668 0.3717
vn 0.9221 0.1557 0.3543
vn 0.1437 -0.6975 0.7021
vn 0.4641 0.4654 -0.7537
vn 0.9997 -0.0227 -0.0000
vn 0.4641 0.4654 0.7536
vn 0.4326 0.5031 0.7482
vn -0.0429 0.9991 -0.0000
vn 0.4326 0.5031 -0.7482
vn 0.7699 0.6382 -0.0000
vn 0.2919 0.3377 0.8948
vn 0.6496 0.7603 -0.0000
vn 0.7078 0.6707 -0.2217
vn 0.7078 0.6707 0.2217
vn 0.3434 0.9392 -0.0000
vn 0.5631 0.8235 -0.0690
vn 0.7843 0.6203 -0.0000
vn 0.5631 0.8235 0.0690
vn 0.3326 0.7495 -0.5723
vn 0.5337 0.8457 -0.0000
vn 0.2008 0.9188 0.3397
vn 0.2832 0.9513 0.1217
vn 0.2008 0.9188 -0.3397
vn 0.4070 0.9134 -0.0000
vn 0.2660 0.9622 0.0582
vn 0.2660 0.9622 -0.0582
vn 0.3181 0.9481 -0.0000
vn 0.1785 0.9740 -0.1392
vn 0.4112 0.9115 -0.0000
vn 0.1785 0.9740 0.1392
vn 0.2546 0.9602 0.1150
vn 0.2546 0.9602 -0.1150
vn 0.2564 0.9642 0.0673
vn 0.1574 0.9864 0.0483
vn 0.1574 0.9863 -0.0483
vn 0.2564 0.9642 -0.0673
vn 0.1824 0.9831 -0.0134
vn 0.3193 0.9477 0.0010
vn 0.3449 0.9386 -0.0000
vn 0.3193 0.9477 -0.0009
vn 0.3214 0.9469 -0.0000
vn -0.2960 -0.9394 0.1727
vn -0.2960 -0.9394 -0.1727
vn 0.1633 0.9866 -0.0000
vn -0.0176 0.9998 -0.0000
vn -0.2055 0.9787 -0.0000
vn -0.1747 0.9774 -0.1193
vn -0.1388 0.9903 -0.0000
vn -0.3868 0.9222 -0.0000
vn -0.3122 0.9454 -0.0938
vn -0.4291 0.9033 -0.0000
vn -0.3280 0.9447 -0.0000
vn -0.5927 0.8054 -0.0000
vn -0.5808 0.8048 -0.1224
vn -0.8698 0.4934 -0.0000
vn -0.2789 0.9082 0.3121
vn -0.2789 0.9082 -0.3121
vn -0.0348 0.9994 -0.0000
vn -0.7602 0.6497 -0.0000
vn -0.3756 0.8377 0.3965
vn -0.4129 0.9108 -0.0000
vn -0.4221 0.9066 -0.0000
vn -0.9977 0.0685 -0.0000
vn -0.9572 0.0629 -0.2825
vn -0.1878 -0.8446 0.5013
vn -0.1391 -0.9811 -0.1344
vn -0.4824 -0.7647 -0.4273
vn -0.2860 -0.9582 -0.0000
vn 0.3890 0.3031 0.8700
vn -0.2400 -0.0391 0.9700
vn 0.8461 -0.3153 -0.4298
vn -0.0670 -0.4118 -0.9088
vn -0.2623 -0.5751 -0.7749
vn -0.0076 0.9882 0.1531
vn 0.3936 0.7828 -0.4820
vn 0.1976 0.3921 -0.8985
vn -0.3387 0.2668 -0.9023
vn -0.0457 0.5711 -0.8196
vn 0.1782 0.3758 -0.9094
vn 0.1104 0.0176 -0.9937
vn 0.1372 -0.7700 -0.6232
vn 0.0779 -0.9720 0.2216
vn -0.2522 -0.9559 0.1504
vn 0.2733 -0.9588 0.0775
vn 0.2810 -0.9579 0.0583
vn -0.1640 -0.9741 0.1559
vn -0.2627 -0.9046 0.3356
vn -0.0412 -0.9987 0.0291
vn -0.2627 -0.9046 -0.3356
vn -0.5583 -0.8113 0.1736
vn 0.2006 -0.7059 0.6793
vn 0.2733 -0.9588 -0.0775
vn 0.2810 -0.9579 -0.0583
vn -0.0397 -0.9992 -0.0000
vn 0.3714 -0.8300 0.4162
vn -0.1019 0.3812 -0.9188
vn -0.0719 -0.9719 -0.2240
vn 0.9816 0.1824 0.0563
vn 0.9543 0.0392 -0.2963
vn 0.3996 0.7068 0.5838
vn 0.7202 0.1939 -0.6662
vn 0.3649 0.8245 -0.4325
vn 0.3957 0.7389 0.5454
vn 0.3957 0.7389 -0.5454
vn 0.6093 0.7333 -0.3017
vn 0.3952 0.7411 -0.5427
vn 0.2609 0.9654 -0.0000
vn 0.2836 0.0713 0.9563
vn 0.9763 -0.2152 -0.0229
vn 0.3735 0.5699 -0.7319
vn 0.9233 0.3809 -0.0487
vn 0.7478 0.5532 0.3670
vt 0.968104 0.350982
vt 0.967659 0.354198
vt 0.965453 0.353184
vt 0.976480 0.363000
vt 0.977836 0.357148
vt 0.981562 0.360643
vt 0.963657 0.357486
vt 0.963624 0.359091
vt 0.961927 0.358097
vt 0.967372 0.361915
vt 0.969738 0.358910
vt 0.971254 0.361982
vt 0.968637 0.364401
vt 0.971634 0.365424
vt 0.964113 0.361897
vt 0.966282 0.359603
vt 0.970175 0.355584
vt 0.973298 0.356018
vt 0.966285 0.357212
vt 0.977890 0.372725
vt 0.980675 0.372258
vt 0.979323 0.374466
vt 0.963677 0.351283
vt 0.966500 0.347584
vt 0.858088 0.040254
vt 0.860207 0.040458
vt 0.859810 0.043144
vt 0.858882 0.032724
vt 0.858880 0.036208
vt 0.856936 0.031255
vt 0.984831 0.362490
vt 0.981999 0.364240
vt 0.973763 0.359025
vt 0.980178 0.367260
vt 0.974950 0.369378
vt 0.961295 0.361167
vt 0.972788 0.351182
vt 0.979364 0.370036
vt 0.985102 0.359132
vt 0.983491 0.355621
vt 0.983913 0.367318
vt 0.985021 0.364917
vt 0.962318 0.362854
vt 0.962773 0.355284
vt 0.981595 0.374403
vt 0.982156 0.369819
vt 0.362333 0.014166
vt 0.366163 0.012581
vt 0.367731 0.018599
vt 0.363176 0.019119
vt 0.344303 0.014243
vt 0.343748 0.016137
vt 0.342519 0.013710
vt 0.358427 0.013462
vt 0.348310 0.015973
vt 0.347695 0.017094
vt 0.347337 0.015373
vt 0.346001 0.013735
vt 0.347602 0.012042
vt 0.346129 0.016724
vt 0.348027 0.018532
vt 0.346533 0.019190
vt 0.345730 0.015520
vt 0.344760 0.016235
vt 0.344724 0.014142
vt 0.357732 0.006744
vt 0.375479 0.018109
vt 0.367631 0.009317
vt 0.364456 0.008402
vt 0.342373 0.016761
vt 0.341153 0.013846
vt 0.348669 0.018870
vt 0.350744 0.018457
vt 0.356762 0.017940
vt 0.376177 0.014081
vt 0.352118 0.011521
vt 0.354513 0.007845
vt 0.339665 0.015111
vt 0.338013 0.013073
vt 0.373649 0.009151
vt 0.371249 0.009126
vt 0.345044 0.017563
vt 0.353275 0.017056
vt 0.351076 0.005480
vt 0.339766 0.017088
vt 0.349014 0.007565
vt 0.350282 0.014088
vt 0.774903 0.019360
vt 0.774520 0.022752
vt 0.773693 0.021689
vt 0.777718 0.016936
vt 0.776266 0.014926
vt 0.777422 0.014504
vt 0.769668 0.017223
vt 0.773147 0.013634
vt 0.772480 0.018224
vt 0.780934 0.029218
vt 0.777164 0.032142
vt 0.776847 0.029602
vt 0.337090 0.015324
vt 0.361139 0.006376
vt 0.777117 0.010564
vt 0.775418 0.012976
vt 0.776842 0.008871
vt 0.340770 0.016916
vt 0.773121 0.025398
vt 0.774591 0.026950
vt 0.346261 0.007153
vt 0.343646 0.019921
vt 0.771104 0.022686
vt 0.765722 0.028485
vt 0.770590 0.026768
vt 0.769340 0.007519
vt 0.775267 0.009820
vt 0.773090 0.030924
vt 0.769405 0.030360
vt 0.338071 0.017762
vt 0.772154 0.003771
vt 0.776161 0.002855
vt 0.775991 0.005668
vt 0.777053 0.012768
vt 0.343610 0.011497
vt 0.774457 0.007407
vt 0.338217 0.017381
vt 0.778607 0.014077
vt 0.780167 0.025521
vt 0.778392 0.011160
vt 0.377664 0.006840
vt 0.778425 0.021304
vt 0.780471 0.016501
vt 0.776376 0.017408
vt 0.775844 0.016238
vt 0.774499 0.016777
vt 0.795769 0.984945
vt 0.797641 0.989345
vt 0.794703 0.987949
vt 0.806654 0.991116
vt 0.808480 0.994818
vt 0.805979 0.992222
vt 0.808458 0.977574
vt 0.812236 0.982622
vt 0.809638 0.984178
vt 0.808117 0.986785
vt 0.806468 0.988650
vt 0.805118 0.984629
vt 0.776284 0.019041
vt 0.012228 0.010680
vt 0.012909 0.015301
vt 0.007847 0.016149
vt 0.017565 0.008642
vt 0.773432 0.019977
vt 0.111675 0.017196
vt 0.110810 0.015973
vt 0.113127 0.016959
vt 0.801886 0.987529
vt 0.804298 0.989895
vt 0.802832 0.992224
vt 0.122517 0.001580
vt 0.125022 0.005178
vt 0.114150 0.007604
vt 0.117571 0.016609
vt 0.116752 0.018910
vt 0.114124 0.018715
vt 0.964735 0.015451
vt 0.962937 0.017124
vt 0.961321 0.013445
vt 0.129914 0.011156
vt 0.123796 0.011734
vt 0.131858 0.006052
vt 0.109396 0.005341
vt 0.111476 0.001531
vt 0.114958 0.000791
vt 0.115243 0.016667
vt 0.113442 0.016069
vt 0.117170 0.014546
vt 0.803935 0.984830
vt 0.803054 0.981026
vt 0.778525 0.006993
vt 0.808383 0.991710
vt 0.807741 0.991987
vt 0.775512 0.033952
vt 0.775031 0.032996
vt 0.125791 0.016042
vt 0.122163 0.019285
vt 0.121739 0.016979
vt 0.799042 0.981824
vt 0.799225 0.987073
vt 0.006715 0.024061
vt 0.011692 0.022517
vt 0.118285 0.010875
vt 0.969747 0.014380
vt 0.969420 0.017844
vt 0.965857 0.012782
vt 0.456938 0.009323
vt 0.455293 0.008093
vt 0.456045 0.006204
vt 0.972773 0.017128
vt 0.963861 0.008631
vt 0.961439 0.004818
vt 0.965505 0.006246
vt 0.451806 0.009477
vt 0.454374 0.007358
vt 0.453230 0.010808
vt 0.800668 0.982762
vt 0.801009 0.980873
vt 0.452431 0.013072
vt 0.453212 0.013641
vt 0.967599 0.011626
vt 0.110310 0.013467
vt 0.449448 0.003428
vt 0.454194 0.000089
vt 0.451972 0.004724
vt 0.016550 0.016496
vt 0.775839 0.020608
vt 0.961466 0.011013
vt 0.454250 0.010855
vt 0.116334 0.002596
vt 0.806799 0.980381
vt 0.800934 0.984732
vt 0.801904 0.983526
vt 0.995882 0.096606
vt 0.994581 0.096663
vt 0.996196 0.094954
vt 0.800672 0.993590
vt 0.957153 0.008389
vt 0.959218 0.011942
vt 0.766094 0.019651
vt 0.777999 0.008911
vt 0.802001 0.981775
vt 0.959983 0.006522
vt 0.962860 0.009654
vt 0.792822 0.985433
vt 0.810479 0.991237
vt 0.810146 0.994725
vt 0.960766 0.347860
vt 0.957448 0.351126
vt 0.958120 0.001094
vt 0.972704 0.013070
vt 0.956983 0.011160
vt 0.803206 0.986538
vt 0.975867 0.353890
vt 0.005238 0.019672
vt 0.004589 0.023366
vt 0.960110 0.014372
vt 0.123246 0.014997
vt 0.120803 0.015698
vt 0.960401 0.016291
vt 0.811949 0.988876
vt 0.449965 0.015468
vt 0.973371 0.334893
vt 0.979237 0.336897
vt 0.975891 0.338887
vt 0.974943 0.342569
vt 0.972510 0.341167
vt 0.020727 0.010397
vt 0.980279 0.352078
vt 0.455676 0.002931
vt 0.453573 0.005729
vt 0.978693 0.341418
vt 0.976822 0.345947
vt 0.442560 0.019611
vt 0.440072 0.018131
vt 0.446112 0.015663
vt 0.971608 0.334946
vt 0.969393 0.338745
vt 0.960651 0.000793
vt 0.977350 0.349725
vt 0.981629 0.345646
vt 0.455706 0.000821
vt 0.455208 0.001884
vt 0.794700 0.992186
vt 0.448646 0.009467
vt 0.967632 0.343111
vt 0.964041 0.341198
vt 0.805741 0.981882
vt 0.790926 0.989244
vt 0.971085 0.347257
vt 0.968340 0.336513
vt 0.966760 0.336459
vt 0.968205 0.332495
vt 0.457110 0.004226
vt 0.985402 0.369904
vt 0.976185 0.334197
vt 0.116524 0.021503
vt 0.958059 0.013655
vt 0.964705 0.000559
vt 0.970599 0.005868
vt 0.983208 0.372141
vt 0.962317 0.344802
vt 0.992600 0.096005
vt 0.444663 0.002708
vt 0.444350 0.009657
vt 0.440940 0.009832
vt 0.971648 0.010635
vt 0.973763 0.345658
vt 0.995281 0.097361
vt 0.003334 0.021291
vt 0.003907 0.019495
vt 0.125570 0.013680
vt 0.437395 0.012191
vt 0.986260 0.349088
vt 0.017564 0.023998
vt 0.958152 0.015378
vt 0.999883 0.095486
vt 0.997620 0.096174
vt 0.807428 0.995330
vt 0.022315 0.016858
vt 0.993455 0.098261
vt 0.970011 0.332397
vt 0.121821 0.020991
vt 0.811006 0.975639
vt 0.998518 0.097652
vt 0.133476 0.000529
vt 0.851118 0.032680
vt 0.848254 0.027991
vt 0.851251 0.027412
vt 0.856938 0.025199
vt 0.855394 0.026113
vt 0.852460 0.020051
vt 0.856018 0.034397
vt 0.857813 0.016128
vt 0.853714 0.017100
vt 0.853438 0.013105
vt 0.995734 0.100475
vt 0.997623 0.099171
vt 0.854434 0.030442
vt 0.866589 0.045345
vt 0.862972 0.036162
vt 0.866692 0.039058
vt 0.995739 0.104177
vt 0.998539 0.102070
vt 0.999750 0.106964
vt 0.855387 0.038169
vt 0.853573 0.040565
vt 0.852924 0.024369
vt 0.854282 0.027522
vt 0.849287 0.022504
vt 0.866057 0.023307
vt 0.863511 0.029137
vt 0.859860 0.029101
vt 0.857090 0.022157
vt 0.862575 0.039903
vt 0.852681 0.009482
vt 0.854907 0.005458
vt 0.857290 0.009468
vt 0.847771 0.025531
vt 0.858115 0.029575
vt 0.852919 0.005620
vt 0.850123 0.035800
vt 0.851311 0.039771
vt 0.846112 0.026560
vt 0.864782 0.044764
vt 0.575115 0.988222
vt 0.574896 0.989837
vt 0.573988 0.989171
vt 0.570443 0.980435
vt 0.569898 0.982956
vt 0.567328 0.979523
vt 0.571894 0.987753
vt 0.572575 0.979302
vt 0.575166 0.982363
vt 0.568559 0.984927
vt 0.566854 0.981897
vt 0.567152 0.987002
vt 0.573874 0.990386
vt 0.573653 0.985379
vt 0.857270 0.037807
vt 0.858598 0.038848
vt 0.860554 0.034272
vt 0.568768 0.978048
vt 0.857256 0.043096
vt 0.862482 0.043056
vt 0.572878 0.991294
vt 0.564544 0.989642
vt 0.573069 0.989506
vt 0.566750 0.975918
vt 0.565122 0.978564
vt 0.965014 0.364316
vt 0.567783 0.995569
vt 0.956709 0.406797
vt 0.962048 0.406757
vt 0.959350 0.412032
vt 0.950614 0.412630
vt 0.954746 0.411259
vt 0.953030 0.415150
vt 0.952473 0.408630
vt 0.956017 0.415436
vt 0.949766 0.418165
vt 0.742769 0.567792
vt 0.736634 0.567322
vt 0.737854 0.557349
vt 0.733239 0.575466
vt 0.741406 0.576475
vt 0.737785 0.586476
vt 0.745142 0.587060
vt 0.746174 0.602019
vt 0.737503 0.596079
vt 0.495655 0.035513
vt 0.490978 0.039029
vt 0.489491 0.031517
vt 0.493626 0.023119
vt 0.497489 0.030320
vt 0.497465 0.018009
vt 0.492817 0.014954
vt 0.938676 0.667636
vt 0.938535 0.664799
vt 0.939854 0.665853
vt 0.943210 0.654421
vt 0.941657 0.649169
vt 0.944969 0.649367
vt 0.934120 0.662583
vt 0.938541 0.659962
vt 0.937230 0.662281
vt 0.939484 0.662893
vt 0.929824 0.655922
vt 0.938485 0.653389
vt 0.944042 0.642902
vt 0.929340 0.646170
vt 0.937526 0.665247
vt 0.937987 0.663198
vt 0.941320 0.661538
vt 0.940330 0.657553
vt 0.936423 0.663880
vt 0.936565 0.667628
vt 0.934928 0.667143
vt 0.918774 0.725744
vt 0.916379 0.717479
vt 0.922077 0.724505
vt 0.913845 0.666510
vt 0.912715 0.656500
vt 0.920464 0.664756
vt 0.919401 0.675769
vt 0.916986 0.670878
vt 0.912722 0.675172
vt 0.915062 0.685019
vt 0.922511 0.686986
vt 0.920805 0.693691
vt 0.925799 0.674373
vt 0.923157 0.681314
vt 0.922836 0.702204
vt 0.919311 0.702309
vt 0.914825 0.695558
vt 0.919094 0.647675
vt 0.924010 0.659670
vt 0.924814 0.683110
vt 0.925176 0.690866
vt 0.919871 0.731930
vt 0.920797 0.711416
vt 0.533859 0.014734
vt 0.532999 0.015938
vt 0.532605 0.014889
vt 0.530336 0.021169
vt 0.536825 0.021531
vt 0.534178 0.028002
vt 0.532310 0.016577
vt 0.523178 0.023001
vt 0.516371 0.014672
vt 0.523425 0.012277
vt 0.529269 0.013033
vt 0.533191 0.012277
vt 0.838308 0.048150
vt 0.839832 0.058584
vt 0.831498 0.055933
vt 0.852016 0.060388
vt 0.867051 0.068263
vt 0.858510 0.072672
vt 0.863822 0.054676
vt 0.870489 0.064026
vt 0.827179 0.074171
vt 0.817719 0.078218
vt 0.812448 0.069686
vt 0.825101 0.050505
vt 0.872444 0.058501
vt 0.831795 0.063964
vt 0.821645 0.055856
vt 0.818160 0.062507
vt 0.846576 0.066516
vt 0.811795 0.052121
vt 0.840741 0.072859
vt 0.850401 0.073885
vt 0.804676 0.058990
vt 0.805567 0.052913
vt 0.850423 0.052630
vt 0.807872 0.075897
vt 0.817621 0.047735
vt 0.798369 0.078496
vt 0.798496 0.067751
vt 0.961838 0.282754
vt 0.960764 0.276951
vt 0.966612 0.278722
vt 0.977708 0.272995
vt 0.982002 0.277653
vt 0.972456 0.276190
vt 0.966819 0.288853
vt 0.973887 0.287166
vt 0.969167 0.292869
vt 0.971741 0.280867
vt 0.975178 0.282966
vt 0.979645 0.289285
vt 0.978017 0.296060
vt 0.971059 0.296397
vt 0.964000 0.294156
vt 0.966742 0.284421
vt 0.970393 0.284993
vt 0.961479 0.291579
vt 0.961866 0.287062
vt 0.980985 0.283419
vt 0.956768 0.290514
vt 0.954290 0.285560
vt 0.596325 0.972989
vt 0.585068 0.972451
vt 0.587649 0.967980
vt 0.589615 0.979542
vt 0.592967 0.980457
vt 0.589605 0.982091
vt 0.584069 0.976649
vt 0.586381 0.977579
vt 0.588071 0.996509
vt 0.585269 0.993479
vt 0.589295 0.992524
vt 0.581786 0.995373
vt 0.589085 0.975366
vt 0.581497 0.990550
vt 0.583350 0.978703
vt 0.585518 0.980591
vt 0.580477 0.986204
vt 0.585370 0.983987
vt 0.586599 0.987848
vt 0.592390 0.982812
vt 0.592969 0.984342
vt 0.590376 0.984843
vt 0.595573 0.983546
vt 0.592071 0.977112
vt 0.580184 0.980916
vt 0.443986 0.042124
vt 0.440811 0.039536
vt 0.445965 0.041037
vt 0.850026 0.138130
vt 0.843737 0.126862
vt 0.863910 0.116817
vt 0.858737 0.106463
vt 0.851918 0.114911
vt 0.867093 0.129641
vt 0.877106 0.118770
vt 0.883881 0.126259
vt 0.831527 0.114567
vt 0.837977 0.107700
vt 0.838884 0.113733
vt 0.891057 0.083546
vt 0.890716 0.093254
vt 0.881764 0.086031
vt 0.889413 0.113529
vt 0.842817 0.117076
vt 0.846795 0.109078
vt 0.873123 0.100131
vt 0.854415 0.147026
vt 0.870997 0.092668
vt 0.876968 0.092324
vt 0.870614 0.136758
vt 0.831078 0.110525
vt 0.884200 0.132861
vt 0.876575 0.140534
vt 0.864525 0.091320
vt 0.863266 0.097725
vt 0.857035 0.095822
vt 0.829842 0.132208
vt 0.830764 0.149967
vt 0.887153 0.139357
vt 0.886005 0.105471
vt 0.831843 0.123282
vt 0.823913 0.120149
vt 0.826111 0.113178
vt 0.872683 0.087674
vt 0.820204 0.115926
vt 0.869635 0.151273
vt 0.865782 0.147033
vt 0.877462 0.145964
vt 0.853671 0.101643
vt 0.846243 0.103969
vt 0.873165 0.156734
vt 0.886072 0.151716
vt 0.989004 0.070188
vt 0.984368 0.076663
vt 0.984579 0.069775
vt 0.978419 0.063086
vt 0.976181 0.066601
vt 0.975222 0.063749
vt 0.978606 0.059156
vt 0.975897 0.060874
vt 0.973646 0.058421
vt 0.978741 0.071611
vt 0.987394 0.037622
vt 0.988147 0.041931
vt 0.985113 0.040287
vt 0.991839 0.037953
vt 0.985696 0.044473
vt 0.983031 0.043288
vt 0.981874 0.047665
vt 0.980630 0.066637
vt 0.987123 0.062385
vt 0.991312 0.065231
vt 0.985652 0.065893
vt 0.987481 0.046633
vt 0.993071 0.075034
vt 0.988652 0.080514
vt 0.982770 0.063191
vt 0.984437 0.061063
vt 0.982303 0.060060
vt 0.987144 0.059612
vt 0.992029 0.044384
vt 0.979630 0.056734
vt 0.992182 0.040876
vt 0.973901 0.062279
vt 0.985207 0.049746
vt 0.989529 0.049884
vt 0.984770 0.052269
vt 0.992858 0.052063
vt 0.986251 0.055681
vt 0.979207 0.044765
vt 0.994811 0.053396
vt 0.991680 0.056764
vt 0.994724 0.068314
vt 0.976769 0.046918
vt 0.981341 0.051541
vt 0.997883 0.043736
vt 0.999428 0.049967
vt 0.992309 0.060828
vt 0.978593 0.053749
vt 0.981815 0.053767
vt 0.994626 0.037753
vt 0.997434 0.056239
vt 0.999971 0.068928
vt 0.999144 0.061733
vt 0.951125 0.308465
vt 0.953705 0.309298
vt 0.951562 0.309913
vt 0.955895 0.301591
vt 0.958978 0.301929
vt 0.958022 0.304281
vt 0.949737 0.305970
vt 0.949360 0.307244
vt 0.955116 0.304987
vt 0.955836 0.308480
vt 0.952464 0.305394
vt 0.951350 0.310957
vt 0.947273 0.307153
vt 0.945672 0.303669
vt 0.947786 0.306230
vt 0.950893 0.307158
vt 0.950251 0.304153
vt 0.946352 0.300903
vt 0.946778 0.298802
vt 0.948310 0.301386
vt 0.945929 0.303137
vt 0.949626 0.300417
vt 0.956048 0.296835
vt 0.961608 0.300474
vt 0.951695 0.299055
vt 0.944899 0.298671
vt 0.958499 0.307734
vt 0.949517 0.313124
vt 0.898793 0.211421
vt 0.897787 0.196142
vt 0.904493 0.201895
vt 0.878737 0.214360
vt 0.879573 0.209803
vt 0.882721 0.211825
vt 0.887554 0.189881
vt 0.889945 0.188155
vt 0.889251 0.192168
vt 0.873935 0.261307
vt 0.874858 0.248280
vt 0.882139 0.251165
vt 0.895004 0.234061
vt 0.897183 0.248026
vt 0.889733 0.244981
vt 0.866664 0.216884
vt 0.869716 0.215867
vt 0.869192 0.220236
vt 0.873066 0.217752
vt 0.871482 0.223307
vt 0.869842 0.229545
vt 0.866193 0.224597
vt 0.903171 0.192949
vt 0.912125 0.201092
vt 0.868418 0.255907
vt 0.868511 0.246585
vt 0.882484 0.242493
vt 0.887802 0.236504
vt 0.873263 0.229512
vt 0.873838 0.232553
vt 0.871200 0.233850
vt 0.873747 0.211954
vt 0.871481 0.212856
vt 0.871430 0.205999
vt 0.888435 0.227102
vt 0.901922 0.225010
vt 0.895399 0.223087
vt 0.877819 0.221852
vt 0.875844 0.225744
vt 0.874306 0.222063
vt 0.874411 0.236017
vt 0.870217 0.238260
vt 0.882150 0.194115
vt 0.881789 0.198155
vt 0.878009 0.194787
vt 0.892007 0.190915
vt 0.891480 0.195702
vt 0.917046 0.222201
vt 0.905990 0.217813
vt 0.908403 0.213262
vt 0.876898 0.218062
vt 0.860968 0.210630
vt 0.859912 0.216503
vt 0.880303 0.218229
vt 0.867594 0.211383
vt 0.875904 0.213145
vt 0.861871 0.203565
vt 0.865828 0.197706
vt 0.876883 0.208068
vt 0.880557 0.204041
vt 0.889898 0.257450
vt 0.882506 0.260714
vt 0.876794 0.201578
vt 0.871978 0.198093
vt 0.863750 0.251265
vt 0.862532 0.245415
vt 0.867529 0.241661
vt 0.883400 0.200884
vt 0.883549 0.203266
vt 0.877130 0.240452
vt 0.871907 0.242053
vt 0.884860 0.195348
vt 0.861204 0.239023
vt 0.865115 0.239305
vt 0.886136 0.192451
vt 0.883178 0.191045
vt 0.886022 0.201665
vt 0.885309 0.197852
vt 0.888195 0.199084
vt 0.885647 0.186973
vt 0.880564 0.224792
vt 0.885154 0.218484
vt 0.890855 0.184875
vt 0.889270 0.211122
vt 0.867683 0.235649
vt 0.890857 0.203231
vt 0.885505 0.206165
vt 0.857190 0.223821
vt 0.903037 0.235778
vt 0.882034 0.206505
vt 0.894634 0.186740
vt 0.892120 0.187480
vt 0.865788 0.230779
vt 0.895308 0.181564
vt 0.899700 0.185013
vt 0.880506 0.183574
vt 0.878169 0.189384
vt 0.892416 0.182426
vt 0.881430 0.234231
vt 0.888064 0.182875
vt 0.892041 0.179626
vt 0.872853 0.225942
vt 0.911208 0.260006
vt 0.914333 0.246076
vt 0.915528 0.252534
vt 0.885105 0.180609
vt 0.866999 0.239166
vt 0.871762 0.192282
vt 0.891336 0.218354
vt 0.876366 0.230376
vt 0.885581 0.177824
vt 0.888071 0.195409
vt 0.903298 0.246947
vt 0.906754 0.248750
vt 0.903387 0.261523
vt 0.906526 0.241801
vt 0.910886 0.242700
vt 0.862375 0.235030
vt 0.895733 0.260870
vt 0.912880 0.235251
vt 0.905391 0.209678
vt 0.862441 0.229883
vt 0.862999 0.258377
vt 0.860092 0.255401
vt 0.867092 0.476374
vt 0.872240 0.477109
vt 0.864157 0.481017
vt 0.851096 0.419270
vt 0.855756 0.424404
vt 0.849147 0.425090
vt 0.820527 0.424787
vt 0.817887 0.432076
vt 0.811922 0.426695
vt 0.852038 0.463946
vt 0.860025 0.463832
vt 0.857918 0.472466
vt 0.847347 0.469656
vt 0.799206 0.420274
vt 0.801809 0.412179
vt 0.811291 0.418173
vt 0.832304 0.412523
vt 0.838407 0.416281
vt 0.835138 0.419355
vt 0.803989 0.427545
vt 0.791462 0.424541
vt 0.872217 0.448815
vt 0.877196 0.441131
vt 0.879112 0.448581
vt 0.857181 0.414940
vt 0.858901 0.420667
vt 0.842826 0.420448
vt 0.840674 0.425137
vt 0.828080 0.357791
vt 0.828721 0.380793
vt 0.816956 0.368704
vt 0.850018 0.413060
vt 0.809870 0.445132
vt 0.817413 0.449654
vt 0.809163 0.449649
vt 0.853378 0.406418
vt 0.880857 0.456481
vt 0.847046 0.394422
vt 0.845173 0.408150
vt 0.860020 0.402896
vt 0.862962 0.410819
vt 0.785494 0.411589
vt 0.845120 0.474816
vt 0.839740 0.472562
vt 0.812107 0.381472
vt 0.821309 0.397171
vt 0.808876 0.391168
vt 0.841405 0.457614
vt 0.852880 0.453965
vt 0.839647 0.403154
vt 0.813213 0.451847
vt 0.802536 0.445593
vt 0.793063 0.442542
vt 0.801163 0.435334
vt 0.806432 0.452143
vt 0.799062 0.449484
vt 0.844315 0.415065
vt 0.855366 0.397637
vt 0.857628 0.388511
vt 0.827951 0.451853
vt 0.833134 0.460637
vt 0.827377 0.458108
vt 0.864852 0.399899
vt 0.868670 0.405931
vt 0.868191 0.463618
vt 0.863084 0.457237
vt 0.870513 0.456509
vt 0.806287 0.407576
vt 0.807752 0.403822
vt 0.814911 0.408467
vt 0.840564 0.466253
vt 0.816104 0.401461
vt 0.825025 0.406569
vt 0.819047 0.406940
vt 0.816539 0.443813
vt 0.823005 0.440450
vt 0.821611 0.445624
vt 0.822316 0.385763
vt 0.813008 0.455382
vt 0.806491 0.398313
vt 0.843123 0.446369
vt 0.825794 0.462258
vt 0.832752 0.464484
vt 0.831576 0.403742
vt 0.831678 0.424707
vt 0.838575 0.410480
vt 0.841146 0.431260
vt 0.848175 0.431570
vt 0.811460 0.439049
vt 0.809487 0.431265
vt 0.857089 0.437818
vt 0.865508 0.435351
vt 0.865845 0.442595
vt 0.871960 0.400131
vt 0.833442 0.443496
vt 0.879133 0.386629
vt 0.877661 0.392592
vt 0.874502 0.389762
vt 0.828146 0.394557
vt 0.872285 0.425029
vt 0.863900 0.426925
vt 0.866489 0.418841
vt 0.876500 0.431634
vt 0.871352 0.392755
vt 0.876147 0.395486
vt 0.836869 0.434766
vt 0.827985 0.433785
vt 0.829932 0.429035
vt 0.882728 0.400602
vt 0.878258 0.420545
vt 0.824893 0.414098
vt 0.813478 0.413342
vt 0.822676 0.455141
vt 0.821818 0.458757
vt 0.873958 0.413362
vt 0.852458 0.478106
vt 0.831939 0.469360
vt 0.860892 0.448380
vt 0.865762 0.393555
vt 0.812911 0.403866
vt 0.860233 0.395990
vt 0.867006 0.470262
vt 0.792315 0.402289
vt 0.879816 0.408258
vt 0.843325 0.372552
vt 0.801567 0.402378
vt 0.802495 0.399726
vt 0.817215 0.456684
vt 0.817557 0.454577
vt 0.835959 0.393093
vt 0.855093 0.376257
vt 0.855738 0.430068
vt 0.838479 0.462927
vt 0.821101 0.418922
vt 0.794914 0.396703
vt 0.796976 0.392708
vt 0.848336 0.440121
vt 0.792107 0.449320
vt 0.871219 0.382187
vt 0.799592 0.387171
vt 0.805277 0.441213
vt 0.787971 0.432346
vt 0.845009 0.479207
vt 0.876122 0.468072
vt 0.808153 0.456318
vt 0.864325 0.385065
vt 0.860537 0.376754
vt 0.857852 0.484133
vt 0.761095 0.578036
vt 0.765554 0.572887
vt 0.765517 0.580683
vt 0.763947 0.590614
vt 0.766307 0.598882
vt 0.759849 0.600288
vt 0.756628 0.610336
vt 0.764075 0.611058
vt 0.763916 0.619834
vt 0.783454 0.567953
vt 0.778912 0.568876
vt 0.780995 0.561483
vt 0.759703 0.570788
vt 0.752330 0.581423
vt 0.786935 0.569800
vt 0.786427 0.564953
vt 0.762772 0.603686
vt 0.765119 0.562656
vt 0.771397 0.562910
vt 0.766333 0.566401
vt 0.774961 0.579870
vt 0.770927 0.575852
vt 0.775425 0.572441
vt 0.770486 0.585030
vt 0.784514 0.561019
vt 0.782305 0.554852
vt 0.787717 0.559188
vt 0.789532 0.553979
vt 0.792055 0.557930
vt 0.799941 0.554482
vt 0.794531 0.548816
vt 0.798181 0.548599
vt 0.761108 0.606446
vt 0.790630 0.551831
vt 0.792593 0.550522
vt 0.794104 0.554742
vt 0.769417 0.568760
vt 0.772288 0.568486
vt 0.776366 0.564969
vt 0.752547 0.600082
vt 0.756468 0.591302
vt 0.786815 0.552940
vt 0.777188 0.557876
vt 0.769230 0.556646
vt 0.759871 0.584412
vt 0.778391 0.551983
vt 0.766362 0.605483
vt 0.777663 0.578555
vt 0.769718 0.593114
vt 0.779092 0.564678
vt 0.787534 0.549191
vt 0.783278 0.548298
vt 0.773579 0.548462
vt 0.783323 0.543991
vt 0.789915 0.546743
vt 0.791576 0.543513
vt 0.786229 0.538370
vt 0.774102 0.544616
vt 0.775847 0.540941
vt 0.797459 0.544177
vt 0.794544 0.539219
vt 0.883879 0.738904
vt 0.882410 0.743394
vt 0.879775 0.737308
vt 0.877661 0.730962
vt 0.874389 0.730164
vt 0.875187 0.722844
vt 0.885571 0.726921
vt 0.887427 0.728665
vt 0.887059 0.732290
vt 0.882674 0.733367
vt 0.874876 0.744294
vt 0.874906 0.741241
vt 0.877905 0.742279
vt 0.868704 0.753788
vt 0.866530 0.749932
vt 0.867669 0.747870
vt 0.864589 0.752498
vt 0.864386 0.749038
vt 0.884712 0.742661
vt 0.875999 0.752114
vt 0.881397 0.751731
vt 0.879967 0.756740
vt 0.883737 0.729167
vt 0.881410 0.723408
vt 0.867098 0.744617
vt 0.869888 0.747055
vt 0.873079 0.727616
vt 0.872386 0.724967
vt 0.859326 0.742839
vt 0.855157 0.742387
vt 0.858627 0.739809
vt 0.861012 0.746352
vt 0.858023 0.744708
vt 0.863399 0.744088
vt 0.890894 0.719472
vt 0.891026 0.716049
vt 0.893637 0.717861
vt 0.870963 0.727790
vt 0.865320 0.739754
vt 0.867590 0.737228
vt 0.868265 0.742013
vt 0.870925 0.744004
vt 0.873177 0.746910
vt 0.875186 0.735845
vt 0.871845 0.731645
vt 0.864861 0.741594
vt 0.879827 0.727463
vt 0.865864 0.734610
vt 0.864103 0.736918
vt 0.872498 0.738524
vt 0.862507 0.738912
vt 0.870445 0.736077
vt 0.870444 0.740021
vt 0.887848 0.726294
vt 0.872707 0.742508
vt 0.868451 0.728975
vt 0.868154 0.732738
vt 0.866477 0.728912
vt 0.865338 0.746697
vt 0.877114 0.747638
vt 0.869925 0.730977
vt 0.880033 0.717879
vt 0.888111 0.715776
vt 0.889099 0.713610
vt 0.889457 0.716839
vt 0.867160 0.778627
vt 0.868052 0.767213
vt 0.874306 0.769355
vt 0.861780 0.741172
vt 0.879246 0.763420
vt 0.872935 0.764166
vt 0.872856 0.758443
vt 0.865190 0.762885
vt 0.884756 0.720606
vt 0.882698 0.718926
vt 0.872116 0.751515
vt 0.887815 0.719153
vt 0.859580 0.758061
vt 0.861283 0.750672
vt 0.876635 0.774976
vt 0.880541 0.747286
vt 0.885851 0.745363
vt 0.885006 0.748432
vt 0.887761 0.747405
vt 0.856122 0.743891
vt 0.884967 0.759979
vt 0.887330 0.749375
vt 0.886859 0.751710
vt 0.890152 0.749562
vt 0.892044 0.753715
vt 0.886363 0.715679
vt 0.891838 0.731395
vt 0.889074 0.732827
vt 0.888821 0.730219
vt 0.898814 0.756719
vt 0.895532 0.757022
vt 0.896967 0.753570
vt 0.896773 0.760062
vt 0.888494 0.723587
vt 0.892041 0.759332
vt 0.886585 0.755772
vt 0.892133 0.727707
vt 0.891171 0.723220
vt 0.898480 0.721056
vt 0.901581 0.722702
vt 0.896243 0.724243
vt 0.882622 0.771485
vt 0.867351 0.793477
vt 0.881294 0.792765
vt 0.896899 0.763032
vt 0.876353 0.807408
vt 0.909517 0.762748
vt 0.915713 0.759910
vt 0.914095 0.767059
vt 0.900252 0.760728
vt 0.902724 0.756428
vt 0.903277 0.762389
vt 0.889758 0.765937
vt 0.882452 0.780437
vt 0.919957 0.763439
vt 0.891416 0.810195
vt 0.896345 0.795144
vt 0.899224 0.769258
vt 0.914642 0.773730
vt 0.910470 0.774630
vt 0.911593 0.771651
vt 0.907211 0.769367
vt 0.906455 0.788621
vt 0.904253 0.794625
vt 0.904458 0.776565
vt 0.916083 0.776333
vt 0.915114 0.777314
vt 0.912272 0.781252
vt 0.893708 0.777251
vt 0.892708 0.786971
vt 0.906862 0.751602
vt 0.905819 0.756476
vt 0.906046 0.794891
vt 0.911166 0.796366
vt 0.919788 0.774858
vt 0.904886 0.758624
vt 0.917515 0.791920
vt 0.922308 0.782815
vt 0.894164 0.721495
vt 0.903542 0.801704
vt 0.900587 0.752539
vt 0.904256 0.750111
vt 0.910083 0.727658
vt 0.908189 0.733074
vt 0.905953 0.730096
vt 0.902449 0.747533
vt 0.908720 0.755285
vt 0.898677 0.726639
vt 0.896053 0.745130
vt 0.898131 0.741564
vt 0.899150 0.745800
vt 0.905527 0.725669
vt 0.893568 0.733265
vt 0.897445 0.730489
vt 0.896479 0.736286
vt 0.900680 0.747604
vt 0.902408 0.741131
vt 0.901328 0.732442
vt 0.903548 0.734593
vt 0.892516 0.737616
vt 0.890025 0.744718
vt 0.889980 0.739880
vt 0.892453 0.742831
vt 0.905482 0.744642
vt 0.893538 0.748487
vt 0.885847 0.736416
vt 0.909330 0.738337
vt 0.912051 0.733297
vt 0.899980 0.736984
vt 0.887201 0.741044
vt 0.897618 0.749444
vt 0.890781 0.734857
vt 0.889364 0.735502
vt 0.894502 0.741035
vt 0.912314 0.750255
vt 0.908638 0.752893
vt 0.887990 0.737265
vt 0.908050 0.758593
vt 0.912238 0.757920
vt 0.913266 0.753079
vt 0.911730 0.747302
vt 0.909407 0.744634
vt 0.192658 0.329630
vt 0.199245 0.333402
vt 0.187706 0.335590
vt 0.181288 0.359710
vt 0.187101 0.350606
vt 0.189399 0.357270
vt 0.219602 0.330266
vt 0.216364 0.335501
vt 0.213386 0.332498
vt 0.181742 0.375532
vt 0.185585 0.365429
vt 0.193407 0.367615
vt 0.183326 0.343411
vt 0.180198 0.339475
vt 0.192347 0.323612
vt 0.201078 0.325123
vt 0.224396 0.334405
vt 0.221040 0.338681
vt 0.184731 0.329745
vt 0.170372 0.340010
vt 0.179988 0.335875
vt 0.193088 0.346147
vt 0.195062 0.351602
vt 0.280183 0.408852
vt 0.276061 0.405108
vt 0.284617 0.404726
vt 0.275550 0.410873
vt 0.262115 0.422597
vt 0.251028 0.423720
vt 0.260052 0.418584
vt 0.252773 0.417109
vt 0.270132 0.409566
vt 0.267107 0.405714
vt 0.258585 0.409806
vt 0.265561 0.413875
vt 0.270566 0.399638
vt 0.269813 0.392070
vt 0.276287 0.393103
vt 0.262903 0.396559
vt 0.263718 0.388680
vt 0.259708 0.403311
vt 0.257521 0.394701
vt 0.253649 0.389182
vt 0.249306 0.397720
vt 0.255896 0.399653
vt 0.246105 0.392857
vt 0.248799 0.404024
vt 0.238875 0.404079
vt 0.240022 0.412247
vt 0.245573 0.386503
vt 0.251218 0.380708
vt 0.233309 0.411557
vt 0.224948 0.408775
vt 0.240364 0.390613
vt 0.240574 0.396750
vt 0.233275 0.399602
vt 0.237170 0.383893
vt 0.243494 0.379228
vt 0.233226 0.391743
vt 0.229825 0.384191
vt 0.230831 0.378430
vt 0.225147 0.389254
vt 0.226524 0.397723
vt 0.223023 0.379351
vt 0.202997 0.339793
vt 0.193595 0.340689
vt 0.218955 0.395341
vt 0.216705 0.388777
vt 0.208979 0.398088
vt 0.206134 0.390213
vt 0.214685 0.382273
vt 0.209437 0.379703
vt 0.189765 0.344942
vt 0.250304 0.408150
vt 0.279884 0.398994
vt 0.199757 0.387304
vt 0.203141 0.378237
vt 0.208982 0.335006
vt 0.162467 0.354736
vt 0.175836 0.351924
vt 0.192970 0.384348
vt 0.162689 0.325996
vt 0.164419 0.318182
vt 0.169446 0.321949
vt 0.173467 0.370730
vt 0.176861 0.331672
vt 0.263616 0.419122
vt 0.245434 0.415184
vt 0.203824 0.362002
vt 0.200199 0.372202
vt 0.264951 0.417236
vt 0.195649 0.359374
vt 0.199063 0.345547
vt 0.158582 0.348333
vt 0.158918 0.339114
vt 0.151565 0.335114
vt 0.154513 0.324713
vt 0.157734 0.331974
vt 0.210308 0.328954
vt 0.188988 0.377186
vt 0.213266 0.341949
vt 0.218389 0.402732
vt 0.205828 0.345928
vt 0.202331 0.352093
vt 0.211015 0.351797
vt 0.172668 0.363215
vt 0.222810 0.370812
vt 0.229268 0.372462
vt 0.140673 0.333468
vt 0.139198 0.323161
vt 0.148573 0.323802
vt 0.163387 0.332827
vt 0.170352 0.329027
vt 0.181047 0.322066
vt 0.165997 0.361379
vt 0.179255 0.372137
vt 0.218191 0.347794
vt 0.219325 0.354440
vt 0.219083 0.364676
vt 0.209640 0.370014
vt 0.212988 0.360590
vt 0.223636 0.343680
vt 0.216242 0.374254
vt 0.271024 0.415298
vt 0.272429 0.413199
vt 0.268093 0.417491
vt 0.227579 0.338252
vt 0.222792 0.348547
vt 0.231707 0.334307
vt 0.210310 0.319867
vt 0.200352 0.315475
vt 0.209327 0.310348
vt 0.279754 0.327300
vt 0.277023 0.328520
vt 0.277883 0.324496
vt 0.283121 0.325843
vt 0.281945 0.330631
vt 0.281571 0.335836
vt 0.281592 0.341733
vt 0.273947 0.337599
vt 0.272599 0.330383
vt 0.272655 0.324682
vt 0.287541 0.334487
vt 0.289288 0.328485
vt 0.296420 0.331375
vt 0.274858 0.320237
vt 0.282850 0.320498
vt 0.266292 0.332672
vt 0.268402 0.326468
vt 0.290062 0.322287
vt 0.296464 0.325668
vt 0.298103 0.318810
vt 0.277408 0.332926
vt 0.234627 0.340647
vt 0.292485 0.310404
vt 0.234518 0.367957
vt 0.242386 0.367051
vt 0.237235 0.374555
vt 0.302303 0.349606
vt 0.302763 0.352308
vt 0.299188 0.349136
vt 0.302766 0.347689
vt 0.304272 0.357515
vt 0.307777 0.353840
vt 0.312072 0.358492
vt 0.193184 0.317370
vt 0.281071 0.378227
vt 0.288852 0.378120
vt 0.285308 0.384977
vt 0.308690 0.364321
vt 0.295060 0.349970
vt 0.295353 0.355604
vt 0.275125 0.374166
vt 0.275622 0.379569
vt 0.273766 0.387939
vt 0.273500 0.383359
vt 0.278798 0.385347
vt 0.304661 0.368770
vt 0.300156 0.365943
vt 0.292655 0.369439
vt 0.282141 0.370498
vt 0.270129 0.386027
vt 0.248086 0.373567
vt 0.254915 0.372988
vt 0.265520 0.353631
vt 0.258348 0.354605
vt 0.263680 0.349082
vt 0.267753 0.371488
vt 0.269484 0.379876
vt 0.260684 0.378817
vt 0.236120 0.362516
vt 0.240934 0.358106
vt 0.292833 0.394564
vt 0.285545 0.398002
vt 0.283809 0.392105
vt 0.249281 0.358515
vt 0.251217 0.348291
vt 0.284788 0.363700
vt 0.293426 0.362152
vt 0.300202 0.361035
vt 0.274338 0.368550
vt 0.277353 0.365090
vt 0.257571 0.364313
vt 0.250514 0.367260
vt 0.290034 0.386374
vt 0.293847 0.382186
vt 0.295290 0.387903
vt 0.228591 0.364105
vt 0.233555 0.356920
vt 0.226019 0.357498
vt 0.229269 0.349771
vt 0.270721 0.363774
vt 0.270912 0.356366
vt 0.264423 0.359957
vt 0.261118 0.370912
vt 0.242735 0.373915
vt 0.258639 0.347313
vt 0.263892 0.342018
vt 0.273207 0.347507
vt 0.287479 0.352400
vt 0.291719 0.351772
vt 0.258857 0.335889
vt 0.234122 0.310080
vt 0.229725 0.317081
vt 0.225961 0.313196
vt 0.277878 0.359722
vt 0.282541 0.347968
vt 0.279342 0.353187
vt 0.229271 0.328885
vt 0.222505 0.323152
vt 0.235456 0.322265
vt 0.289435 0.348982
vt 0.287387 0.345182
vt 0.256998 0.329298
vt 0.285899 0.357644
vt 0.219282 0.314677
vt 0.269340 0.316775
vt 0.244915 0.320883
vt 0.240826 0.330540
vt 0.253836 0.320661
vt 0.262086 0.324902
vt 0.291994 0.345505
vt 0.260070 0.318633
vt 0.262025 0.314173
vt 0.254814 0.311009
vt 0.241216 0.313703
vt 0.247767 0.314463
vt 0.296060 0.376302
vt 0.251213 0.333856
vt 0.249673 0.326729
vt 0.240969 0.349849
vt 0.300258 0.371309
vt 0.302296 0.376744
vt 0.299574 0.378478
vt 0.300281 0.375270
vt 0.310069 0.369451
vt 0.289196 0.400781
vt 0.246213 0.340411
vt 0.263805 0.365813
vt 0.255268 0.341073
vt 0.287587 0.389768
vt 0.306500 0.373927
vt 0.151124 0.347351
vt 0.297775 0.382626
vt 0.286590 0.341561
vt 0.298244 0.344619
vt 0.309284 0.343807
vt 0.289867 0.341678
vt 0.288455 0.338810
vt 0.292551 0.336998
vt 0.294185 0.341158
vt 0.301176 0.337252
vt 0.285305 0.338168
vt 0.302481 0.327388
vt 0.304203 0.331795
vt 0.310846 0.332448
vt 0.174249 0.317141
vt 0.311212 0.336595
vt 0.793518 0.694188
vt 0.796366 0.696238
vt 0.792217 0.697307
vt 0.790700 0.695409
vt 0.792326 0.691989
vt 0.789940 0.692273
vt 0.791844 0.688127
vt 0.788507 0.678788
vt 0.782192 0.679421
vt 0.785351 0.676776
vt 0.789109 0.682754
vt 0.799209 0.691701
vt 0.797319 0.691666
vt 0.796916 0.688616
vt 0.782303 0.674608
vt 0.777801 0.675040
vt 0.778935 0.672576
vt 0.786295 0.688539
vt 0.794927 0.691792
vt 0.776177 0.672958
vt 0.776224 0.670888
vt 0.794124 0.684636
vt 0.797740 0.693964
vt 0.788100 0.685545
vt 0.781684 0.676659
vt 0.227612 0.605308
vt 0.226799 0.600876
vt 0.231920 0.605851
vt 0.219252 0.543766
vt 0.215801 0.545428
vt 0.216912 0.543000
vt 0.220075 0.642392
vt 0.217668 0.633102
vt 0.224678 0.634000
vt 0.224113 0.623062
vt 0.225436 0.614121
vt 0.229765 0.617929
vt 0.223050 0.595323
vt 0.224474 0.597047
vt 0.223863 0.602277
vt 0.230717 0.643244
vt 0.225198 0.649719
vt 0.225129 0.642371
vt 0.232831 0.616465
vt 0.230748 0.615021
vt 0.231547 0.612448
vt 0.236281 0.621213
vt 0.181197 0.655796
vt 0.182979 0.661392
vt 0.174548 0.658835
vt 0.190734 0.662469
vt 0.183739 0.666231
vt 0.190097 0.687934
vt 0.177377 0.681102
vt 0.184657 0.674769
vt 0.190586 0.655031
vt 0.194726 0.650118
vt 0.200937 0.656180
vt 0.227764 0.611320
vt 0.229158 0.614039
vt 0.237116 0.630136
vt 0.239003 0.640090
vt 0.232488 0.635874
vt 0.227040 0.608203
vt 0.224873 0.579850
vt 0.223840 0.579291
vt 0.226960 0.572237
vt 0.174677 0.700237
vt 0.164484 0.692003
vt 0.174704 0.689679
vt 0.229648 0.629505
vt 0.235495 0.616038
vt 0.247925 0.616101
vt 0.242518 0.615780
vt 0.241982 0.612599
vt 0.240436 0.618087
vt 0.236703 0.612407
vt 0.219769 0.628547
vt 0.231589 0.653966
vt 0.229511 0.662072
vt 0.212639 0.540465
vt 0.215378 0.541883
vt 0.212456 0.543457
vt 0.233214 0.551912
vt 0.235364 0.547839
vt 0.235771 0.551657
vt 0.237829 0.650088
vt 0.232427 0.557456
vt 0.221072 0.602602
vt 0.220896 0.609453
vt 0.218171 0.603404
vt 0.231016 0.608778
vt 0.245089 0.625653
vt 0.218623 0.616377
vt 0.212840 0.626474
vt 0.218935 0.599449
vt 0.219989 0.597307
vt 0.246865 0.619928
vt 0.231293 0.537517
vt 0.234918 0.533980
vt 0.235224 0.539438
vt 0.255616 0.621946
vt 0.231169 0.555536
vt 0.231246 0.552028
vt 0.223681 0.591804
vt 0.226375 0.592546
vt 0.228089 0.596723
vt 0.225693 0.594969
vt 0.246092 0.635251
vt 0.257622 0.632399
vt 0.223412 0.533918
vt 0.220760 0.530802
vt 0.224405 0.530161
vt 0.211620 0.609890
vt 0.215891 0.609756
vt 0.211893 0.615336
vt 0.252406 0.625032
vt 0.230745 0.601879
vt 0.217921 0.599350
vt 0.230058 0.551194
vt 0.230488 0.553986
vt 0.228250 0.552754
vt 0.216404 0.531922
vt 0.217372 0.527032
vt 0.228604 0.564120
vt 0.230606 0.564275
vt 0.217185 0.602274
vt 0.228202 0.555706
vt 0.227018 0.550844
vt 0.228785 0.549534
vt 0.218419 0.539822
vt 0.221288 0.541345
vt 0.240190 0.550747
vt 0.244268 0.548487
vt 0.243282 0.552343
vt 0.219081 0.596344
vt 0.191361 0.703033
vt 0.188408 0.713361
vt 0.214253 0.665218
vt 0.214944 0.650745
vt 0.222853 0.664344
vt 0.219041 0.591656
vt 0.217057 0.595647
vt 0.213999 0.603421
vt 0.208406 0.696680
vt 0.222918 0.526504
vt 0.225093 0.551909
vt 0.225932 0.549132
vt 0.226642 0.527398
vt 0.278519 0.626071
vt 0.275984 0.622241
vt 0.286527 0.623229
vt 0.227489 0.568923
vt 0.213487 0.531427
vt 0.213518 0.533866
vt 0.210932 0.532711
vt 0.203881 0.663955
vt 0.197388 0.661346
vt 0.300539 0.622600
vt 0.305306 0.615073
vt 0.304589 0.618124
vt 0.210066 0.678491
vt 0.223139 0.690314
vt 0.239789 0.538361
vt 0.238111 0.543917
vt 0.225888 0.570379
vt 0.226799 0.566738
vt 0.211977 0.536284
vt 0.224122 0.547500
vt 0.222068 0.548746
vt 0.221464 0.546223
vt 0.217790 0.590397
vt 0.219339 0.585890
vt 0.232686 0.547241
vt 0.232004 0.549389
vt 0.221605 0.582380
vt 0.224367 0.575368
vt 0.228482 0.532615
vt 0.225954 0.557046
vt 0.224360 0.555144
vt 0.226654 0.554516
vt 0.215678 0.537030
vt 0.219472 0.535071
vt 0.221488 0.552504
vt 0.227166 0.563972
vt 0.225441 0.567333
vt 0.225288 0.564872
vt 0.223450 0.606540
vt 0.229787 0.569437
vt 0.226919 0.575530
vt 0.219140 0.547696
vt 0.221585 0.522444
vt 0.250427 0.550016
vt 0.228147 0.558394
vt 0.226785 0.561617
vt 0.225762 0.559426
vt 0.212419 0.638851
vt 0.223417 0.583241
vt 0.222017 0.584481
vt 0.235620 0.556305
vt 0.238016 0.557489
vt 0.234971 0.562170
vt 0.205189 0.610021
vt 0.197408 0.600905
vt 0.206545 0.600098
vt 0.220018 0.586994
vt 0.204344 0.582671
vt 0.206975 0.574473
vt 0.214844 0.579228
vt 0.227150 0.557692
vt 0.225567 0.569759
vt 0.223986 0.570798
vt 0.223208 0.575563
vt 0.221172 0.580585
vt 0.220532 0.578273
vt 0.201190 0.591733
vt 0.208419 0.593775
vt 0.217496 0.584901
vt 0.184111 0.599571
vt 0.188074 0.589625
vt 0.198108 0.573269
vt 0.196196 0.563526
vt 0.167992 0.682121
vt 0.170149 0.672688
vt 0.212968 0.589640
vt 0.212695 0.596855
vt 0.216316 0.566914
vt 0.197186 0.616293
vt 0.195101 0.607904
vt 0.239935 0.552289
vt 0.238837 0.553464
vt 0.214499 0.530037
vt 0.210417 0.528756
vt 0.225041 0.602433
vt 0.225957 0.581622
vt 0.224597 0.586943
vt 0.220325 0.591105
vt 0.191942 0.578796
vt 0.226770 0.538175
vt 0.215760 0.591760
vt 0.199286 0.639603
vt 0.204126 0.646823
vt 0.193736 0.643934
vt 0.221816 0.558122
vt 0.223452 0.563196
vt 0.222057 0.537954
vt 0.206674 0.566743
vt 0.209281 0.560887
vt 0.233453 0.559219
vt 0.232089 0.543426
vt 0.200233 0.555705
vt 0.205049 0.547603
vt 0.221800 0.589642
vt 0.222906 0.586814
vt 0.208393 0.588226
vt 0.303902 0.628460
vt 0.229129 0.560206
vt 0.220812 0.652061
vt 0.214825 0.554923
vt 0.210931 0.524317
vt 0.201370 0.669693
vt 0.300731 0.616330
vt 0.305714 0.611164
vt 0.221627 0.596131
vt 0.221384 0.544258
vt 0.224127 0.545708
vt 0.172102 0.713086
vt 0.172420 0.706151
vt 0.192031 0.670192
vt 0.184218 0.645169
vt 0.209562 0.687312
vt 0.230263 0.546784
vt 0.223559 0.573147
vt 0.220845 0.586451
vt 0.187118 0.611953
vt 0.182277 0.650218
vt 0.196239 0.623741
vt 0.188957 0.620223
vt 0.200874 0.678659
vt 0.226170 0.521388
vt 0.216830 0.549651
vt 0.193438 0.636921
vt 0.211121 0.548081
vt 0.228721 0.545036
vt 0.227901 0.546974
vt 0.226890 0.544978
vt 0.231635 0.568263
vt 0.188556 0.628273
vt 0.183878 0.635347
vt 0.225683 0.541715
vt 0.225555 0.543972
vt 0.223622 0.542824
vt 0.221360 0.574301
vt 0.200226 0.630861
vt 0.250929 0.544480
vt 0.254220 0.536938
vt 0.253631 0.539696
vt 0.250969 0.537882
vt 0.221952 0.569532
vt 0.252177 0.535101
vt 0.226739 0.589287
vt 0.247497 0.541474
vt 0.248958 0.539327
vt 0.238711 0.548421
vt 0.246483 0.537116
vt 0.231265 0.527029
vt 0.237017 0.528461
vt 0.208964 0.656413
vt 0.250036 0.535822
vt 0.248848 0.533558
vt 0.234676 0.524416
vt 0.239003 0.527275
vt 0.237786 0.524788
vt 0.224853 0.609856
vt 0.243807 0.544940
vt 0.204239 0.620751
vt 0.205591 0.636444
vt 0.246348 0.532877
vt 0.207814 0.663000
vt 0.243104 0.541155
vt 0.241459 0.532586
vt 0.234726 0.684930
vt 0.223745 0.540089
vt 0.244506 0.529136
vt 0.162091 0.702611
vt 0.163125 0.717724
vt 0.240450 0.528968
vt 0.242097 0.529721
vt 0.242455 0.527915
vt 0.237303 0.663500
vt 0.246302 0.659976
vt 0.240749 0.525913
vt 0.227654 0.543072
vt 0.245481 0.682595
vt 0.226008 0.546432
vt 0.248872 0.644328
vt 0.266709 0.647905
vt 0.262584 0.661295
vt 0.257556 0.641447
vt 0.174761 0.666629
vt 0.257222 0.626571
vt 0.278316 0.638880
vt 0.277163 0.631648
vt 0.253264 0.669660
vt 0.263131 0.627441
vt 0.270646 0.624447
vt 0.231590 0.624192
vt 0.629813 0.750811
vt 0.625926 0.743520
vt 0.631431 0.746467
vt 0.655531 0.753769
vt 0.655551 0.750821
vt 0.661339 0.755737
vt 0.640331 0.739287
vt 0.639040 0.742204
vt 0.637313 0.739963
vt 0.634678 0.741126
vt 0.635667 0.737263
vt 0.629336 0.740412
vt 0.649103 0.754722
vt 0.645180 0.754696
vt 0.648901 0.749504
vt 0.639446 0.747915
vt 0.636941 0.748436
vt 0.637507 0.746615
vt 0.635312 0.747987
vt 0.636267 0.744356
vt 0.653110 0.747160
vt 0.660387 0.745893
vt 0.632589 0.737806
vt 0.641601 0.743958
vt 0.642479 0.745726
vt 0.644399 0.745481
vt 0.641815 0.746724
vt 0.644069 0.747777
vt 0.646289 0.747860
vt 0.648524 0.746532
vt 0.639286 0.751002
vt 0.641839 0.748766
vt 0.639197 0.735353
vt 0.637755 0.735621
vt 0.638021 0.735301
vt 0.633491 0.747617
vt 0.633252 0.743723
vt 0.643436 0.742044
vt 0.646628 0.743698
vt 0.658797 0.757596
vt 0.653496 0.758434
vt 0.643925 0.750680
vt 0.637845 0.737190
vt 0.639078 0.736550
vt 0.623314 0.749250
vt 0.640260 0.736565
vt 0.639432 0.744968
vt 0.664423 0.752740
vt 0.667060 0.761608
vt 0.663961 0.762902
vt 0.666943 0.765905
vt 0.662793 0.766167
vt 0.672227 0.759543
vt 0.670393 0.766366
vt 0.671179 0.764446
vt 0.673797 0.764988
vt 0.675461 0.763226
vt 0.675554 0.767072
vt 0.662615 0.760469
vt 0.660074 0.763885
vt 0.668165 0.764338
vt 0.672686 0.766409
vt 0.672290 0.767901
vt 0.679038 0.761806
vt 0.672971 0.767878
vt 0.649515 0.745406
vt 0.686485 0.761381
vt 0.687670 0.764937
vt 0.682310 0.764078
vt 0.684897 0.768297
vt 0.683957 0.771649
vt 0.680042 0.767271
vt 0.684999 0.752940
vt 0.681953 0.756127
vt 0.682174 0.751851
vt 0.699475 0.760354
vt 0.695324 0.760725
vt 0.695294 0.757562
vt 0.695781 0.754148
vt 0.693274 0.754765
vt 0.693509 0.749685
vt 0.691715 0.761963
vt 0.691869 0.757706
vt 0.677991 0.757805
vt 0.681533 0.760233
vt 0.677385 0.755544
vt 0.671209 0.755457
vt 0.678375 0.753075
vt 0.683522 0.741899
vt 0.683855 0.744744
vt 0.681258 0.742664
vt 0.684913 0.759256
vt 0.691491 0.749902
vt 0.691520 0.752685
vt 0.689190 0.751069
vt 0.689816 0.754247
vt 0.687581 0.758050
vt 0.680092 0.746943
vt 0.685815 0.754670
vt 0.691668 0.746283
vt 0.689555 0.747501
vt 0.687903 0.748228
vt 0.670752 0.747487
vt 0.686160 0.750314
vt 0.682228 0.750524
vt 0.687393 0.745311
vt 0.685903 0.742885
vt 0.685186 0.746878
vt 0.682152 0.772656
vt 0.000000 0.000000
vt 0.954045 0.310924
vt 0.954308 0.312430
s 0
usemtl Material_0
f 256/1/1 257/2/1 242/3/1
f 259/4/2 263/5/2 262/6/2
f 237/7/3 240/8/3 234/9/3
f 250/10/4 254/11/4 253/12/4
f 235/13/5 253/12/5 244/14/5
f 247/15/6 251/16/6 250/10/6
f 252/17/7 264/18/7 254/11/7
f 240/8/8 237/7/8 239/19/8
f 239/19/9 254/11/9 251/16/9
f 272/20/10 273/21/10 269/22/10
f 256/1/11 241/23/11 233/24/11
f 253/12/12 235/13/12 250/10/12
f 358/25/13 376/26/13 352/27/13
f 346/28/14 15/29/14 345/30/14
f 262/6/15 274/31/15 275/32/15
f 253/12/16 265/33/16 259/4/16
f 259/4/17 267/34/17 258/35/17
f 247/15/18 249/36/18 240/8/18
f 254/11/19 239/19/19 252/17/19
f 241/23/20 256/1/20 242/3/20
f 259/4/21 265/33/21 263/5/21
f 255/37/22 252/17/22 257/2/22
f 271/38/23 258/35/23 267/34/23
f 258/35/24 271/38/24 272/20/24
f 260/39/25 262/6/25 261/40/25
f 267/34/26 259/4/26 275/32/26
f 268/41/27 275/32/27 276/42/27
f 264/18/28 252/17/28 255/37/28
f 249/36/29 247/15/29 245/43/29
f 262/6/30 260/39/30 274/31/30
f 243/44/31 241/23/31 242/3/31
f 251/16/32 254/11/32 250/10/32
f 275/32/33 259/4/33 262/6/33
f 254/11/34 265/33/34 253/12/34
f 265/33/35 264/18/35 263/5/35
f 262/6/36 263/5/36 261/40/36
f 244/14/37 259/4/37 258/35/37
f 270/45/38 269/22/38 273/21/38
f 268/41/39 266/46/39 267/34/39
f 369/47/40 355/48/40 277/49/40
f 277/49/41 279/50/41 369/47/41
f 273/21/42 272/20/42 271/38/42
f 299/51/43 302/52/43 300/53/43
f 369/47/44 279/50/44 283/54/44
f 271/38/45 267/34/45 266/46/45
f 257/2/46 256/1/46 255/37/46
f 254/11/47 264/18/47 265/33/47
f 275/32/48 268/41/48 267/34/48
f 243/44/49 242/3/49 257/2/49
f 282/55/50 291/56/50 306/57/50
f 311/58/51 315/59/51 306/57/51
f 309/60/52 292/61/52 318/62/52
f 307/63/53 316/64/53 305/65/53
f 283/54/54 368/66/54 369/47/54
f 355/48/55 280/67/55 277/49/55
f 315/59/56 282/55/56 306/57/56
f 276/42/57 275/32/57 274/31/57
f 273/21/58 271/38/58 266/46/58
f 321/68/59 355/48/59 297/69/59
f 318/62/60 316/64/60 309/60/60
f 300/53/61 303/70/61 287/71/61
f 306/57/62 291/56/62 309/60/62
f 303/70/63 300/53/63 302/52/63
f 290/72/64 282/55/64 289/73/64
f 283/54/65 279/50/65 324/74/65
f 322/75/66 280/67/66 355/48/66
f 324/74/67 325/76/67 320/77/67
f 287/71/68 286/78/68 285/79/68
f 293/80/69 322/75/69 288/81/69
f 317/82/70 302/52/70 316/64/70
f 305/65/71 311/58/71 307/63/71
f 318/62/72 317/82/72 316/64/72
f 325/76/73 324/74/73 323/83/73
f 320/77/74 325/76/74 319/84/74
f 286/78/75 296/85/75 285/79/75
f 312/86/76 325/76/76 301/87/76
f 43/88/77 27/89/77 11/90/77
f 299/51/78 305/65/78 316/64/78
f 282/55/79 301/87/79 289/73/79
f 301/87/80 323/83/80 289/73/80
f 28/91/81 29/92/81 3/93/81
f 8/94/82 14/95/82 12/96/82
f 23/97/83 9/98/83 22/99/83
f 285/79/84 296/85/84 294/100/84
f 368/66/85 298/101/85 355/48/85
f 307/63/86 309/60/86 316/64/86
f 18/102/87 17/103/87 35/104/87
f 324/74/88 320/77/88 283/54/88
f 284/105/89 296/85/89 286/78/89
f 26/106/90 27/89/90 10/107/90
f 315/59/91 313/108/91 312/86/91
f 304/109/92 303/70/92 302/52/92
f 302/52/93 317/82/93 304/109/93
f 25/110/94 8/94/94 12/96/94
f 318/62/95 304/109/95 317/82/95
f 292/61/96 291/56/96 290/72/96
f 7/111/97 25/110/97 6/112/97
f 302/52/98 299/51/98 316/64/98
f 8/94/99 37/113/99 14/95/99
f 14/95/100 37/113/100 38/114/100
f 10/107/101 6/112/101 26/106/101
f 10/107/102 20/115/102 5/116/102
f 281/117/103 296/85/103 284/105/103
f 379/118/104 378/119/104 34/120/104
f 17/103/105 18/102/105 41/121/105
f 315/59/106 314/122/106 313/108/106
f 322/75/107 321/68/107 288/81/107
f 322/75/108 355/48/108 321/68/108
f 292/61/109 309/60/109 291/56/109
f 312/86/110 319/84/110 325/76/110
f 282/55/111 315/59/111 301/87/111
f 286/78/112 287/71/112 284/105/112
f 283/54/113 320/77/113 368/66/113
f 300/53/114 314/122/114 299/51/114
f 36/123/115 34/120/115 38/114/115
f 37/113/116 379/118/116 36/123/116
f 296/85/117 295/124/117 294/100/117
f 369/47/118 368/66/118 355/48/118
f 314/122/119 311/58/119 305/65/119
f 309/60/120 307/63/120 306/57/120
f 315/59/121 311/58/121 314/122/121
f 290/72/122 291/56/122 282/55/122
f 3/93/123 41/121/123 39/125/123
f 287/71/124 303/70/124 284/105/124
f 355/48/125 298/101/125 297/69/125
f 306/57/126 307/63/126 311/58/126
f 10/107/127 24/126/127 22/99/127
f 305/65/128 299/51/128 314/122/128
f 35/104/129 17/103/129 38/114/129
f 18/102/130 40/127/130 41/121/130
f 3/93/131 29/92/131 41/121/131
f 301/87/132 325/76/132 323/83/132
f 312/86/133 301/87/133 315/59/133
f 236/128/134 322/75/134 293/80/134
f 13/129/135 28/91/135 377/130/135
f 39/125/136 377/130/136 28/91/136
f 5/116/137 6/112/137 10/107/137
f 30/131/138 43/88/138 1/132/138
f 17/103/139 1/132/139 44/133/139
f 10/107/140 27/89/140 13/129/140
f 27/89/141 26/106/141 25/110/141
f 57/134/142 79/135/142 77/136/142
f 66/137/143 49/138/143 68/139/143
f 17/103/144 14/95/144 38/114/144
f 1/132/145 29/92/145 30/131/145
f 59/140/146 58/141/146 82/142/146
f 80/143/147 62/144/147 61/145/147
f 32/146/148 28/91/148 13/129/148
f 91/147/149 92/148/149 93/149/149
f 92/148/150 91/147/150 98/150/150
f 44/133/151 43/88/151 42/151/151
f 11/90/152 42/151/152 43/88/152
f 117/152/153 125/153/153 123/154/153
f 71/155/154 67/156/154 70/157/154
f 101/158/155 105/159/155 110/160/155
f 122/161/156 121/162/156 120/163/156
f 145/164/157 135/165/157 140/166/157
f 103/167/158 127/168/158 106/169/158
f 109/170/159 99/171/159 108/172/159
f 119/173/160 124/174/160 126/175/160
f 64/176/161 65/177/161 61/145/161
f 42/151/162 11/90/162 25/110/162
f 35/104/163 34/120/163 33/178/163
f 62/144/164 51/179/164 52/180/164
f 9/98/165 2/181/165 21/182/165
f 104/183/166 115/184/166 118/185/166
f 57/134/167 72/186/167 69/187/167
f 95/188/168 93/149/168 89/189/168
f 117/152/169 123/154/169 120/163/169
f 36/123/170 379/118/170 34/120/170
f 64/176/171 61/145/171 62/144/171
f 128/190/172 127/168/172 126/175/172
f 41/121/173 29/92/173 17/103/173
f 68/139/174 67/156/174 66/137/174
f 121/162/175 122/161/175 118/185/175
f 137/191/176 136/192/176 146/193/176
f 175/194/177 181/195/177 170/196/177
f 44/133/178 14/95/178 17/103/178
f 137/191/179 131/197/179 136/192/179
f 147/198/180 152/199/180 155/200/180
f 166/201/181 179/202/181 164/203/181
f 73/204/182 72/186/182 75/205/182
f 14/95/183 44/133/183 12/96/183
f 163/206/184 164/203/184 165/207/184
f 146/193/185 133/208/185 137/191/185
f 128/190/186 126/175/186 111/209/186
f 172/210/187 168/211/187 167/212/187
f 98/150/188 96/213/188 92/148/188
f 27/89/189 31/214/189 13/129/189
f 7/111/190 6/112/190 5/116/190
f 145/164/191 140/166/191 144/215/191
f 181/195/192 175/194/192 180/216/192
f 181/195/193 179/202/193 170/196/193
f 109/170/194 107/217/194 110/160/194
f 59/140/195 82/142/195 54/218/195
f 56/219/196 73/204/196 76/220/196
f 12/96/197 44/133/197 42/151/197
f 187/221/198 182/222/198 183/223/198
f 3/93/199 39/125/199 28/91/199
f 70/157/200 63/224/200 79/135/200
f 72/186/201 56/219/201 69/187/201
f 130/225/202 144/215/202 139/226/202
f 65/177/203 64/176/203 76/220/203
f 7/111/204 4/227/204 8/94/204
f 35/104/205 19/228/205 18/102/205
f 76/220/206 75/205/206 74/229/206
f 149/230/207 138/231/207 144/215/207
f 237/7/208 234/9/208 243/44/208
f 77/136/209 48/232/209 57/134/209
f 50/233/210 53/234/210 51/179/210
f 199/235/211 241/23/211 236/236/211
f 240/8/212 249/36/212 234/9/212
f 41/121/213 40/127/213 39/125/213
f 105/159/214 127/168/214 128/190/214
f 181/195/215 180/216/215 179/202/215
f 149/230/216 151/237/216 152/199/216
f 133/208/217 132/238/217 137/191/217
f 129/239/218 130/225/218 139/226/218
f 47/240/219 71/155/219 56/219/219
f 155/200/220 133/208/220 147/198/220
f 263/5/221 264/18/221 211/241/221
f 30/131/222 29/92/222 28/91/222
f 94/242/223 95/188/223 87/243/223
f 140/166/224 134/244/224 139/226/224
f 8/94/225 25/110/225 7/111/225
f 241/23/226 199/235/226 233/24/226
f 113/245/227 118/185/227 114/246/227
f 134/244/228 135/165/228 143/247/228
f 80/143/229 81/248/229 50/233/229
f 119/173/230 126/175/230 122/161/230
f 174/249/231 166/201/231 163/206/231
f 213/250/232 207/251/232 215/252/232
f 215/252/233 229/253/233 214/254/233
f 98/150/234 97/255/234 96/213/234
f 152/199/235 147/198/235 149/230/235
f 25/110/236 12/96/236 42/151/236
f 211/241/237 218/256/237 263/5/237
f 171/257/238 169/258/238 167/212/238
f 208/259/239 228/260/239 229/253/239
f 53/234/240 52/180/240 51/179/240
f 35/104/241 33/178/241 19/228/241
f 156/261/242 178/262/242 176/263/242
f 122/161/243 126/175/243 114/246/243
f 66/137/244 67/156/244 62/144/244
f 43/88/245 44/133/245 1/132/245
f 79/135/246 69/187/246 70/157/246
f 214/254/247 223/264/247 213/250/247
f 225/265/248 223/264/248 214/254/248
f 152/199/249 151/237/249 150/266/249
f 138/231/250 147/198/250 146/193/250
f 229/253/251 215/252/251 208/259/251
f 171/257/252 179/202/252 169/258/252
f 218/256/253 210/267/253 209/268/253
f 159/269/254 171/257/254 158/270/254
f 79/135/255 63/224/255 78/271/255
f 173/272/256 172/210/256 167/212/256
f 111/209/257 110/160/257 128/190/257
f 174/249/258 173/272/258 166/201/258
f 212/273/259 203/274/259 225/265/259
f 211/241/260 210/267/260 218/256/260
f 264/18/261 255/37/261 211/241/261
f 28/91/262 32/146/262 30/131/262
f 60/275/263 61/145/263 65/177/263
f 45/276/264 48/232/264 78/271/264
f 124/174/265 119/173/265 123/154/265
f 233/24/266 216/277/266 256/1/266
f 204/278/267 205/279/267 201/280/267
f 92/148/268 96/213/268 89/189/268
f 140/166/269 139/226/269 144/215/269
f 212/273/270 214/254/270 233/24/270
f 160/281/271 170/196/271 171/257/271
f 132/238/272 131/197/272 137/191/272
f 167/212/273 168/211/273 171/257/273
f 31/214/274 32/146/274 13/129/274
f 78/271/275 48/232/275 77/136/275
f 64/176/276 62/144/276 47/240/276
f 266/46/277 268/41/277 206/282/277
f 207/251/278 213/250/278 200/283/278
f 62/144/279 67/156/279 47/240/279
f 239/19/280 257/2/280 252/17/280
f 166/201/281 164/203/281 163/206/281
f 76/220/282 47/240/282 56/219/282
f 147/198/283 133/208/283 146/193/283
f 50/233/284 62/144/284 80/143/284
f 116/284/285 121/162/285 115/184/285
f 134/244/286 143/247/286 141/285/286
f 120/163/287 119/173/287 122/161/287
f 155/200/288 154/286/288 153/287/288
f 266/46/289 206/282/289 232/288/289
f 65/177/290 74/229/290 75/205/290
f 212/273/291 233/24/291 197/289/291
f 270/45/292 273/21/292 232/288/292
f 106/169/293 127/168/293 105/159/293
f 228/260/294 208/259/294 209/268/294
f 183/223/295 182/222/295 184/290/295
f 109/170/296 108/172/296 107/217/296
f 136/192/297 145/164/297 146/193/297
f 162/291/298 177/292/298 161/293/298
f 150/266/299 155/200/299 152/199/299
f 155/200/300 153/287/300 148/294/300
f 226/295/301 228/260/301 255/37/301
f 193/296/302 182/222/302 187/221/302
f 35/104/303 38/114/303 34/120/303
f 86/297/304 84/298/304 94/242/304
f 49/138/305 66/137/305 52/180/305
f 144/215/306 130/225/306 149/230/306
f 133/208/307 155/200/307 148/294/307
f 104/183/308 118/185/308 112/299/308
f 126/175/309 127/168/309 114/246/309
f 226/295/310 214/254/310 229/253/310
f 47/240/311 76/220/311 64/176/311
f 128/190/312 110/160/312 105/159/312
f 21/182/313 22/99/313 9/98/313
f 251/16/314 247/15/314 240/8/314
f 205/279/315 204/278/315 203/274/315
f 107/217/316 101/158/316 110/160/316
f 118/185/317 122/161/317 114/246/317
f 178/262/318 157/300/318 161/293/318
f 255/37/319 256/1/319 216/277/319
f 82/142/320 80/143/320 60/275/320
f 112/299/321 127/168/321 103/167/321
f 166/201/322 173/272/322 167/212/322
f 261/40/323 218/256/323 202/301/323
f 94/242/324 87/243/324 86/297/324
f 26/106/325 6/112/325 25/110/325
f 90/302/326 89/189/326 96/213/326
f 178/262/327 177/292/327 176/263/327
f 173/272/328 176/263/328 177/292/328
f 215/252/329 214/254/329 213/250/329
f 204/278/330 225/265/330 203/274/330
f 171/257/331 170/196/331 179/202/331
f 27/89/332 25/110/332 11/90/332
f 143/247/333 142/303/333 141/285/333
f 60/275/334 54/218/334 82/142/334
f 183/223/335 185/304/335 186/305/335
f 38/114/336 37/113/336 36/123/336
f 22/99/337 21/182/337 20/115/337
f 71/155/338 69/187/338 56/219/338
f 175/194/339 170/196/339 160/281/339
f 43/88/340 31/214/340 27/89/340
f 210/267/341 211/241/341 255/37/341
f 197/289/342 203/274/342 212/273/342
f 68/139/343 49/138/343 46/306/343
f 79/135/344 78/271/344 77/136/344
f 134/244/345 141/285/345 139/226/345
f 71/155/346 70/157/346 69/187/346
f 82/142/347 81/248/347 80/143/347
f 174/249/348 176/263/348 173/272/348
f 182/222/349 193/296/349 184/290/349
f 67/156/350 71/155/350 47/240/350
f 10/107/351 22/99/351 20/115/351
f 214/254/352 212/273/352 225/265/352
f 97/255/353 85/307/353 96/213/353
f 138/231/354 146/193/354 144/215/354
f 123/154/355 119/173/355 120/163/355
f 154/286/356 155/200/356 150/266/356
f 149/230/357 147/198/357 138/231/357
f 89/189/358 93/149/358 92/148/358
f 171/257/359 159/269/359 160/281/359
f 49/138/360 52/180/360 53/234/360
f 239/19/361 237/7/361 243/44/361
f 125/153/362 124/174/362 123/154/362
f 68/139/363 46/306/363 70/157/363
f 193/296/364 194/308/364 184/290/364
f 132/238/365 133/208/365 148/294/365
f 216/277/366 233/24/366 214/254/366
f 17/103/367 29/92/367 1/132/367
f 118/185/368 113/245/368 112/299/368
f 201/280/369 224/309/369 204/278/369
f 19/228/370 40/127/370 18/102/370
f 73/204/371 75/205/371 76/220/371
f 146/193/372 145/164/372 144/215/372
f 215/252/373 207/251/373 208/259/373
f 216/277/374 226/295/374 255/37/374
f 216/277/375 214/254/375 226/295/375
f 129/239/376 139/226/376 141/285/376
f 113/245/377 127/168/377 112/299/377
f 79/135/378 57/134/378 69/187/378
f 100/310/379 116/284/379 115/184/379
f 24/126/380 23/97/380 22/99/380
f 243/44/381 236/236/381 241/23/381
f 177/292/382 172/210/382 173/272/382
f 60/275/383 80/143/383 61/145/383
f 111/209/384 126/175/384 124/174/384
f 169/258/385 166/201/385 167/212/385
f 210/267/386 255/37/386 228/260/386
f 55/311/387 58/141/387 59/140/387
f 67/156/388 68/139/388 70/157/388
f 121/162/389 118/185/389 115/184/389
f 187/221/390 189/312/390 193/296/390
f 52/180/391 66/137/391 62/144/391
f 43/88/392 32/146/392 31/214/392
f 169/258/393 179/202/393 166/201/393
f 180/216/394 165/207/394 164/203/394
f 177/292/395 162/291/395 172/210/395
f 135/165/396 134/244/396 140/166/396
f 105/159/397 102/313/397 106/169/397
f 210/267/398 228/260/398 209/268/398
f 177/292/399 178/262/399 161/293/399
f 186/305/400 187/221/400 183/223/400
f 73/204/401 56/219/401 72/186/401
f 51/179/402 62/144/402 50/233/402
f 233/24/403 199/235/403 197/289/403
f 13/129/404 24/126/404 10/107/404
f 43/88/405 30/131/405 32/146/405
f 95/188/406 94/242/406 93/149/406
f 164/203/407 179/202/407 180/216/407
f 209/268/408 202/301/408 218/256/408
f 224/309/409 225/265/409 204/278/409
f 74/229/410 65/177/410 76/220/410
f 263/5/411 218/256/411 261/40/411
f 113/245/412 114/246/412 127/168/412
f 111/209/413 124/174/413 125/153/413
f 90/302/414 96/213/414 85/307/414
f 365/314/415 326/315/415 327/316/415
f 370/317/416 359/318/416 372/319/416
f 15/29/417 349/320/417 345/30/417
f 340/321/418 333/322/418 332/323/418
f 191/324/419 194/308/419 195/325/419
f 366/326/415 365/314/415 327/316/415
f 186/305/420 185/304/420 189/312/420
f 361/327/421 362/328/421 356/329/421
f 187/221/422 186/305/422 189/312/422
f 190/330/423 192/331/423 188/332/423
f 365/314/424 364/333/424 363/334/424
f 327/316/425 374/335/425 367/336/425
f 192/331/426 191/324/426 195/325/426
f 192/331/427 190/330/427 191/324/427
f 374/335/428 373/337/428 372/319/428
f 375/338/429 337/339/429 340/321/429
f 16/340/430 336/341/430 337/339/430
f 15/29/431 380/342/431 376/26/431
f 339/343/432 330/344/432 338/345/432
f 328/346/433 327/316/433 326/315/433
f 359/318/434 370/317/434 371/347/434
f 340/321/435 337/339/435 336/341/435
f 345/30/436 366/326/436 367/336/436
f 330/344/437 339/343/437 329/348/437
f 354/349/438 363/334/438 353/350/438
f 328/346/439 326/315/439 350/351/439
f 380/342/440 361/327/440 360/352/440
f 219/353/441 238/354/441 246/355/441
f 331/356/442 221/357/442 335/358/442
f 343/359/443 219/353/443 246/355/443
f 217/360/444 196/361/444 331/356/444
f 341/362/445 222/363/445 221/357/445
f 340/321/446 339/343/446 338/345/446
f 343/359/447 342/364/447 341/362/447
f 246/355/448 238/354/448 308/365/448
f 221/357/449 196/361/449 248/366/449
f 348/367/450 15/29/450 347/368/450
f 248/366/451 343/359/451 341/362/451
f 189/312/452 195/325/452 193/296/452
f 374/335/453 327/316/453 373/337/453
f 376/26/454 358/25/454 347/368/454
f 16/340/455 362/328/455 344/369/455
f 328/346/456 373/337/456 327/316/456
f 331/356/457 334/370/457 217/360/457
f 362/328/458 380/342/458 344/369/458
f 364/333/459 357/371/459 363/334/459
f 360/352/460 351/372/460 380/342/460
f 358/25/461 348/367/461 347/368/461
f 221/357/462 248/366/462 341/362/462
f 342/364/463 278/373/463 220/374/463
f 347/368/464 15/29/464 376/26/464
f 371/347/465 16/340/465 344/369/465
f 363/334/466 354/349/466 365/314/466
f 336/341/467 16/340/467 370/317/467
f 335/358/468 334/370/468 331/356/468
f 380/342/469 351/372/469 376/26/469
f 278/373/470 343/359/470 310/375/470
f 222/363/471 335/358/471 221/357/471
f 364/333/472 365/314/472 349/320/472
f 380/342/473 15/29/473 344/369/473
f 345/30/474 349/320/474 366/326/474
f 349/320/475 365/314/475 366/326/475
f 372/319/476 333/322/476 336/341/476
f 349/320/477 15/29/477 348/367/477
f 335/358/478 230/376/478 334/370/478
f 371/347/479 346/28/479 345/30/479
f 310/375/480 246/355/480 308/365/480
f 229/253/481 228/260/481 226/295/481
f 195/325/482 194/308/482 193/296/482
f 230/376/483 335/358/483 227/377/483
f 259/4/484 244/14/484 253/12/484
f 231/378/485 247/15/485 250/10/485
f 239/19/486 251/16/486 240/8/486
f 343/359/487 278/373/487 342/364/487
f 372/319/488 336/341/488 370/317/488
f 371/347/489 344/369/489 346/28/489
f 327/316/490 367/336/490 366/326/490
f 348/367/491 364/333/491 349/320/491
f 352/27/492 357/371/492 358/25/492
f 364/333/493 348/367/493 358/25/493
f 332/323/494 339/343/494 340/321/494
f 239/19/495 243/44/495 257/2/495
f 331/356/496 196/361/496 221/357/496
f 346/28/497 344/369/497 15/29/497
f 310/375/498 308/365/498 278/373/498
f 225/265/499 224/309/499 223/264/499
f 248/366/500 219/353/500 343/359/500
f 231/378/501 250/10/501 235/13/501
f 273/21/502 266/46/502 232/288/502
f 278/373/503 198/379/503 220/374/503
f 227/377/504 335/358/504 222/363/504
f 359/318/505 367/336/505 374/335/505
f 364/333/506 358/25/506 357/371/506
f 370/317/507 16/340/507 371/347/507
f 310/375/508 343/359/508 246/355/508
f 361/327/509 380/342/509 362/328/509
f 345/30/510 367/336/510 359/318/510
f 362/328/511 337/339/511 356/329/511
f 352/27/512 376/26/512 351/372/512
f 374/335/513 372/319/513 359/318/513
f 359/318/514 371/347/514 345/30/514
f 333/322/515 340/321/515 336/341/515
f 16/340/516 337/339/516 362/328/516
f 382/380/517 383/381/517 384/382/517
f 385/383/518 386/384/518 387/385/518
f 386/384/519 388/386/519 382/380/519
f 386/384/520 382/380/520 384/382/520
f 389/387/521 387/385/521 386/384/521
f 387/385/522 390/388/522 385/383/522
f 388/386/523 386/384/523 385/383/523
f 384/382/524 389/387/524 386/384/524
f 393/389/525 394/390/525 392/391/525
f 398/392/526 394/390/526 399/393/526
f 398/392/527 399/393/527 402/394/527
f 402/394/528 396/395/528 395/396/528
f 394/390/529 393/389/529 399/393/529
f 399/393/530 396/395/530 402/394/530
f 395/396/531 403/397/531 402/394/531
f 404/398/532 405/399/532 406/400/532
f 407/401/533 408/402/533 406/400/533
f 409/403/534 407/401/534 410/404/534
f 408/402/535 404/398/535 406/400/535
f 411/405/536 412/406/536 413/407/536
f 417/408/537 418/409/537 419/410/537
f 420/411/538 421/412/538 422/413/538
f 413/407/539 412/406/539 423/414/539
f 421/412/540 424/415/540 425/416/540
f 414/417/541 418/409/541 415/418/541
f 412/406/542 426/419/542 427/420/542
f 413/407/543 423/414/543 428/421/543
f 418/409/544 414/417/544 419/410/544
f 421/412/545 431/422/545 428/421/545
f 426/419/546 412/406/546 411/405/546
f 423/414/547 421/412/547 428/421/547
f 432/423/548 422/413/548 427/420/548
f 433/424/549 434/425/549 420/411/549
f 423/414/550 412/406/550 427/420/550
f 431/422/551 421/412/551 425/416/551
f 425/416/552 415/418/552 418/409/552
f 426/419/553 432/423/553 427/420/553
f 427/420/554 421/412/554 423/414/554
f 424/415/555 415/418/555 425/416/555
f 420/411/556 424/415/556 421/412/556
f 433/424/557 426/419/557 411/405/557
f 417/408/558 425/416/558 418/409/558
f 425/416/559 417/408/559 431/422/559
f 420/411/560 432/423/560 433/424/560
f 433/424/561 432/423/561 426/419/561
f 422/413/562 421/412/562 427/420/562
f 422/413/563 432/423/563 420/411/563
f 435/426/564 436/427/564 437/428/564
f 439/429/565 440/430/565 441/431/565
f 441/431/566 442/432/566 443/433/566
f 445/434/567 443/433/567 442/432/567
f 446/435/568 447/436/568 448/437/568
f 449/438/569 450/439/569 442/432/569
f 448/437/570 444/440/570 451/441/570
f 448/437/571 451/441/571 452/442/571
f 443/433/572 439/429/572 441/431/572
f 441/431/573 455/443/573 454/444/573
f 450/439/574 456/445/574 447/436/574
f 440/430/575 455/443/575 441/431/575
f 447/436/576 453/446/576 448/437/576
f 448/437/577 452/442/577 446/435/577
f 457/447/578 435/426/578 437/428/578
f 447/436/579 446/435/579 450/439/579
f 437/428/580 436/427/580 438/448/580
f 441/431/581 449/438/581 442/432/581
f 450/439/582 446/435/582 442/432/582
f 451/441/583 444/440/583 438/448/583
f 442/432/584 446/435/584 445/434/584
f 443/433/585 445/434/585 439/429/585
f 458/449/586 459/450/586 460/451/586
f 462/452/587 464/453/587 461/454/587
f 466/455/588 460/451/588 459/450/588
f 463/456/589 465/457/589 467/458/589
f 462/452/590 467/458/590 468/459/590
f 464/453/591 462/452/591 466/455/591
f 468/459/592 460/451/592 466/455/592
f 466/455/593 462/452/593 468/459/593
f 467/458/594 462/452/594 463/456/594
f 460/451/595 469/460/595 458/449/595
f 470/461/596 471/462/596 472/463/596
f 473/464/597 474/465/597 475/466/597
f 473/464/598 476/467/598 474/465/598
f 474/465/599 476/467/599 477/468/599
f 478/469/600 479/470/600 480/471/600
f 470/461/601 472/463/601 481/472/601
f 476/467/602 482/473/602 477/468/602
f 472/463/603 483/474/603 484/475/603
f 485/476/604 483/474/604 478/469/604
f 471/462/605 486/477/605 483/474/605
f 485/476/606 487/478/606 484/475/606
f 483/474/607 485/476/607 484/475/607
f 483/474/608 486/477/608 488/479/608
f 486/477/609 475/466/609 489/480/609
f 490/481/610 491/482/610 487/478/610
f 476/467/611 473/464/611 492/483/611
f 483/474/612 472/463/612 471/462/612
f 473/464/613 471/462/613 470/461/613
f 486/477/614 471/462/614 473/464/614
f 490/481/615 487/478/615 485/476/615
f 479/470/616 493/484/616 480/471/616
f 475/466/617 486/477/617 473/464/617
f 486/477/618 489/480/618 488/479/618
f 488/479/619 478/469/619 483/474/619
f 494/485/620 484/475/620 487/478/620
f 490/481/621 485/476/621 480/471/621
f 493/484/622 495/486/622 496/487/622
f 496/487/623 490/481/623 480/471/623
f 470/461/624 492/483/624 473/464/624
f 480/471/625 485/476/625 478/469/625
f 480/471/626 493/484/626 496/487/626
f 494/485/627 481/472/627 484/475/627
f 481/472/628 472/463/628 484/475/628
f 498/488/629 499/489/629 500/490/629
f 501/491/630 502/492/630 503/493/630
f 504/494/631 505/495/631 506/496/631
f 502/492/632 507/497/632 503/493/632
f 502/492/633 508/498/633 507/497/633
f 509/499/634 510/500/634 511/501/634
f 504/494/635 506/496/635 512/502/635
f 504/494/636 513/503/636 514/504/636
f 504/494/637 515/505/637 516/506/637
f 500/490/638 503/493/638 507/497/638
f 513/503/639 507/497/639 514/504/639
f 506/496/640 505/495/640 509/499/640
f 509/499/641 511/501/641 506/496/641
f 514/504/642 505/495/642 504/494/642
f 514/504/643 507/497/643 508/498/643
f 512/502/644 515/505/644 504/494/644
f 504/494/645 516/506/645 513/503/645
f 513/503/646 500/490/646 507/497/646
f 502/492/647 519/507/647 508/498/647
f 505/495/648 508/498/648 519/507/648
f 520/508/649 517/509/649 516/506/649
f 519/507/650 509/499/650 505/495/650
f 520/508/651 516/506/651 515/505/651
f 517/509/652 498/488/652 516/506/652
f 517/509/653 499/489/653 498/488/653
f 516/506/654 498/488/654 513/503/654
f 508/498/655 505/495/655 514/504/655
f 513/503/656 498/488/656 500/490/656
f 523/510/657 524/511/657 525/512/657
f 526/513/658 527/514/658 528/515/658
f 529/516/659 524/511/659 530/517/659
f 531/518/660 532/519/660 533/520/660
f 531/518/661 534/521/661 532/519/661
f 535/522/662 524/511/662 523/510/662
f 524/511/663 535/522/663 530/517/663
f 534/521/664 536/523/664 532/519/664
f 538/524/665 530/517/665 539/525/665
f 540/526/666 541/527/666 542/528/666
f 543/529/667 522/530/667 537/531/667
f 522/530/667 543/529/667 521/532/667
f 528/515/668 543/529/668 537/531/668
f 543/529/669 528/515/669 527/514/669
f 544/533/670 527/514/670 526/513/670
f 542/528/671 536/523/671 540/526/671
f 541/527/672 537/531/672 542/528/672
f 540/526/673 545/534/673 541/527/673
f 541/527/674 539/525/674 528/515/674
f 528/515/675 537/531/675 541/527/675
f 541/527/676 545/534/676 539/525/676
f 536/523/677 542/528/677 533/520/677
f 544/533/678 526/513/678 535/522/678
f 527/514/679 521/532/679 543/529/679
f 535/522/680 526/513/680 530/517/680
f 539/525/681 530/517/681 526/513/681
f 544/533/682 535/522/682 523/510/682
f 528/515/683 539/525/683 526/513/683
f 530/517/684 538/524/684 529/516/684
f 539/525/685 545/534/685 538/524/685
f 532/519/686 536/523/686 533/520/686
f 550/535/687 548/536/687 547/537/687
f 551/538/688 552/539/688 553/540/688
f 554/541/689 553/540/689 555/542/689
f 556/543/690 551/538/690 553/540/690
f 558/544/691 556/543/691 553/540/691
f 556/543/692 558/544/692 559/545/692
f 560/546/693 561/547/693 562/548/693
f 563/549/694 564/550/694 565/551/694
f 558/544/695 566/552/695 559/545/695
f 555/542/696 567/553/696 568/554/696
f 569/555/697 553/540/697 554/541/697
f 556/543/698 570/556/698 551/538/698
f 571/557/699 572/558/699 569/555/699
f 559/545/700 573/559/700 556/543/700
f 574/560/701 561/547/701 560/546/701
f 575/561/702 573/559/702 559/545/702
f 575/561/703 576/562/703 573/559/703
f 577/563/704 578/564/704 557/565/704
f 579/566/705 552/539/705 580/567/705
f 576/562/706 575/561/706 581/568/706
f 565/551/707 564/550/707 572/558/707
f 553/540/708 569/555/708 582/569/708
f 582/569/709 569/555/709 564/550/709
f 558/544/710 582/569/710 566/552/710
f 572/558/711 564/550/711 569/555/711
f 567/553/712 585/570/712 562/548/712
f 586/571/713 583/572/713 560/546/713
f 578/564/714 571/557/714 569/555/714
f 565/551/715 572/558/715 587/573/715
f 567/553/716 562/548/716 568/554/716
f 586/571/717 584/574/717 583/572/717
f 588/575/718 589/576/718 590/577/718
f 562/548/719 561/547/719 568/554/719
f 551/538/720 580/567/720 552/539/720
f 570/556/721 556/543/721 573/559/721
f 558/544/722 553/540/722 582/569/722
f 589/576/723 576/562/723 590/577/723
f 570/556/724 573/559/724 589/576/724
f 573/559/725 576/562/725 589/576/725
f 552/539/726 585/570/726 567/553/726
f 577/563/727 571/557/727 578/564/727
f 557/565/728 578/564/728 592/578/728
f 581/568/729 590/577/729 576/562/729
f 579/566/730 585/570/730 552/539/730
f 554/541/731 592/578/731 578/564/731
f 591/579/732 568/554/732 561/547/732
f 562/548/733 585/570/733 560/546/733
f 567/553/734 555/542/734 552/539/734
f 593/580/735 588/575/735 594/581/735
f 569/555/736 554/541/736 578/564/736
f 555/542/737 553/540/737 552/539/737
f 568/554/738 592/578/738 554/541/738
f 571/557/739 577/563/739 587/573/739
f 560/546/740 583/572/740 574/560/740
f 554/541/741 555/542/741 568/554/741
f 594/581/742 588/575/742 590/577/742
f 560/546/743 585/570/743 586/571/743
f 587/573/744 572/558/744 571/557/744
f 590/577/745 581/568/745 594/581/745
f 568/554/746 591/579/746 592/578/746
f 597/582/747 598/583/747 599/584/747
f 600/585/748 596/586/748 595/587/748
f 602/588/749 603/589/749 604/590/749
f 601/591/750 599/584/750 598/583/750
f 605/592/751 606/593/751 607/594/751
f 605/592/752 611/595/752 606/593/752
f 606/593/753 612/596/753 609/597/753
f 609/597/754 612/596/754 613/598/754
f 601/591/755 596/586/755 614/599/755
f 615/600/756 616/601/756 617/602/756
f 600/585/757 614/599/757 596/586/757
f 606/593/758 618/603/758 612/596/758
f 599/584/759 614/599/759 617/602/759
f 619/604/760 620/605/760 598/583/760
f 621/606/761 622/607/761 615/600/761
f 624/608/762 622/607/762 621/606/762
f 625/609/763 622/607/763 624/608/763
f 624/608/764 600/585/764 602/588/764
f 617/602/765 614/599/765 621/606/765
f 601/591/766 614/599/766 599/584/766
f 607/594/767 606/593/767 609/597/767
f 614/599/768 600/585/768 621/606/768
f 606/593/769 627/610/769 618/603/769
f 597/582/770 617/602/770 616/601/770
f 604/590/771 623/611/771 602/588/771
f 627/610/772 606/593/772 628/612/772
f 603/589/773 610/613/773 604/590/773
f 621/606/774 615/600/774 617/602/774
f 624/608/775 621/606/775 600/585/775
f 617/602/776 597/582/776 599/584/776
f 622/607/777 625/609/777 615/600/777
f 624/608/778 602/588/778 623/611/778
f 629/614/779 630/615/779 631/616/779
f 632/617/780 633/618/780 630/615/780
f 608/619/781 609/597/781 613/598/781
f 603/589/782 595/587/782 610/613/782
f 632/617/783 634/620/783 635/621/783
f 636/622/784 597/582/784 616/601/784
f 637/623/785 608/619/785 613/598/785
f 638/624/786 613/598/786 629/614/786
f 618/603/787 627/610/787 630/615/787
f 639/625/788 640/626/788 632/617/788
f 603/589/789 602/588/789 600/585/789
f 641/627/790 625/609/790 635/621/790
f 623/611/791 626/628/791 642/629/791
f 595/587/792 603/589/792 600/585/792
f 624/608/793 633/618/793 625/609/793
f 628/612/794 643/630/794 627/610/794
f 625/609/795 633/618/795 635/621/795
f 618/603/796 629/614/796 613/598/796
f 635/621/797 633/618/797 632/617/797
f 613/598/798 612/596/798 618/603/798
f 644/631/799 635/621/799 634/620/799
f 611/595/800 628/612/800 606/593/800
f 629/614/801 618/603/801 630/615/801
f 629/614/802 631/616/802 638/624/802
f 626/628/803 638/624/803 642/629/803
f 631/616/804 642/629/804 638/624/804
f 639/625/805 627/610/805 643/630/805
f 642/629/806 633/618/806 623/611/806
f 631/616/807 630/615/807 633/618/807
f 624/608/808 623/611/808 633/618/808
f 633/618/809 642/629/809 631/616/809
f 611/595/810 643/630/810 628/612/810
f 634/620/811 640/626/811 644/631/811
f 630/615/812 627/610/812 639/625/812
f 598/583/813 597/582/813 619/604/813
f 630/615/814 639/625/814 632/617/814
f 632/617/815 640/626/815 634/620/815
f 636/622/816 619/604/816 597/582/816
f 636/622/817 645/632/817 619/604/817
f 615/600/818 625/609/818 641/627/818
f 635/621/819 644/631/819 641/627/819
f 641/627/820 616/601/820 615/600/820
f 644/631/821 646/633/821 641/627/821
f 641/627/822 646/633/822 616/601/822
f 616/601/823 646/633/823 636/622/823
f 645/632/824 636/622/824 646/633/824
f 648/634/825 649/635/825 650/636/825
f 651/637/826 652/638/826 653/639/826
f 648/634/827 650/636/827 656/640/827
f 650/636/828 657/641/828 656/640/828
f 658/642/829 659/643/829 660/644/829
f 89/189/830 655/645/830 95/188/830
f 661/646/831 662/647/831 663/648/831
f 664/649/832 656/640/832 665/650/832
f 655/645/833 649/635/833 87/243/833
f 666/651/834 667/652/834 668/653/834
f 670/654/835 656/640/835 657/641/835
f 668/653/836 671/655/836 665/650/836
f 657/641/837 650/636/837 655/645/837
f 671/655/838 668/653/838 667/652/838
f 660/644/839 665/650/839 671/655/839
f 649/635/840 664/649/840 660/644/840
f 664/649/841 649/635/841 648/634/841
f 655/645/842 661/646/842 663/648/842
f 652/638/843 672/656/843 669/657/843
f 673/658/844 660/644/844 671/655/844
f 659/643/845 649/635/845 660/644/845
f 660/644/846 673/658/846 658/642/846
f 670/654/847 674/659/847 666/651/847
f 675/660/848 658/642/848 653/639/848
f 658/642/849 673/658/849 651/637/849
f 668/653/850 656/640/850 670/654/850
f 657/641/851 655/645/851 663/648/851
f 662/647/852 670/654/852 663/648/852
f 651/637/853 672/656/853 652/638/853
f 667/652/854 666/651/854 674/659/854
f 659/643/855 658/642/855 675/660/855
f 663/648/856 670/654/856 657/641/856
f 654/661/857 661/646/857 655/645/857
f 656/640/858 664/649/858 648/634/858
f 670/654/859 666/651/859 668/653/859
f 665/650/860 656/640/860 668/653/860
f 651/637/861 653/639/861 658/642/861
f 672/656/862 651/637/862 673/658/862
f 664/649/863 665/650/863 660/644/863
f 269/22/864 270/45/864 649/635/864
f 677/662/865 678/663/865 679/664/865
f 680/665/866 681/666/866 682/667/866
f 683/668/867 684/669/867 685/670/867
f 686/671/868 687/672/868 688/673/868
f 689/674/869 690/675/869 691/676/869
f 692/677/870 693/678/870 694/679/870
f 694/679/871 693/678/871 695/680/871
f 696/681/872 697/682/872 698/683/872
f 699/684/873 700/685/873 679/664/873
f 701/686/874 702/687/874 687/672/874
f 691/676/875 703/688/875 704/689/875
f 705/690/876 706/691/876 707/692/876
f 708/693/877 709/694/877 710/695/877
f 704/689/878 711/696/878 689/674/878
f 712/697/879 689/674/879 713/698/879
f 714/699/880 715/700/880 716/701/880
f 707/692/881 717/702/881 718/703/881
f 719/704/882 720/705/882 721/706/882
f 722/707/883 723/708/883 685/670/883
f 724/709/884 725/710/884 726/711/884
f 727/712/885 716/701/885 695/680/885
f 728/713/886 692/677/886 729/714/886
f 727/712/887 680/665/887 730/715/887
f 692/677/888 728/713/888 731/716/888
f 730/715/889 714/699/889 727/712/889
f 680/665/890 727/712/890 732/717/890
f 728/713/891 733/718/891 731/716/891
f 710/695/892 733/718/892 734/719/892
f 681/666/893 735/720/893 736/721/893
f 737/722/894 738/723/894 688/673/894
f 721/706/895 739/724/895 740/725/895
f 702/687/896 741/726/896 742/727/896
f 743/728/897 702/687/897 742/727/897
f 744/729/898 745/730/898 736/721/898
f 746/731/899 687/672/899 747/732/899
f 748/733/900 720/705/900 719/704/900
f 749/734/901 750/735/901 742/727/901
f 683/668/902 751/736/902 752/737/902
f 753/738/903 754/739/903 755/740/903
f 683/668/904 756/741/904 684/669/904
f 711/696/905 757/742/905 758/743/905
f 756/741/906 759/744/906 684/669/906
f 735/720/907 681/666/907 732/717/907
f 760/745/908 758/743/908 682/667/908
f 761/746/909 697/682/909 707/692/909
f 691/676/910 704/689/910 689/674/910
f 677/662/911 725/710/911 712/697/911
f 762/747/912 763/748/912 753/738/912
f 717/702/913 746/731/913 747/732/913
f 750/735/914 743/728/914 742/727/914
f 702/687/915 743/728/915 747/732/915
f 729/714/916 698/683/916 764/749/916
f 712/697/917 724/709/917 765/750/917
f 702/687/918 747/732/918 687/672/918
f 688/673/919 738/723/919 686/671/919
f 681/666/920 766/751/920 682/667/920
f 698/683/921 729/714/921 692/677/921
f 767/752/922 768/753/922 759/744/922
f 697/682/923 769/754/923 698/683/923
f 713/698/924 689/674/924 711/696/924
f 767/752/925 770/755/925 771/756/925
f 772/757/926 756/741/926 773/758/926
f 767/752/927 759/744/927 774/759/927
f 752/737/928 756/741/928 683/668/928
f 703/688/929 775/760/929 704/689/929
f 759/744/930 776/761/930 774/759/930
f 756/741/931 776/761/931 759/744/931
f 722/707/932 684/669/932 768/753/932
f 757/742/933 711/696/933 775/760/933
f 693/678/934 709/694/934 695/680/934
f 722/707/935 768/753/935 767/752/935
f 770/755/936 767/752/936 774/759/936
f 776/761/937 778/762/937 774/759/937
f 774/759/938 778/762/938 770/755/938
f 719/704/939 721/706/939 752/737/939
f 696/681/940 716/701/940 779/763/940
f 720/705/941 754/739/941 744/729/941
f 695/680/942 709/694/942 708/693/942
f 751/736/943 719/704/943 752/737/943
f 723/708/944 722/707/944 678/663/944
f 752/737/945 773/758/945 756/741/945
f 780/764/946 781/765/946 782/766/946
f 771/756/947 678/663/947 767/752/947
f 678/663/948 722/707/948 767/752/948
f 778/762/949 776/761/949 783/767/949
f 743/728/950 750/735/950 784/768/950
f 776/761/951 756/741/951 772/757/951
f 773/758/952 721/706/952 777/769/952
f 775/760/953 711/696/953 704/689/953
f 766/751/954 745/730/954 763/748/954
f 708/693/955 732/717/955 695/680/955
f 783/767/956 776/761/956 772/757/956
f 735/720/957 739/724/957 736/721/957
f 684/669/958 759/744/958 768/753/958
f 758/743/959 760/745/959 786/770/959
f 735/720/960 710/695/960 739/724/960
f 701/686/961 687/672/961 686/671/961
f 717/702/962 706/691/962 787/771/962
f 758/743/963 757/742/963 730/715/963
f 783/767/964 785/772/964 778/762/964
f 720/705/965 744/729/965 736/721/965
f 717/702/966 775/760/966 746/731/966
f 689/674/967 712/697/967 765/750/967
f 710/695/968 731/716/968 733/718/968
f 735/720/969 708/693/969 710/695/969
f 754/739/970 788/773/970 755/740/970
f 693/678/971 692/677/971 731/716/971
f 731/716/972 710/695/972 709/694/972
f 701/686/973 741/726/973 702/687/973
f 705/690/974 697/682/974 779/763/974
f 695/680/975 716/701/975 696/681/975
f 727/712/976 695/680/976 732/717/976
f 710/695/977 740/725/977 739/724/977
f 789/774/978 790/775/978 791/776/978
f 709/694/979 693/678/979 731/716/979
f 780/764/980 791/776/980 790/775/980
f 792/777/981 790/775/981 789/774/981
f 690/675/982 789/774/982 791/776/982
f 790/775/983 793/778/983 780/764/983
f 777/769/984 721/706/984 740/725/984
f 713/698/985 677/662/985 712/697/985
f 789/774/986 690/675/986 765/750/986
f 744/729/987 753/738/987 745/730/987
f 794/779/988 761/746/988 750/735/988
f 730/715/989 682/667/989 758/743/989
f 691/676/990 690/675/990 737/722/990
f 792/777/991 789/774/991 765/750/991
f 746/731/992 703/688/992 687/672/992
f 791/776/993 795/780/993 690/675/993
f 796/781/994 765/750/994 724/709/994
f 760/745/995 762/747/995 677/662/995
f 765/750/996 796/781/996 792/777/996
f 694/679/997 696/681/997 698/683/997
f 792/777/998 796/781/998 793/778/998
f 797/782/999 725/710/999 677/662/999
f 793/778/1000 790/775/1000 792/777/1000
f 787/771/1001 715/700/1001 757/742/1001
f 706/691/1002 717/702/1002 707/692/1002
f 779/763/1003 716/701/1003 715/700/1003
f 795/780/1004 737/722/1004 690/675/1004
f 786/770/1005 711/696/1005 758/743/1005
f 723/708/1006 762/747/1006 755/740/1006
f 748/733/1007 719/704/1007 751/736/1007
f 690/675/1008 689/674/1008 765/750/1008
f 723/708/1009 788/773/1009 685/670/1009
f 784/768/1010 718/703/1010 743/728/1010
f 698/683/1011 769/754/1011 798/783/1011
f 713/698/1012 711/696/1012 786/770/1012
f 691/676/1013 737/722/1013 688/673/1013
f 720/705/1014 748/733/1014 754/739/1014
f 688/673/1015 687/672/1015 703/688/1015
f 743/728/1016 718/703/1016 747/732/1016
f 754/739/1017 753/738/1017 744/729/1017
f 706/691/1018 705/690/1018 787/771/1018
f 680/665/1019 732/717/1019 681/666/1019
f 722/707/1020 685/670/1020 684/669/1020
f 761/746/1021 784/768/1021 750/735/1021
f 712/697/1022 725/710/1022 724/709/1022
f 718/703/1023 717/702/1023 747/732/1023
f 725/710/1024 797/782/1024 726/711/1024
f 699/684/1025 679/664/1025 678/663/1025
f 715/700/1026 714/699/1026 757/742/1026
f 749/734/1027 794/779/1027 750/735/1027
f 760/745/1028 677/662/1028 786/770/1028
f 763/748/1029 745/730/1029 753/738/1029
f 798/783/1030 769/754/1030 794/779/1030
f 703/688/1031 691/676/1031 688/673/1031
f 718/703/1032 761/746/1032 707/692/1032
f 694/679/1033 698/683/1033 692/677/1033
f 697/682/1034 705/690/1034 707/692/1034
f 696/681/1035 779/763/1035 697/682/1035
f 740/725/1036 710/695/1036 734/719/1036
f 763/748/1037 762/747/1037 760/745/1037
f 679/664/1038 797/782/1038 677/662/1038
f 700/685/1039 726/711/1039 797/782/1039
f 715/700/1040 705/690/1040 779/763/1040
f 714/699/1041 716/701/1041 727/712/1041
f 703/688/1042 746/731/1042 775/760/1042
f 793/778/1043 781/765/1043 780/764/1043
f 678/663/1044 771/756/1044 699/684/1044
f 736/721/1045 739/724/1045 720/705/1045
f 682/667/1046 730/715/1046 680/665/1046
f 714/699/1047 730/715/1047 757/742/1047
f 685/670/1048 788/773/1048 751/736/1048
f 717/702/1049 787/771/1049 775/760/1049
f 753/738/1050 755/740/1050 762/747/1050
f 748/733/1051 788/773/1051 754/739/1051
f 708/693/1052 735/720/1052 732/717/1052
f 721/706/1053 773/758/1053 752/737/1053
f 697/682/1054 761/746/1054 769/754/1054
f 784/768/1055 761/746/1055 718/703/1055
f 681/666/1056 736/721/1056 766/751/1056
f 741/726/1057 701/686/1057 799/784/1057
f 698/683/1058 798/783/1058 764/749/1058
f 763/748/1059 682/667/1059 766/751/1059
f 745/730/1060 766/751/1060 736/721/1060
f 755/740/1061 788/773/1061 723/708/1061
f 762/747/1062 723/708/1062 678/663/1062
f 797/782/1063 679/664/1063 700/685/1063
f 787/771/1064 757/742/1064 775/760/1064
f 786/770/1065 677/662/1065 713/698/1065
f 741/726/1066 799/784/1066 800/785/1066
f 720/705/1067 739/724/1067 721/706/1067
f 678/663/1068 677/662/1068 762/747/1068
f 748/733/1069 751/736/1069 788/773/1069
f 685/670/1070 751/736/1070 683/668/1070
f 769/754/1071 761/746/1071 794/779/1071
f 682/667/1072 763/748/1072 760/745/1072
f 694/679/1073 695/680/1073 696/681/1073
f 787/771/1074 705/690/1074 715/700/1074
f 801/786/1075 802/787/1075 803/788/1075
f 804/789/1076 805/790/1076 806/791/1076
f 807/792/1077 808/793/1077 809/794/1077
f 810/795/1078 811/796/1078 812/797/1078
f 813/798/1079 810/795/1079 812/797/1079
f 814/799/1080 815/800/1080 816/801/1080
f 817/802/1081 818/803/1081 819/804/1081
f 814/799/1082 820/805/1082 821/806/1082
f 822/807/1083 823/808/1083 824/809/1083
f 804/789/1084 825/810/1084 826/811/1084
f 827/812/1085 806/791/1085 828/813/1085
f 829/814/1086 830/815/1086 831/816/1086
f 832/817/1087 825/810/1087 804/789/1087
f 833/818/1088 834/819/1088 835/820/1088
f 836/821/1089 825/810/1089 832/817/1089
f 824/809/1090 837/822/1090 822/807/1090
f 838/823/1091 836/821/1091 839/824/1091
f 836/821/1092 840/825/1092 841/826/1092
f 814/799/1093 844/827/1093 815/800/1093
f 813/798/1094 845/828/1094 846/829/1094
f 847/830/1095 848/831/1095 849/832/1095
f 810/795/1096 850/833/1096 851/834/1096
f 838/823/1097 839/824/1097 852/835/1097
f 834/819/1098 853/836/1098 835/820/1098
f 854/837/1099 855/838/1099 856/839/1099
f 854/837/1100 857/840/1100 842/841/1100
f 832/817/1101 858/842/1101 839/824/1101
f 859/843/1102 838/823/1102 860/844/1102
f 861/845/1103 862/846/1103 863/847/1103
f 840/825/1104 864/848/1104 865/849/1104
f 866/850/1105 867/851/1105 868/852/1105
f 869/853/1106 870/854/1106 871/855/1106
f 850/833/1107 813/798/1107 874/856/1107
f 875/857/1108 876/858/1108 877/859/1108
f 879/860/1109 880/861/1109 881/862/1109
f 882/863/1110 848/831/1110 847/830/1110
f 883/864/1111 857/840/1111 853/836/1111
f 854/837/1112 833/818/1112 835/820/1112
f 884/865/1113 849/832/1113 875/857/1113
f 850/833/1114 885/866/1114 851/834/1114
f 842/841/1115 855/838/1115 854/837/1115
f 810/795/1116 813/798/1116 850/833/1116
f 850/833/1117 862/846/1117 861/845/1117
f 839/824/1118 836/821/1118 832/817/1118
f 888/867/1119 863/847/1119 889/868/1119
f 848/831/1120 890/869/1120 876/858/1120
f 891/870/1121 819/804/1121 828/813/1121
f 892/871/1122 839/824/1122 858/842/1122
f 893/872/1123 828/813/1123 894/873/1123
f 859/843/1124 836/821/1124 838/823/1124
f 808/793/1125 895/874/1125 896/875/1125
f 897/876/1126 898/877/1126 899/878/1126
f 864/848/1127 900/879/1127 865/849/1127
f 896/875/1128 820/805/1128 809/794/1128
f 861/845/1129 880/861/1129 901/880/1129
f 902/881/1130 903/882/1130 904/883/1130
f 848/831/1131 882/863/1131 905/884/1131
f 861/845/1132 901/880/1132 850/833/1132
f 814/799/1133 816/801/1133 807/792/1133
f 906/885/1134 907/886/1134 908/887/1134
f 909/888/1135 907/886/1135 906/885/1135
f 900/879/1136 910/889/1136 911/890/1136
f 882/863/1137 830/815/1137 905/884/1137
f 912/891/1138 913/892/1138 914/893/1138
f 900/879/1139 911/890/1139 915/894/1139
f 895/874/1140 880/861/1140 879/860/1140
f 908/887/1141 916/895/1141 906/885/1141
f 817/802/1142 917/896/1142 876/858/1142
f 815/800/1143 918/897/1143 816/801/1143
f 919/898/1144 863/847/1144 873/899/1144
f 909/888/1145 898/877/1145 907/886/1145
f 908/887/1146 841/826/1146 920/900/1146
f 823/808/1147 822/807/1147 899/878/1147
f 874/856/1148 813/798/1148 846/829/1148
f 845/828/1149 813/798/1149 921/901/1149
f 887/902/1150 874/856/1150 846/829/1150
f 922/903/1151 897/876/1151 899/878/1151
f 864/848/1152 923/904/1152 900/879/1152
f 907/886/1153 826/811/1153 908/887/1153
f 877/859/1154 924/905/1154 875/857/1154
f 868/852/1155 822/807/1155 837/822/1155
f 811/796/1156 851/834/1156 867/851/1156
f 840/825/1157 925/906/1157 864/848/1157
f 903/882/1158 911/890/1158 904/883/1158
f 923/904/1159 910/889/1159 900/879/1159
f 823/808/1160 898/877/1160 909/888/1160
f 801/786/1161 812/797/1161 926/907/1161
f 881/862/1162 861/845/1162 834/819/1162
f 927/908/1163 869/853/1163 815/800/1163
f 865/849/1164 920/900/1164 841/826/1164
f 928/909/1165 920/900/1165 865/849/1165
f 830/815/1166 829/814/1166 929/910/1166
f 907/886/1167 805/790/1167 826/811/1167
f 870/854/1168 930/911/1168 931/912/1168
f 872/913/1169 932/914/1169 873/899/1169
f 905/884/1170 933/915/1170 890/869/1170
f 923/904/1171 925/906/1171 860/844/1171
f 838/823/1172 935/916/1172 860/844/1172
f 832/817/1173 804/789/1173 858/842/1173
f 905/884/1174 830/815/1174 933/915/1174
f 899/878/1175 898/877/1175 823/808/1175
f 912/891/1176 914/893/1176 891/870/1176
f 857/840/1177 835/820/1177 853/836/1177
f 844/827/1178 927/908/1178 815/800/1178
f 915/894/1179 928/909/1179 900/879/1179
f 936/917/1180 898/877/1180 897/876/1180
f 827/812/1181 818/803/1181 858/842/1181
f 853/836/1182 932/914/1182 883/864/1182
f 937/918/1183 889/868/1183 862/846/1183
f 926/907/1184 802/787/1184 801/786/1184
f 917/896/1185 891/870/1185 938/919/1185
f 931/912/1186 939/920/1186 940/921/1186
f 922/903/1187 867/851/1187 851/834/1187
f 807/792/1188 816/801/1188 938/919/1188
f 930/911/1189 939/920/1189 931/912/1189
f 894/873/1190 936/917/1190 897/876/1190
f 825/810/1191 836/821/1191 841/826/1191
f 822/807/1192 922/903/1192 899/878/1192
f 941/922/1193 897/876/1193 922/903/1193
f 927/908/1194 930/911/1194 869/853/1194
f 914/893/1195 913/892/1195 807/792/1195
f 874/856/1196 887/902/1196 889/868/1196
f 860/844/1197 925/906/1197 859/843/1197
f 879/860/1198 881/862/1198 834/819/1198
f 869/853/1199 930/911/1199 870/854/1199
f 919/898/1200 932/914/1200 834/819/1200
f 812/797/1201 803/788/1201 921/901/1201
f 889/868/1202 887/902/1202 888/867/1202
f 812/797/1203 801/786/1203 803/788/1203
f 843/923/1204 855/838/1204 842/841/1204
f 936/917/1205 805/790/1205 907/886/1205
f 809/794/1206 808/793/1206 896/875/1206
f 901/880/1207 885/866/1207 850/833/1207
f 913/892/1208 808/793/1208 807/792/1208
f 912/891/1209 891/870/1209 893/872/1209
f 929/910/1210 838/823/1210 933/915/1210
f 902/881/1211 904/883/1211 942/924/1211
f 890/869/1212 848/831/1212 905/884/1212
f 864/848/1213 925/906/1213 923/904/1213
f 940/921/1214 943/925/1214 884/865/1214
f 937/918/1215 850/833/1215 874/856/1215
f 944/926/1216 833/818/1216 854/837/1216
f 935/916/1217 838/823/1217 929/910/1217
f 918/897/1218 815/800/1218 869/853/1218
f 812/797/1219 811/796/1219 926/907/1219
f 889/868/1220 937/918/1220 874/856/1220
f 820/805/1221 814/799/1221 809/794/1221
f 880/861/1222 808/793/1222 913/892/1222
f 841/826/1223 840/825/1223 865/849/1223
f 840/825/1224 836/821/1224 859/843/1224
f 849/832/1225 848/831/1225 875/857/1225
f 898/877/1226 936/917/1226 907/886/1226
f 892/871/1227 890/869/1227 852/835/1227
f 828/813/1228 893/872/1228 891/870/1228
f 944/926/1229 854/837/1229 856/839/1229
f 918/897/1230 869/853/1230 871/855/1230
f 807/792/1231 938/919/1231 891/870/1231
f 908/887/1232 920/900/1232 916/895/1232
f 917/896/1233 918/897/1233 871/855/1233
f 895/874/1234 808/793/1234 880/861/1234
f 912/891/1235 941/922/1235 885/866/1235
f 890/869/1236 892/871/1236 817/802/1236
f 924/905/1237 877/859/1237 871/855/1237
f 868/852/1238 922/903/1238 822/807/1238
f 858/842/1239 818/803/1239 892/871/1239
f 833/818/1240 879/860/1240 834/819/1240
f 819/804/1241 827/812/1241 828/813/1241
f 819/804/1242 917/896/1242 817/802/1242
f 862/846/1243 850/833/1243 937/918/1243
f 922/903/1244 868/852/1244 867/851/1244
f 875/857/1245 848/831/1245 876/858/1245
f 940/921/1246 884/865/1246 931/912/1246
f 908/887/1247 826/811/1247 825/810/1247
f 945/927/1248 856/839/1248 855/838/1248
f 944/926/1249 856/839/1249 895/874/1249
f 827/812/1250 858/842/1250 804/789/1250
f 834/819/1251 861/845/1251 919/898/1251
f 941/922/1252 922/903/1252 851/834/1252
f 894/873/1253 897/876/1253 941/922/1253
f 921/901/1254 878/928/1254 845/828/1254
f 805/790/1255 804/789/1255 826/811/1255
f 868/852/1256 837/822/1256 946/929/1256
f 857/840/1257 883/864/1257 886/930/1257
f 912/891/1258 893/872/1258 941/922/1258
f 924/905/1259 884/865/1259 875/857/1259
f 936/917/1260 806/791/1260 805/790/1260
f 939/920/1261 930/911/1261 927/908/1261
f 817/802/1262 892/871/1262 818/803/1262
f 945/927/1263 821/806/1263 856/839/1263
f 923/904/1264 942/924/1264 910/889/1264
f 942/924/1265 947/931/1265 948/932/1265
f 917/896/1266 871/855/1266 877/859/1266
f 873/899/1267 863/847/1267 888/867/1267
f 860/844/1268 948/932/1268 947/931/1268
f 938/919/1269 816/801/1269 918/897/1269
f 924/905/1270 870/854/1270 884/865/1270
f 827/812/1271 819/804/1271 818/803/1271
f 841/826/1272 908/887/1272 825/810/1272
f 938/919/1273 918/897/1273 917/896/1273
f 890/869/1274 817/802/1274 876/858/1274
f 854/837/1275 835/820/1275 857/840/1275
f 821/806/1276 820/805/1276 856/839/1276
f 892/871/1277 852/835/1277 839/824/1277
f 806/791/1278 827/812/1278 804/789/1278
f 917/896/1279 819/804/1279 891/870/1279
f 896/875/1280 856/839/1280 820/805/1280
f 910/889/1281 904/883/1281 911/890/1281
f 833/818/1282 944/926/1282 895/874/1282
f 929/910/1283 933/915/1283 830/815/1283
f 862/846/1284 889/868/1284 863/847/1284
f 910/889/1285 942/924/1285 904/883/1285
f 894/873/1286 828/813/1286 806/791/1286
f 866/850/1287 868/852/1287 946/929/1287
f 941/922/1288 893/872/1288 894/873/1288
f 901/880/1289 912/891/1289 885/866/1289
f 890/869/1290 933/915/1290 852/835/1290
f 936/917/1291 894/873/1291 806/791/1291
f 813/798/1292 812/797/1292 921/901/1292
f 931/912/1293 884/865/1293 870/854/1293
f 943/925/1294 849/832/1294 884/865/1294
f 885/866/1295 941/922/1295 851/834/1295
f 814/799/1296 807/792/1296 809/794/1296
f 880/861/1297 913/892/1297 901/880/1297
f 859/843/1298 925/906/1298 840/825/1298
f 870/854/1299 924/905/1299 871/855/1299
f 811/796/1300 867/851/1300 866/850/1300
f 896/875/1301 895/874/1301 856/839/1301
f 921/901/1302 803/788/1302 934/933/1302
f 877/859/1303 876/858/1303 917/896/1303
f 851/834/1304 811/796/1304 810/795/1304
f 912/891/1305 901/880/1305 913/892/1305
f 831/816/1306 882/863/1306 847/830/1306
f 928/909/1307 865/849/1307 900/879/1307
f 807/792/1308 891/870/1308 914/893/1308
f 947/931/1309 923/904/1309 860/844/1309
f 853/836/1310 834/819/1310 932/914/1310
f 861/845/1311 881/862/1311 880/861/1311
f 926/907/1312 811/796/1312 866/850/1312
f 833/818/1313 895/874/1313 879/860/1313
f 861/845/1314 863/847/1314 919/898/1314
f 933/915/1315 838/823/1315 852/835/1315
f 831/816/1316 830/815/1316 882/863/1316
f 946/929/1317 802/787/1317 926/907/1317
f 947/931/1318 942/924/1318 923/904/1318
f 932/914/1319 872/913/1319 883/864/1319
f 866/850/1320 946/929/1320 926/907/1320
f 873/899/1321 932/914/1321 919/898/1321
f 952/934/1322 953/935/1322 954/936/1322
f 955/937/1323 956/938/1323 957/939/1323
f 958/940/1324 959/941/1324 960/942/1324
f 950/943/1325 949/944/1325 961/945/1325
f 962/946/1326 952/934/1326 963/947/1326
f 965/948/1327 950/943/1327 966/949/1327
f 957/939/1328 956/938/1328 967/950/1328
f 970/951/1329 971/952/1329 972/953/1329
f 973/954/1330 974/955/1330 975/956/1330
f 974/955/1331 973/954/1331 968/957/1331
f 977/958/1332 978/959/1332 976/960/1332
f 979/961/1333 980/962/1333 976/960/1333
f 981/963/1334 982/964/1334 983/965/1334
f 959/941/1335 958/940/1335 984/966/1335
f 985/967/1336 986/968/1336 951/969/1336
f 972/953/1337 962/946/1337 970/951/1337
f 966/949/1338 950/943/1338 977/958/1338
f 987/970/1339 971/952/1339 988/971/1339
f 975/956/1340 988/971/1340 989/972/1340
f 957/939/1341 990/973/1341 991/974/1341
f 977/958/1342 976/960/1342 966/949/1342
f 976/960/1343 992/975/1343 979/961/1343
f 987/970/1344 972/953/1344 971/952/1344
f 974/955/1345 954/936/1345 953/935/1345
f 994/976/1346 971/952/1346 995/977/1346
f 972/953/1347 987/970/1347 953/935/1347
f 961/945/1348 994/976/1348 978/959/1348
f 974/955/1349 987/970/1349 988/971/1349
f 996/978/1350 991/974/1350 963/947/1350
f 955/937/1351 991/974/1351 996/978/1351
f 971/952/1352 994/976/1352 989/972/1352
f 989/972/1353 988/971/1353 971/952/1353
f 952/934/1354 996/978/1354 963/947/1354
f 997/979/1355 978/959/1355 994/976/1355
f 978/959/1356 977/958/1356 961/945/1356
f 954/936/1357 955/937/1357 996/978/1357
f 953/935/1358 962/946/1358 972/953/1358
f 998/980/1359 959/941/1359 984/966/1359
f 989/972/1360 994/976/1360 961/945/1360
f 978/959/1361 992/975/1361 976/960/1361
f 998/980/1362 984/966/1362 967/950/1362
f 975/956/1363 993/981/1363 973/954/1363
f 971/952/1364 970/951/1364 995/977/1364
f 957/939/1365 967/950/1365 984/966/1365
f 958/940/1366 990/973/1366 957/939/1366
f 998/980/1367 967/950/1367 956/938/1367
f 954/936/1368 974/955/1368 968/957/1368
f 974/955/1369 988/971/1369 975/956/1369
f 979/961/1370 985/967/1370 951/969/1370
f 951/969/1371 980/962/1371 979/961/1371
f 969/982/1372 956/938/1372 955/937/1372
f 955/937/1373 954/936/1373 968/957/1373
f 968/957/1374 969/982/1374 955/937/1374
f 1001/983/1375 961/945/1375 949/944/1375
f 996/978/1376 952/934/1376 954/936/1376
f 992/975/1377 1003/984/1377 979/961/1377
f 949/944/1378 975/956/1378 989/972/1378
f 975/956/1379 949/944/1379 993/981/1379
f 951/969/1380 986/968/1380 981/963/1380
f 977/958/1381 950/943/1381 961/945/1381
f 986/968/1382 982/964/1382 981/963/1382
f 989/972/1383 1001/983/1383 949/944/1383
f 958/940/1384 957/939/1384 984/966/1384
f 961/945/1385 1001/983/1385 989/972/1385
f 953/935/1386 952/934/1386 962/946/1386
f 955/937/1387 957/939/1387 991/974/1387
f 1004/985/1388 992/975/1388 978/959/1388
f 994/976/1389 995/977/1389 997/979/1389
f 992/975/1390 1004/985/1390 1003/984/1390
f 995/977/1391 1005/986/1391 997/979/1391
f 1006/987/1392 1003/984/1392 1004/985/1392
f 1004/985/1393 997/979/1393 1005/986/1393
f 986/968/1394 985/967/1394 1007/988/1394
f 986/968/1395 1008/989/1395 982/964/1395
f 1004/985/1396 1005/986/1396 1006/987/1396
f 986/968/1397 1007/988/1397 1008/989/1397
f 978/959/1398 997/979/1398 1004/985/1398
f 1008/989/1399 1007/988/1399 1009/990/1399
f 1003/984/1400 1006/987/1400 1007/988/1400
f 1010/991/1401 1011/992/1401 1006/987/1401
f 1006/987/1402 1009/990/1402 1007/988/1402
f 987/970/1403 974/955/1403 953/935/1403
f 1005/986/1404 1010/991/1404 1006/987/1404
f 985/967/1405 979/961/1405 1003/984/1405
f 1011/992/1406 1009/990/1406 1006/987/1406
f 1007/988/1407 985/967/1407 1003/984/1407
f 1012/993/1408 983/965/1408 982/964/1408
f 1008/989/1409 1009/990/1409 1013/994/1409
f 982/964/1410 1013/994/1410 1012/993/1410
f 982/964/1411 1008/989/1411 1013/994/1411
f 1014/995/1412 1015/996/1412 1016/997/1412
f 1017/998/1413 1018/999/1413 1019/1000/1413
f 1020/1001/1414 1021/1002/1414 1022/1003/1414
f 1016/997/1415 1017/998/1415 1023/1004/1415
f 1024/1005/1416 1025/1006/1416 1026/1007/1416
f 1029/1008/1417 1030/1009/1417 1031/1010/1417
f 1032/1011/1418 1033/1012/1418 1030/1009/1418
f 1015/996/1419 1014/995/1419 1034/1013/1419
f 1035/1014/1420 1036/1015/1420 1037/1016/1420
f 1020/1001/1421 1038/1017/1421 1039/1018/1421
f 1040/1019/1422 1041/1020/1422 1031/1010/1422
f 1019/1000/1423 1042/1021/1423 1043/1022/1423
f 1044/1023/1424 1027/1024/1424 1028/1025/1424
f 1023/1004/1425 1014/995/1425 1016/997/1425
f 1044/1023/1426 1045/1026/1426 1046/1027/1426
f 1045/1026/1427 1044/1023/1427 1047/1028/1427
f 1048/1029/1428 1049/1030/1428 1050/1031/1428
f 1043/1022/1429 1042/1021/1429 1051/1032/1429
f 1052/1033/1430 1053/1034/1430 1054/1035/1430
f 1055/1036/1431 1056/1037/1431 1041/1020/1431
f 1057/1038/1432 1017/998/1432 1016/997/1432
f 1042/1021/1433 1018/999/1433 1058/1039/1433
f 1054/1035/1434 1060/1040/1434 1052/1033/1434
f 1023/1004/1435 1017/998/1435 1061/1041/1435
f 1062/1042/1436 1053/1034/1436 1063/1043/1436
f 1065/1044/1437 1058/1039/1437 1057/1038/1437
f 1052/1033/1438 1059/1045/1438 1063/1043/1438
f 1023/1004/1439 1038/1017/1439 1022/1003/1439
f 1042/1021/1440 1019/1000/1440 1018/999/1440
f 1057/1038/1441 1026/1007/1441 1025/1006/1441
f 1068/1046/1442 1058/1039/1442 1065/1044/1442
f 1053/1034/1443 1068/1046/1443 1069/1047/1443
f 1070/1048/1444 1021/1002/1444 1020/1001/1444
f 1038/1017/1445 1023/1004/1445 1061/1041/1445
f 1071/1049/1446 1024/1005/1446 1056/1037/1446
f 1072/1050/1447 1067/1051/1447 1066/1052/1447
f 1058/1039/1448 1018/999/1448 1057/1038/1448
f 1069/1047/1449 1054/1035/1449 1053/1034/1449
f 1025/1006/1450 1065/1044/1450 1057/1038/1450
f 1033/1012/1451 1045/1026/1451 1073/1053/1451
f 1071/1049/1452 1055/1036/1452 1069/1047/1452
f 1074/1054/1453 1056/1037/1453 1024/1005/1453
f 1068/1046/1454 1075/1055/1454 1058/1039/1454
f 1062/1042/1455 1067/1051/1455 1053/1034/1455
f 1071/1049/1456 1025/1006/1456 1024/1005/1456
f 1039/1018/1457 1061/1041/1457 1019/1000/1457
f 1076/1056/1458 1039/1018/1458 1019/1000/1458
f 1068/1046/1459 1053/1034/1459 1067/1051/1459
f 1075/1055/1460 1072/1050/1460 1051/1032/1460
f 1016/997/1461 1026/1007/1461 1057/1038/1461
f 1073/1053/1462 1030/1009/1462 1033/1012/1462
f 1058/1039/1463 1075/1055/1463 1051/1032/1463
f 1051/1032/1464 1042/1021/1464 1058/1039/1464
f 1052/1033/1465 1060/1040/1465 1059/1045/1465
f 1077/1057/1466 1064/1058/1466 1078/1059/1466
f 1038/1017/1467 1061/1041/1467 1039/1018/1467
f 1079/1060/1468 1080/1061/1468 1081/1062/1468
f 1028/1025/1469 1059/1045/1469 1082/1063/1469
f 1083/1064/1470 1081/1062/1470 1084/1065/1470
f 1029/1008/1471 1085/1066/1471 1086/1067/1471
f 1055/1036/1472 1041/1020/1472 1054/1035/1472
f 1085/1066/1473 1084/1065/1473 1080/1061/1473
f 1039/1018/1474 1087/1068/1474 1020/1001/1474
f 1080/1061/1475 1086/1067/1475 1085/1066/1475
f 1060/1040/1476 1082/1063/1476 1059/1045/1476
f 1039/1018/1477 1076/1056/1477 1088/1069/1477
f 1035/1014/1478 1089/1070/1478 1056/1037/1478
f 1039/1018/1479 1088/1069/1479 1087/1068/1479
f 1038/1017/1480 1020/1001/1480 1022/1003/1480
f 1037/1016/1481 1083/1064/1481 1085/1066/1481
f 1056/1037/1482 1089/1070/1482 1041/1020/1482
f 1089/1070/1483 1085/1066/1483 1029/1008/1483
f 1090/1071/1484 1078/1059/1484 1048/1029/1484
f 1047/1028/1485 1073/1053/1485 1045/1026/1485
f 1090/1071/1486 1077/1057/1486 1078/1059/1486
f 1018/999/1487 1017/998/1487 1057/1038/1487
f 1081/1062/1488 1080/1061/1488 1084/1065/1488
f 1029/1008/1489 1086/1067/1489 1091/1072/1489
f 1078/1059/1490 1064/1058/1490 1049/1030/1490
f 1084/1065/1491 1085/1066/1491 1083/1064/1491
f 1033/1012/1492 1032/1011/1492 1092/1073/1492
f 1040/1019/1493 1054/1035/1493 1041/1020/1493
f 1035/1014/1494 1085/1066/1494 1089/1070/1494
f 1031/1010/1495 1073/1053/1495 1040/1019/1495
f 1035/1014/1496 1037/1016/1496 1085/1066/1496
f 1035/1014/1497 1074/1054/1497 1036/1015/1497
f 1093/1074/1498 1079/1060/1498 1081/1062/1498
f 1026/1007/1499 1074/1054/1499 1024/1005/1499
f 1074/1054/1500 1026/1007/1500 1094/1075/1500
f 1034/1013/1501 1095/1076/1501 1015/996/1501
f 1015/996/1502 1094/1075/1502 1026/1007/1502
f 1035/1014/1503 1056/1037/1503 1074/1054/1503
f 1015/996/1504 1095/1076/1504 1096/1077/1504
f 1033/1012/1505 1092/1073/1505 1045/1026/1505
f 1053/1034/1506 1052/1033/1506 1063/1043/1506
f 1015/996/1507 1026/1007/1507 1016/997/1507
f 1072/1050/1508 1075/1055/1508 1067/1051/1508
f 1056/1037/1509 1055/1036/1509 1071/1049/1509
f 1073/1053/1510 1047/1028/1510 1040/1019/1510
f 1031/1010/1511 1041/1020/1511 1029/1008/1511
f 1097/1078/1512 1096/1077/1512 1095/1076/1512
f 1094/1075/1513 1015/996/1513 1096/1077/1513
f 1070/1048/1514 1020/1001/1514 1087/1068/1514
f 1096/1077/1515 1036/1015/1515 1094/1075/1515
f 1055/1036/1516 1054/1035/1516 1069/1047/1516
f 1082/1063/1517 1047/1028/1517 1044/1023/1517
f 1075/1055/1518 1068/1046/1518 1067/1051/1518
f 1082/1063/1519 1060/1040/1519 1047/1028/1519
f 1044/1023/1520 1098/1079/1520 1027/1024/1520
f 1049/1030/1521 1048/1029/1521 1078/1059/1521
f 1060/1040/1522 1040/1019/1522 1047/1028/1522
f 1099/1080/1523 1083/1064/1523 1037/1016/1523
f 1019/1000/1524 1061/1041/1524 1017/998/1524
f 1036/1015/1525 1074/1054/1525 1094/1075/1525
f 1073/1053/1526 1031/1010/1526 1030/1009/1526
f 1030/1009/1527 1029/1008/1527 1032/1011/1527
f 1065/1044/1528 1069/1047/1528 1068/1046/1528
f 1096/1077/1529 1097/1078/1529 1100/1081/1529
f 1096/1077/1530 1100/1081/1530 1101/1082/1530
f 1101/1082/1531 1102/1083/1531 1103/1084/1531
f 1104/1085/1532 1077/1057/1532 1090/1071/1532
f 1105/1086/1533 1106/1087/1533 1107/1088/1533
f 1108/1089/1534 1109/1090/1534 1110/1091/1534
f 1109/1090/1535 1108/1089/1535 1111/1092/1535
f 1071/1049/1536 1065/1044/1536 1025/1006/1536
f 1112/1093/1537 1070/1048/1537 1087/1068/1537
f 1103/1084/1538 1109/1090/1538 1113/1094/1538
f 1103/1084/1539 1113/1094/1539 1114/1095/1539
f 1112/1093/1540 1116/1096/1540 1070/1048/1540
f 1112/1093/1541 1117/1097/1541 1116/1096/1541
f 1040/1019/1542 1060/1040/1542 1054/1035/1542
f 1111/1092/1543 1113/1094/1543 1109/1090/1543
f 1118/1098/1544 1119/1099/1544 1120/1100/1544
f 1113/1094/1545 1099/1080/1545 1114/1095/1545
f 1121/1101/1546 1093/1074/1546 1081/1062/1546
f 1122/1102/1547 1079/1060/1547 1123/1103/1547
f 1111/1092/1548 1124/1104/1548 1113/1094/1548
f 1122/1102/1549 1123/1103/1549 1125/1105/1549
f 1126/1106/1550 1115/1107/1550 1127/1108/1550
f 1128/1109/1551 1129/1110/1551 1130/1111/1551
f 1130/1111/1552 1124/1104/1552 1128/1109/1552
f 1113/1094/1553 1131/1112/1553 1099/1080/1553
f 1069/1047/1554 1065/1044/1554 1071/1049/1554
f 1132/1113/1555 1093/1074/1555 1121/1101/1555
f 1133/1114/1556 1127/1108/1556 1115/1107/1556
f 1134/1115/1557 1123/1103/1557 1135/1116/1557
f 1132/1113/1558 1079/1060/1558 1093/1074/1558
f 1130/1111/1559 1136/1117/1559 1124/1104/1559
f 1124/1104/1560 1136/1117/1560 1131/1112/1560
f 1137/1118/1561 1138/1119/1561 1139/1120/1561
f 1126/1106/1562 1127/1108/1562 1140/1121/1562
f 1127/1108/1563 1139/1120/1563 1140/1121/1563
f 1130/1111/1564 1140/1121/1564 1136/1117/1564
f 1127/1108/1565 1137/1118/1565 1139/1120/1565
f 1141/1122/1566 1142/1123/1566 1135/1116/1566
f 1140/1121/1567 1139/1120/1567 1138/1119/1567
f 1138/1119/1568 1143/1124/1568 1140/1121/1568
f 1111/1092/1569 1108/1089/1569 1128/1109/1569
f 1144/1125/1570 1145/1126/1570 1137/1118/1570
f 1145/1126/1571 1138/1119/1571 1137/1118/1571
f 1138/1119/1572 1146/1127/1572 1143/1124/1572
f 1123/1103/1573 1134/1115/1573 1125/1105/1573
f 1147/1128/1574 1148/1129/1574 1132/1113/1574
f 1129/1110/1575 1149/1130/1575 1150/1131/1575
f 1136/1117/1576 1147/1128/1576 1131/1112/1576
f 1132/1113/1577 1121/1101/1577 1147/1128/1577
f 1151/1132/1578 1141/1122/1578 1152/1133/1578
f 1153/1134/1579 1137/1118/1579 1127/1108/1579
f 1154/1135/1580 1129/1110/1580 1150/1131/1580
f 1141/1122/1581 1146/1127/1581 1155/1136/1581
f 1141/1122/1582 1148/1129/1582 1147/1128/1582
f 1146/1127/1583 1156/1137/1583 1155/1136/1583
f 1048/1029/1584 1157/1138/1584 1117/1097/1584
f 1120/1100/1585 1157/1138/1585 1118/1098/1585
f 1136/1117/1586 1140/1121/1586 1143/1124/1586
f 1132/1113/1587 1123/1103/1587 1079/1060/1587
f 1154/1135/1588 1130/1111/1588 1129/1110/1588
f 1143/1124/1589 1146/1127/1589 1141/1122/1589
f 1151/1132/1590 1158/1139/1590 1142/1123/1590
f 1147/1128/1591 1121/1101/1591 1131/1112/1591
f 1029/1008/1592 1091/1072/1592 1032/1011/1592
f 1050/1031/1593 1157/1138/1593 1048/1029/1593
f 1083/1064/1594 1121/1101/1594 1081/1062/1594
f 1101/1082/1595 1103/1084/1595 1114/1095/1595
f 1036/1015/1596 1114/1095/1596 1037/1016/1596
f 1036/1015/1597 1101/1082/1597 1114/1095/1597
f 1131/1112/1598 1083/1064/1598 1099/1080/1598
f 1037/1016/1599 1114/1095/1599 1099/1080/1599
f 1036/1015/1600 1096/1077/1600 1101/1082/1600
f 1146/1127/1601 1138/1119/1601 1145/1126/1601
f 1098/1079/1602 1044/1023/1602 1046/1027/1602
f 1028/1025/1603 1082/1063/1603 1044/1023/1603
f 1156/1137/1604 1146/1127/1604 1145/1126/1604
f 1147/1128/1605 1136/1117/1605 1143/1124/1605
f 1158/1139/1606 1135/1116/1606 1142/1123/1606
f 1112/1093/1607 1090/1071/1607 1117/1097/1607
f 1124/1104/1608 1131/1112/1608 1113/1094/1608
f 1121/1101/1609 1083/1064/1609 1131/1112/1609
f 1089/1070/1610 1029/1008/1610 1041/1020/1610
f 1141/1122/1611 1147/1128/1611 1143/1124/1611
f 1107/1088/1612 1116/1096/1612 1105/1086/1612
f 1120/1100/1613 1117/1097/1613 1157/1138/1613
f 1159/1140/1614 1160/1141/1614 1129/1110/1614
f 1161/1142/1615 1162/1143/1615 1163/1144/1615
f 1159/1140/1616 1164/1145/1616 1160/1141/1616
f 1150/1131/1617 1165/1146/1617 1154/1135/1617
f 1120/1100/1618 1119/1099/1618 1166/1147/1618
f 1167/1148/1619 1168/1149/1619 1169/1150/1619
f 1119/1099/1620 1170/1151/1620 1166/1147/1620
f 1171/1152/1621 1172/1153/1621 1173/1154/1621
f 1164/1145/1622 1174/1155/1622 1175/1156/1622
f 1135/1116/1623 1123/1103/1623 1148/1129/1623
f 1141/1122/1624 1151/1132/1624 1142/1123/1624
f 1087/1068/1625 1104/1085/1625 1090/1071/1625
f 1177/1157/1626 1170/1151/1626 1163/1144/1626
f 1151/1132/1627 1152/1133/1627 1158/1139/1627
f 1177/1157/1628 1163/1144/1628 1179/1158/1628
f 1171/1152/1629 1173/1154/1629 1181/1159/1629
f 1182/1160/1630 1183/1161/1630 1184/1162/1630
f 1185/1163/1631 1160/1141/1631 1164/1145/1631
f 1170/1151/1632 1172/1153/1632 1166/1147/1632
f 1186/1164/1633 1184/1162/1633 1167/1148/1633
f 1023/1004/1634 1022/1003/1634 1187/1165/1634
f 1188/1166/1635 1162/1143/1635 1176/1167/1635
f 1177/1157/1636 1189/1168/1636 1173/1154/1636
f 1097/1078/1637 1182/1160/1637 1102/1083/1637
f 1090/1071/1638 1112/1093/1638 1087/1068/1638
f 1021/1002/1639 1070/1048/1639 1107/1088/1639
f 1103/1084/1640 1110/1091/1640 1109/1090/1640
f 1187/1165/1641 1190/1169/1641 1014/995/1641
f 1095/1076/1642 1034/1013/1642 1190/1169/1642
f 1191/1170/1643 1167/1148/1643 1169/1150/1643
f 1163/1144/1644 1162/1143/1644 1179/1158/1644
f 1106/1087/1645 1192/1171/1645 1193/1172/1645
f 1194/1173/1646 1181/1159/1646 1173/1154/1646
f 1192/1171/1647 1106/1087/1647 1105/1086/1647
f 1107/1088/1648 1070/1048/1648 1116/1096/1648
f 1168/1149/1649 1194/1173/1649 1173/1154/1649
f 1117/1097/1650 1090/1071/1650 1048/1029/1650
f 1117/1097/1651 1120/1100/1651 1116/1096/1651
f 1116/1096/1652 1166/1147/1652 1172/1153/1652
f 1189/1168/1653 1168/1149/1653 1173/1154/1653
f 1107/1088/1654 1106/1087/1654 1022/1003/1654
f 1180/1174/1655 1165/1146/1655 1195/1175/1655
f 1169/1150/1656 1168/1149/1656 1175/1156/1656
f 1159/1140/1657 1174/1155/1657 1164/1145/1657
f 1153/1134/1658 1144/1125/1658 1137/1118/1658
f 1179/1158/1659 1175/1156/1659 1189/1168/1659
f 1194/1173/1660 1168/1149/1660 1167/1148/1660
f 1179/1158/1661 1162/1143/1661 1175/1156/1661
f 1181/1159/1662 1194/1173/1662 1184/1162/1662
f 1174/1155/1663 1169/1150/1663 1175/1156/1663
f 1193/1172/1664 1181/1159/1664 1196/1176/1664
f 1135/1116/1665 1158/1139/1665 1134/1115/1665
f 1022/1003/1666 1106/1087/1666 1193/1172/1666
f 1130/1111/1667 1126/1106/1667 1140/1121/1667
f 1130/1111/1668 1197/1177/1668 1126/1106/1668
f 1175/1156/1669 1168/1149/1669 1189/1168/1669
f 1115/1107/1670 1126/1106/1670 1198/1178/1670
f 1184/1162/1671 1183/1161/1671 1181/1159/1671
f 1183/1161/1672 1196/1176/1672 1181/1159/1672
f 1161/1142/1673 1163/1144/1673 1170/1151/1673
f 1126/1106/1674 1197/1177/1674 1198/1178/1674
f 1105/1086/1675 1171/1152/1675 1192/1171/1675
f 1148/1129/1676 1123/1103/1676 1132/1113/1676
f 1107/1088/1677 1022/1003/1677 1021/1002/1677
f 1165/1146/1678 1178/1179/1678 1197/1177/1678
f 1196/1176/1679 1187/1165/1679 1022/1003/1679
f 1187/1165/1680 1014/995/1680 1023/1004/1680
f 1192/1171/1681 1181/1159/1681 1193/1172/1681
f 1175/1156/1682 1162/1143/1682 1188/1166/1682
f 1180/1174/1683 1178/1179/1683 1165/1146/1683
f 1148/1129/1684 1141/1122/1684 1135/1116/1684
f 1192/1171/1685 1171/1152/1685 1181/1159/1685
f 1165/1146/1686 1197/1177/1686 1154/1135/1686
f 1172/1153/1687 1177/1157/1687 1173/1154/1687
f 1177/1157/1688 1172/1153/1688 1170/1151/1688
f 1186/1164/1689 1182/1160/1689 1184/1162/1689
f 1191/1170/1690 1186/1164/1690 1167/1148/1690
f 1172/1153/1691 1171/1152/1691 1105/1086/1691
f 1154/1135/1692 1197/1177/1692 1130/1111/1692
f 1195/1175/1693 1165/1146/1693 1150/1131/1693
f 1182/1160/1694 1186/1164/1694 1102/1083/1694
f 1166/1147/1695 1116/1096/1695 1120/1100/1695
f 1191/1170/1696 1159/1140/1696 1110/1091/1696
f 1183/1161/1697 1182/1160/1697 1190/1169/1697
f 1183/1161/1698 1190/1169/1698 1196/1176/1698
f 1187/1165/1699 1196/1176/1699 1190/1169/1699
f 1149/1130/1700 1199/1180/1700 1195/1175/1700
f 1194/1173/1701 1167/1148/1701 1184/1162/1701
f 1103/1084/1702 1186/1164/1702 1110/1091/1702
f 1102/1083/1703 1186/1164/1703 1103/1084/1703
f 1200/1181/1704 1199/1180/1704 1149/1130/1704
f 1177/1157/1705 1179/1158/1705 1189/1168/1705
f 1095/1076/1706 1182/1160/1706 1097/1078/1706
f 1129/1110/1707 1128/1109/1707 1108/1089/1707
f 1105/1086/1708 1116/1096/1708 1172/1153/1708
f 1190/1169/1709 1034/1013/1709 1014/995/1709
f 1185/1163/1710 1175/1156/1710 1188/1166/1710
f 1164/1145/1711 1175/1156/1711 1185/1163/1711
f 1190/1169/1712 1182/1160/1712 1095/1076/1712
f 1174/1155/1713 1159/1140/1713 1191/1170/1713
f 1178/1179/1714 1198/1178/1714 1197/1177/1714
f 1100/1081/1715 1097/1078/1715 1102/1083/1715
f 1149/1130/1716 1129/1110/1716 1160/1141/1716
f 1110/1091/1717 1159/1140/1717 1108/1089/1717
f 1102/1083/1718 1101/1082/1718 1100/1081/1718
f 1195/1175/1719 1199/1180/1719 1180/1174/1719
f 1191/1170/1720 1169/1150/1720 1174/1155/1720
f 1149/1130/1721 1195/1175/1721 1150/1131/1721
f 1111/1092/1722 1128/1109/1722 1124/1104/1722
f 1185/1163/1723 1200/1181/1723 1160/1141/1723
f 1191/1170/1724 1110/1091/1724 1186/1164/1724
f 1196/1176/1725 1022/1003/1725 1193/1172/1725
f 1108/1089/1726 1159/1140/1726 1129/1110/1726
f 1200/1181/1727 1149/1130/1727 1160/1141/1727
f 1185/1163/1728 1188/1166/1728 1200/1181/1728
f 1201/1182/1729 1202/1183/1729 1203/1184/1729
f 1204/1185/1730 1205/1186/1730 1206/1187/1730
f 1207/1188/1731 1208/1189/1731 1209/1190/1731
f 1210/1191/1732 1211/1192/1732 1212/1193/1732
f 1203/1184/1733 1213/1194/1733 1214/1195/1733
f 1215/1196/1734 1216/1197/1734 1201/1182/1734
f 1217/1198/1735 1218/1199/1735 1208/1189/1735
f 1203/1184/1736 1219/1200/1736 1201/1182/1736
f 1214/1195/1737 1220/1201/1737 1221/1202/1737
f 1222/1203/1738 1223/1204/1738 1205/1186/1738
f 1224/1205/1739 1225/1206/1739 1226/1207/1739
f 1224/1205/1740 1227/1208/1740 1225/1206/1740
f 1228/1209/1741 1229/1210/1741 1230/1211/1741
f 1231/1212/1742 1230/1211/1742 1229/1210/1742
f 1225/1206/1743 1232/1213/1743 1233/1214/1743
f 1234/1215/1744 1235/1216/1744 1231/1212/1744
f 1236/1217/1745 1237/1218/1745 1238/1219/1745
f 1221/1202/1746 1203/1184/1746 1214/1195/1746
f 1236/1217/1747 1225/1206/1747 1233/1214/1747
f 1232/1213/1748 1234/1215/1748 1233/1214/1748
f 1237/1218/1749 1236/1217/1749 1239/1220/1749
f 1240/1221/1750 1237/1218/1750 1239/1220/1750
f 1227/1208/1751 1232/1213/1751 1225/1206/1751
f 1239/1220/1752 1236/1217/1752 1241/1222/1752
f 1233/1214/1753 1234/1215/1753 1241/1222/1753
f 1242/1223/1754 1240/1221/1754 1239/1220/1754
f 1242/1223/1755 1243/1224/1755 1240/1221/1755
f 1243/1224/1756 1242/1223/1756 1244/1225/1756
f 1242/1223/1757 1245/1226/1757 1244/1225/1757
f 1244/1225/1758 1246/1227/1758 1243/1224/1758
f 1247/1228/1759 1248/1229/1759 1244/1225/1759
f 1248/1229/1760 1247/1228/1760 1249/1230/1760
f 1243/1224/1761 1250/1231/1761 1251/1232/1761
f 1252/1233/1762 1248/1229/1762 1249/1230/1762
f 1246/1227/1763 1250/1231/1763 1243/1224/1763
f 1248/1229/1764 1252/1233/1764 1253/1234/1764
f 1246/1227/1765 1254/1235/1765 1250/1231/1765
f 1255/1236/1766 1248/1229/1766 1256/1237/1766
f 1250/1231/1767 1254/1235/1767 1257/1238/1767
f 1250/1231/1768 1257/1238/1768 1258/1239/1768
f 1256/1237/1769 1248/1229/1769 1253/1234/1769
f 1233/1214/1770 1241/1222/1770 1236/1217/1770
f 1259/1240/1771 1255/1236/1771 1256/1237/1771
f 1260/1241/1772 1257/1238/1772 1259/1240/1772
f 1261/1242/1773 1257/1238/1773 1260/1241/1773
f 1259/1240/1774 1262/1243/1774 1260/1241/1774
f 1259/1240/1775 1263/1244/1775 1262/1243/1775
f 1260/1241/1776 1264/1245/1776 1261/1242/1776
f 1202/1183/1777 1265/1246/1777 1266/1247/1777
f 1262/1243/1778 1267/1248/1778 1268/1249/1778
f 1268/1249/1779 1269/1250/1779 1270/1251/1779
f 1264/1245/1780 1268/1249/1780 1271/1252/1780
f 1244/1225/1781 1255/1236/1781 1246/1227/1781
f 1254/1235/1782 1255/1236/1782 1259/1240/1782
f 1244/1225/1783 1248/1229/1783 1255/1236/1783
f 1268/1249/1784 1270/1251/1784 1271/1252/1784
f 1244/1225/1785 1245/1226/1785 1247/1228/1785
f 1271/1252/1786 1270/1251/1786 1272/1253/1786
f 1213/1194/1787 1273/1254/1787 1205/1186/1787
f 1274/1255/1788 1241/1222/1788 1234/1215/1788
f 1234/1215/1789 1232/1213/1789 1235/1216/1789
f 1213/1194/1790 1203/1184/1790 1266/1247/1790
f 1262/1243/1791 1264/1245/1791 1260/1241/1791
f 1236/1217/1792 1275/1256/1792 1225/1206/1792
f 1251/1232/1793 1250/1231/1793 1258/1239/1793
f 1267/1248/1794 1262/1243/1794 1263/1244/1794
f 1276/1257/1795 1277/1258/1795 1272/1253/1795
f 1220/1201/1796 1214/1195/1796 1213/1194/1796
f 1202/1183/1797 1278/1259/1797 1265/1246/1797
f 1279/1260/1798 1220/1201/1798 1280/1261/1798
f 1281/1262/1799 1277/1258/1799 1276/1257/1799
f 1239/1220/1800 1241/1222/1800 1245/1226/1800
f 1245/1226/1801 1241/1222/1801 1247/1228/1801
f 1282/1263/1802 1283/1264/1802 1284/1265/1802
f 1259/1240/1803 1256/1237/1803 1263/1244/1803
f 1276/1257/1804 1272/1253/1804 1270/1251/1804
f 1263/1244/1805 1256/1237/1805 1253/1234/1805
f 1285/1266/1806 1204/1185/1806 1211/1192/1806
f 1264/1245/1807 1262/1243/1807 1268/1249/1807
f 1255/1236/1808 1254/1235/1808 1246/1227/1808
f 1220/1201/1809 1286/1267/1809 1221/1202/1809
f 1222/1203/1810 1273/1254/1810 1266/1247/1810
f 1242/1223/1811 1239/1220/1811 1245/1226/1811
f 1230/1211/1812 1287/1268/1812 1228/1209/1812
f 1274/1255/1813 1234/1215/1813 1288/1269/1813
f 1212/1193/1814 1289/1270/1814 1290/1271/1814
f 1277/1258/1815 1281/1262/1815 1290/1271/1815
f 1254/1235/1816 1259/1240/1816 1257/1238/1816
f 1291/1272/1817 1287/1268/1817 1230/1211/1817
f 1288/1269/1818 1234/1215/1818 1231/1212/1818
f 1235/1216/1819 1230/1211/1819 1231/1212/1819
f 1274/1255/1820 1247/1228/1820 1241/1222/1820
f 1202/1183/1821 1201/1182/1821 1216/1197/1821
f 1289/1270/1822 1212/1193/1822 1292/1273/1822
f 1238/1219/1823 1275/1256/1823 1236/1217/1823
f 1266/1247/1824 1293/1274/1824 1222/1203/1824
f 1286/1267/1825 1219/1200/1825 1221/1202/1825
f 1220/1201/1826 1294/1275/1826 1295/1276/1826
f 1296/1277/1827 1297/1278/1827 1298/1279/1827
f 1278/1259/1828 1202/1183/1828 1299/1280/1828
f 1266/1247/1829 1203/1184/1829 1202/1183/1829
f 1290/1271/1830 1300/1281/1830 1212/1193/1830
f 1269/1250/1831 1268/1249/1831 1267/1248/1831
f 1278/1259/1832 1208/1189/1832 1301/1282/1832
f 1302/1283/1833 1269/1250/1833 1267/1248/1833
f 1303/1284/1834 1304/1285/1834 1293/1274/1834
f 1302/1283/1835 1267/1248/1835 1263/1244/1835
f 1263/1244/1836 1253/1234/1836 1302/1283/1836
f 1301/1282/1837 1305/1286/1837 1303/1284/1837
f 1299/1280/1838 1209/1190/1838 1278/1259/1838
f 1280/1261/1839 1204/1185/1839 1306/1287/1839
f 1223/1204/1840 1222/1203/1840 1293/1274/1840
f 1249/1230/1841 1274/1255/1841 1288/1269/1841
f 1307/1288/1842 1308/1289/1842 1264/1245/1842
f 1309/1290/1843 1310/1291/1843 1311/1292/1843
f 1293/1274/1844 1265/1246/1844 1303/1284/1844
f 1298/1279/1845 1312/1293/1845 1295/1276/1845
f 1313/1294/1846 1284/1265/1846 1314/1295/1846
f 1278/1259/1847 1209/1190/1847 1208/1189/1847
f 1274/1255/1848 1249/1230/1848 1247/1228/1848
f 1265/1246/1849 1278/1259/1849 1301/1282/1849
f 1296/1277/1850 1298/1279/1850 1295/1276/1850
f 1309/1290/1851 1311/1292/1851 1297/1278/1851
f 1315/1296/1852 1279/1260/1852 1280/1261/1852
f 1211/1192/1853 1316/1297/1853 1285/1266/1853
f 1206/1187/1854 1211/1192/1854 1204/1185/1854
f 1202/1183/1855 1216/1197/1855 1299/1280/1855
f 1289/1270/1856 1304/1285/1856 1305/1286/1856
f 1203/1184/1857 1221/1202/1857 1219/1200/1857
f 1205/1186/1858 1280/1261/1858 1213/1194/1858
f 1223/1204/1859 1292/1273/1859 1206/1187/1859
f 1304/1285/1860 1292/1273/1860 1223/1204/1860
f 1280/1261/1861 1220/1201/1861 1213/1194/1861
f 1285/1266/1862 1306/1287/1862 1204/1185/1862
f 1305/1286/1863 1317/1298/1863 1318/1299/1863
f 1206/1187/1864 1292/1273/1864 1211/1192/1864
f 1319/1300/1865 1320/1301/1865 1321/1302/1865
f 1292/1273/1866 1304/1285/1866 1289/1270/1866
f 1322/1303/1867 1301/1282/1867 1218/1199/1867
f 1315/1296/1868 1280/1261/1868 1306/1287/1868
f 1323/1304/1869 1319/1300/1869 1307/1288/1869
f 1205/1186/1870 1223/1204/1870 1206/1187/1870
f 1305/1286/1871 1304/1285/1871 1303/1284/1871
f 1208/1189/1872 1207/1188/1872 1217/1198/1872
f 1208/1189/1873 1218/1199/1873 1301/1282/1873
f 1223/1204/1874 1293/1274/1874 1304/1285/1874
f 1265/1246/1875 1301/1282/1875 1303/1284/1875
f 1211/1192/1876 1292/1273/1876 1212/1193/1876
f 1291/1272/1877 1230/1211/1877 1235/1216/1877
f 1324/1305/1878 1235/1216/1878 1325/1306/1878
f 1326/1307/1879 1235/1216/1879 1324/1305/1879
f 1325/1306/1880 1235/1216/1880 1232/1213/1880
f 1301/1282/1881 1322/1303/1881 1317/1298/1881
f 1325/1306/1882 1232/1213/1882 1227/1208/1882
f 1235/1216/1883 1326/1307/1883 1291/1272/1883
f 1273/1254/1884 1222/1203/1884 1205/1186/1884
f 1205/1186/1885 1204/1185/1885 1280/1261/1885
f 1301/1282/1886 1317/1298/1886 1305/1286/1886
f 1218/1199/1887 1217/1198/1887 1327/1308/1887
f 1273/1254/1888 1213/1194/1888 1266/1247/1888
f 1321/1302/1889 1289/1270/1889 1305/1286/1889
f 1266/1247/1890 1265/1246/1890 1293/1274/1890
f 1328/1309/1891 1317/1298/1891 1322/1303/1891
f 1217/1198/1892 1329/1310/1892 1327/1308/1892
f 1330/1311/1893 1331/1312/1893 1332/1313/1893
f 1321/1302/1894 1305/1286/1894 1318/1299/1894
f 1218/1199/1895 1327/1308/1895 1322/1303/1895
f 1210/1191/1896 1212/1193/1896 1300/1281/1896
f 1289/1270/1897 1321/1302/1897 1320/1301/1897
f 1318/1299/1898 1317/1298/1898 1328/1309/1898
f 1333/1314/1899 1334/1315/1899 1335/1316/1899
f 1333/1314/1900 1336/1317/1900 1337/1318/1900
f 1340/1319/1901 1341/1320/1901 1342/1321/1901
f 1334/1315/1902 1343/1322/1902 1344/1323/1902
f 1345/1324/1903 1346/1325/1903 1347/1326/1903
f 1211/1192/1904 1210/1191/1904 1316/1297/1904
f 1339/1327/1905 1338/1328/1905 1335/1316/1905
f 1336/1317/1906 1335/1316/1906 1338/1328/1906
f 1343/1322/1907 1348/1329/1907 1349/1330/1907
f 1334/1315/1908 1333/1314/1908 1337/1318/1908
f 1350/1331/1909 1336/1317/1909 1338/1328/1909
f 1351/1332/1910 1350/1331/1910 1352/1333/1910
f 1354/1334/1911 1334/1315/1911 1337/1318/1911
f 1346/1325/1912 1336/1317/1912 1350/1331/1912
f 1290/1271/1913 1289/1270/1913 1320/1301/1913
f 1321/1302/1914 1318/1299/1914 1319/1300/1914
f 1339/1327/1915 1335/1316/1915 1344/1323/1915
f 1355/1335/1916 1322/1303/1916 1327/1308/1916
f 1290/1271/1917 1320/1301/1917 1277/1258/1917
f 1336/1317/1918 1346/1325/1918 1337/1318/1918
f 1335/1316/1919 1334/1315/1919 1344/1323/1919
f 1319/1300/1920 1323/1304/1920 1320/1301/1920
f 1337/1318/1921 1340/1319/1921 1354/1334/1921
f 1340/1319/1922 1337/1318/1922 1345/1324/1922
f 1300/1281/1923 1290/1271/1923 1281/1262/1923
f 1272/1253/1924 1277/1258/1924 1320/1301/1924
f 1336/1317/1925 1333/1314/1925 1335/1316/1925
f 1342/1321/1926 1354/1334/1926 1340/1319/1926
f 1320/1301/1927 1323/1304/1927 1272/1253/1927
f 1271/1252/1928 1272/1253/1928 1323/1304/1928
f 1350/1331/1929 1338/1328/1929 1353/1336/1929
f 1342/1321/1930 1343/1322/1930 1354/1334/1930
f 1346/1325/1931 1351/1332/1931 1347/1326/1931
f 1343/1322/1932 1349/1330/1932 1344/1323/1932
f 1264/1245/1933 1271/1252/1933 1323/1304/1933
f 1334/1315/1934 1354/1334/1934 1343/1322/1934
f 1351/1332/1935 1346/1325/1935 1350/1331/1935
f 1342/1321/1936 1348/1329/1936 1343/1322/1936
f 1350/1331/1937 1353/1336/1937 1352/1333/1937
f 1307/1288/1938 1264/1245/1938 1323/1304/1938
f 1356/1337/1939 1357/1338/1939 1358/1339/1939
f 1345/1324/1940 1337/1318/1940 1346/1325/1940
f 1359/1340/1941 1360/1341/1941 1361/1342/1941
f 1362/1343/1942 1359/1340/1942 1361/1342/1942
f 1363/1344/1943 1364/1345/1943 1365/1346/1943
f 1366/1347/1944 1331/1312/1944 1215/1196/1944
f 1360/1341/1945 1364/1345/1945 1363/1344/1945
f 1367/1348/1946 1368/1349/1946 1369/1350/1946
f 1215/1196/1947 1201/1182/1947 1219/1200/1947
f 1365/1346/1948 1370/1351/1948 1363/1344/1948
f 1371/1352/1949 1360/1341/1949 1372/1353/1949
f 1373/1354/1950 1367/1348/1950 1374/1355/1950
f 1375/1356/1951 1376/1357/1951 1377/1358/1951
f 1370/1351/1952 1378/1359/1952 1379/1360/1952
f 1380/1361/1953 1368/1349/1953 1381/1362/1953
f 1237/1218/1954 1382/1363/1954 1375/1356/1954
f 1219/1200/1955 1286/1267/1955 1314/1295/1955
f 1251/1232/1956 1383/1364/1956 1384/1365/1956
f 1385/1366/1957 1386/1367/1957 1387/1368/1957
f 1388/1369/1958 1389/1370/1958 1390/1371/1958
f 1357/1338/1959 1391/1372/1959 1392/1373/1959
f 1393/1374/1960 1394/1375/1960 1395/1376/1960
f 1373/1354/1961 1374/1355/1961 1389/1370/1961
f 1396/1377/1962 1397/1378/1962 1386/1367/1962
f 1380/1361/1963 1398/1379/1963 1399/1380/1963
f 1379/1360/1964 1400/1381/1964 1370/1351/1964
f 1381/1362/1965 1401/1382/1965 1402/1383/1965
f 1396/1377/1966 1403/1384/1966 1404/1385/1966
f 1377/1358/1967 1367/1348/1967 1369/1350/1967
f 1405/1386/1968 1406/1387/1968 1407/1388/1968
f 1360/1341/1969 1363/1344/1969 1372/1353/1969
f 1388/1369/1970 1401/1382/1970 1373/1354/1970
f 1367/1348/1971 1377/1358/1971 1374/1355/1971
f 1356/1337/1972 1408/1389/1972 1391/1372/1972
f 1409/1390/1973 1410/1391/1973 1411/1392/1973
f 1261/1242/1974 1264/1245/1974 1308/1289/1974
f 1401/1382/1975 1412/1393/1975 1402/1383/1975
f 1275/1256/1976 1226/1207/1976 1225/1206/1976
f 1413/1394/1977 1414/1395/1977 1385/1366/1977
f 1398/1379/1978 1380/1361/1978 1381/1362/1978
f 1314/1295/1979 1286/1267/1979 1313/1294/1979
f 1391/1372/1980 1357/1338/1980 1356/1337/1980
f 1360/1341/1981 1371/1352/1981 1361/1342/1981
f 1366/1347/1982 1215/1196/1982 1314/1295/1982
f 1384/1365/1983 1403/1384/1983 1415/1396/1983
f 1408/1389/1984 1356/1337/1984 1308/1289/1984
f 1279/1260/1985 1294/1275/1985 1220/1201/1985
f 1237/1218/1986 1240/1221/1986 1382/1363/1986
f 1258/1239/1987 1416/1397/1987 1383/1364/1987
f 1396/1377/1988 1357/1338/1988 1392/1373/1988
f 1397/1378/1989 1417/1398/1989 1386/1367/1989
f 1410/1391/1990 1319/1300/1990 1318/1299/1990
f 1375/1356/1991 1382/1363/1991 1376/1357/1991
f 1283/1264/1992 1282/1263/1992 1297/1278/1992
f 1387/1368/1993 1418/1399/1993 1419/1400/1993
f 1372/1353/1994 1420/1401/1994 1421/1402/1994
f 1422/1403/1995 1348/1329/1995 1418/1399/1995
f 1423/1404/1996 1424/1405/1996 1425/1406/1996
f 1402/1383/1997 1426/1407/1997 1398/1379/1997
f 1419/1400/1998 1427/1408/1998 1428/1409/1998
f 1348/1329/1999 1342/1321/1999 1418/1399/1999
f 1419/1400/2000 1385/1366/2000 1387/1368/2000
f 1419/1400/2001 1413/1394/2001 1385/1366/2001
f 1341/1320/2002 1427/1408/2002 1419/1400/2002
f 1429/1410/2003 1430/1411/2003 1431/1412/2003
f 1432/1413/2004 1420/1401/2004 1427/1408/2004
f 1428/1409/2005 1427/1408/2005 1420/1401/2005
f 1419/1400/2006 1428/1409/2006 1413/1394/2006
f 1427/1408/2007 1433/1414/2007 1432/1413/2007
f 1348/1329/2008 1422/1403/2008 1434/1415/2008
f 1420/1401/2009 1435/1416/2009 1428/1409/2009
f 1430/1411/2010 1330/1311/2010 1436/1417/2010
f 1426/1407/2011 1412/1393/2011 1413/1394/2011
f 1363/1344/2012 1370/1351/2012 1400/1381/2012
f 1428/1409/2013 1435/1416/2013 1426/1407/2013
f 1349/1330/2014 1437/1418/2014 1344/1323/2014
f 1408/1389/2015 1308/1289/2015 1307/1288/2015
f 1431/1412/2016 1438/1419/2016 1439/1420/2016
f 1440/1421/2017 1441/1422/2017 1434/1415/2017
f 1217/1198/2018 1207/1188/2018 1429/1410/2018
f 1344/1323/2019 1437/1418/2019 1339/1327/2019
f 1371/1352/2020 1432/1413/2020 1442/1423/2020
f 1413/1394/2021 1428/1409/2021 1426/1407/2021
f 1420/1401/2022 1372/1353/2022 1435/1416/2022
f 1443/1424/2023 1444/1425/2023 1437/1418/2023
f 1299/1280/2024 1430/1411/2024 1207/1188/2024
f 1220/1201/2025 1295/1276/2025 1312/1293/2025
f 1220/1201/2026 1313/1294/2026 1286/1267/2026
f 1419/1400/2027 1342/1321/2027 1341/1320/2027
f 1435/1416/2028 1399/1380/2028 1398/1379/2028
f 1444/1425/2029 1443/1424/2029 1445/1426/2029
f 1437/1418/2030 1441/1422/2030 1443/1424/2030
f 1357/1338/2031 1416/1397/2031 1358/1339/2031
f 1356/1337/2032 1358/1339/2032 1308/1289/2032
f 1432/1413/2033 1371/1352/2033 1421/1402/2033
f 1371/1352/2034 1372/1353/2034 1421/1402/2034
f 1431/1412/2035 1430/1411/2035 1424/1405/2035
f 1424/1405/2036 1446/1427/2036 1431/1412/2036
f 1399/1380/2037 1372/1353/2037 1400/1381/2037
f 1357/1338/2038 1383/1364/2038 1416/1397/2038
f 1342/1321/2039 1419/1400/2039 1418/1399/2039
f 1440/1421/2040 1443/1424/2040 1441/1422/2040
f 1447/1428/2041 1445/1426/2041 1440/1421/2041
f 1448/1429/2042 1406/1387/2042 1368/1349/2042
f 1434/1415/2043 1449/1430/2043 1450/1431/2043
f 1439/1420/2044 1429/1410/2044 1431/1412/2044
f 1257/1238/2045 1261/1242/2045 1358/1339/2045
f 1440/1421/2046 1445/1426/2046 1443/1424/2046
f 1435/1416/2047 1372/1353/2047 1399/1380/2047
f 1439/1420/2048 1438/1419/2048 1450/1431/2048
f 1426/1407/2049 1435/1416/2049 1398/1379/2049
f 1440/1421/2050 1450/1431/2050 1438/1419/2050
f 1432/1413/2051 1421/1402/2051 1420/1401/2051
f 1391/1372/2052 1409/1390/2052 1392/1373/2052
f 1392/1373/2053 1451/1432/2053 1396/1377/2053
f 1257/1238/2054 1358/1339/2054 1258/1239/2054
f 1438/1419/2055 1447/1428/2055 1440/1421/2055
f 1450/1431/2056 1449/1430/2056 1439/1420/2056
f 1389/1370/2057 1240/1221/2057 1390/1371/2057
f 1413/1394/2058 1412/1393/2058 1414/1395/2058
f 1452/1433/2059 1448/1429/2059 1380/1361/2059
f 1439/1420/2060 1329/1310/2060 1429/1410/2060
f 1450/1431/2061 1440/1421/2061 1434/1415/2061
f 1446/1427/2062 1438/1419/2062 1431/1412/2062
f 1372/1353/2063 1363/1344/2063 1400/1381/2063
f 1441/1422/2064 1437/1418/2064 1349/1330/2064
f 1409/1390/2065 1391/1372/2065 1408/1389/2065
f 1349/1330/2066 1348/1329/2066 1441/1422/2066
f 1434/1415/2067 1441/1422/2067 1348/1329/2067
f 1411/1392/2068 1328/1309/2068 1322/1303/2068
f 1329/1310/2069 1217/1198/2069 1429/1410/2069
f 1423/1404/2070 1446/1427/2070 1424/1405/2070
f 1357/1338/2071 1404/1385/2071 1383/1364/2071
f 1404/1385/2072 1384/1365/2072 1383/1364/2072
f 1424/1405/2073 1430/1411/2073 1436/1417/2073
f 1299/1280/2074 1207/1188/2074 1209/1190/2074
f 1430/1411/2075 1429/1410/2075 1207/1188/2075
f 1436/1417/2076 1425/1406/2076 1424/1405/2076
f 1438/1419/2077 1446/1427/2077 1447/1428/2077
f 1330/1311/2078 1430/1411/2078 1299/1280/2078
f 1330/1311/2079 1299/1280/2079 1216/1197/2079
f 1332/1313/2080 1436/1417/2080 1330/1311/2080
f 1331/1312/2081 1330/1311/2081 1216/1197/2081
f 1216/1197/2082 1215/1196/2082 1331/1312/2082
f 1240/1221/2083 1243/1224/2083 1390/1371/2083
f 1307/1288/2084 1319/1300/2084 1408/1389/2084
f 1453/1434/2085 1454/1435/2085 1455/1436/2085
f 1313/1294/2086 1220/1201/2086 1312/1293/2086
f 1389/1370/2087 1376/1357/2087 1382/1363/2087
f 1402/1383/2088 1412/1393/2088 1426/1407/2088
f 1308/1289/2089 1358/1339/2089 1261/1242/2089
f 1456/1437/2090 1378/1359/2090 1370/1351/2090
f 1411/1392/2091 1318/1299/2091 1328/1309/2091
f 1238/1219/2092 1375/1356/2092 1377/1358/2092
f 1392/1373/2093 1409/1390/2093 1451/1432/2093
f 1408/1389/2094 1319/1300/2094 1410/1391/2094
f 1390/1371/2095 1415/1396/2095 1388/1369/2095
f 1396/1377/2096 1451/1432/2096 1397/1378/2096
f 1258/1239/2097 1383/1364/2097 1251/1232/2097
f 1393/1374/2098 1457/1438/2098 1394/1375/2098
f 1355/1335/2099 1458/1439/2099 1451/1432/2099
f 1451/1432/2100 1409/1390/2100 1411/1392/2100
f 1459/1440/2101 1403/1384/2101 1414/1395/2101
f 1369/1350/2102 1368/1349/2102 1405/1386/2102
f 1418/1399/2103 1417/1398/2103 1460/1441/2103
f 1410/1391/2104 1318/1299/2104 1411/1392/2104
f 1449/1430/2105 1434/1415/2105 1422/1403/2105
f 1355/1335/2106 1451/1432/2106 1411/1392/2106
f 1386/1367/2107 1414/1395/2107 1403/1384/2107
f 1258/1239/2108 1358/1339/2108 1416/1397/2108
f 1458/1439/2109 1397/1378/2109 1451/1432/2109
f 1403/1384/2110 1396/1377/2110 1386/1367/2110
f 1368/1349/2111 1367/1348/2111 1381/1362/2111
f 1417/1398/2112 1397/1378/2112 1460/1441/2112
f 1410/1391/2113 1409/1390/2113 1408/1389/2113
f 1460/1441/2114 1449/1430/2114 1422/1403/2114
f 1355/1335/2115 1411/1392/2115 1322/1303/2115
f 1226/1207/2116 1394/1375/2116 1457/1438/2116
f 1422/1403/2117 1418/1399/2117 1460/1441/2117
f 1369/1350/2118 1395/1376/2118 1377/1358/2118
f 1355/1335/2119 1439/1420/2119 1458/1439/2119
f 1385/1366/2120 1414/1395/2120 1386/1367/2120
f 1357/1338/2121 1396/1377/2121 1404/1385/2121
f 1417/1398/2122 1387/1368/2122 1386/1367/2122
f 1460/1441/2123 1397/1378/2123 1458/1439/2123
f 1329/1310/2124 1355/1335/2124 1327/1308/2124
f 1329/1310/2125 1439/1420/2125 1355/1335/2125
f 1449/1430/2126 1458/1439/2126 1439/1420/2126
f 1418/1399/2127 1387/1368/2127 1417/1398/2127
f 1460/1441/2128 1458/1439/2128 1449/1430/2128
f 1369/1350/2129 1405/1386/2129 1461/1442/2129
f 1309/1290/2130 1297/1278/2130 1296/1277/2130
f 1390/1371/2131 1243/1224/2131 1251/1232/2131
f 1394/1375/2132 1226/1207/2132 1275/1256/2132
f 1462/1443/2133 1378/1359/2133 1456/1437/2133
f 1395/1376/2134 1461/1442/2134 1393/1374/2134
f 1282/1263/2135 1298/1279/2135 1297/1278/2135
f 1405/1386/2136 1407/1388/2136 1393/1374/2136
f 1403/1384/2137 1459/1440/2137 1415/1396/2137
f 1367/1348/2138 1373/1354/2138 1381/1362/2138
f 1296/1277/2139 1295/1276/2139 1463/1444/2139
f 1238/1219/2140 1395/1376/2140 1275/1256/2140
f 1390/1371/2141 1251/1232/2141 1384/1365/2141
f 1407/1388/2142 1406/1387/2142 1464/1445/2142
f 1402/1383/2143 1398/1379/2143 1381/1362/2143
f 1389/1370/2144 1388/1369/2144 1373/1354/2144
f 1412/1393/2145 1401/1382/2145 1388/1369/2145
f 1403/1384/2146 1384/1365/2146 1404/1385/2146
f 1238/1219/2147 1237/1218/2147 1375/1356/2147
f 1462/1443/2148 1453/1434/2148 1455/1436/2148
f 1452/1433/2149 1462/1443/2149 1455/1436/2149
f 1400/1381/2150 1379/1360/2150 1399/1380/2150
f 1384/1365/2151 1415/1396/2151 1390/1371/2151
f 1415/1396/2152 1459/1440/2152 1388/1369/2152
f 1377/1358/2153 1395/1376/2153 1238/1219/2153
f 1395/1376/2154 1369/1350/2154 1461/1442/2154
f 1405/1386/2155 1368/1349/2155 1406/1387/2155
f 1464/1445/2156 1406/1387/2156 1448/1429/2156
f 1374/1355/2157 1376/1357/2157 1389/1370/2157
f 1314/1295/2158 1215/1196/2158 1219/1200/2158
f 1282/1263/2159 1284/1265/2159 1313/1294/2159
f 1312/1293/2160 1298/1279/2160 1282/1263/2160
f 1452/1433/2161 1380/1361/2161 1379/1360/2161
f 1379/1360/2162 1380/1361/2162 1399/1380/2162
f 1275/1256/2163 1395/1376/2163 1394/1375/2163
f 1379/1360/2164 1378/1359/2164 1452/1433/2164
f 1448/1429/2165 1368/1349/2165 1380/1361/2165
f 1412/1393/2166 1459/1440/2166 1414/1395/2166
f 1401/1382/2167 1381/1362/2167 1373/1354/2167
f 1382/1363/2168 1240/1221/2168 1389/1370/2168
f 1433/1414/2169 1341/1320/2169 1465/1446/2169
f 1466/1447/2170 1467/1448/2170 1362/1343/2170
f 1294/1275/2171 1463/1444/2171 1295/1276/2171
f 1412/1393/2172 1388/1369/2172 1459/1440/2172
f 1468/1449/2173 1469/1450/2173 1470/1451/2173
f 1433/1414/2174 1468/1449/2174 1442/1423/2174
f 1466/1447/2175 1371/1352/2175 1442/1423/2175
f 1471/1452/2176 1470/1451/2176 1472/1453/2176
f 1471/1452/2177 1442/1423/2177 1468/1449/2177
f 1472/1453/2178 1466/1447/2178 1471/1452/2178
f 1469/1450/2179 1465/1446/2179 1473/1454/2179
f 1351/1332/2180 1474/1455/2180 1347/1326/2180
f 1466/1447/2181 1362/1343/2181 1361/1342/2181
f 1405/1386/2182 1393/1374/2182 1461/1442/2182
f 1473/1454/2183 1341/1320/2183 1340/1319/2183
f 1466/1447/2184 1442/1423/2184 1471/1452/2184
f 1347/1326/2185 1470/1451/2185 1345/1324/2185
f 1376/1357/2186 1374/1355/2186 1377/1358/2186
f 1341/1320/2187 1433/1414/2187 1427/1408/2187
f 1469/1450/2188 1345/1324/2188 1470/1451/2188
f 1472/1453/2189 1467/1448/2189 1466/1447/2189
f 1470/1451/2190 1471/1452/2190 1468/1449/2190
f 1473/1454/2191 1340/1319/2191 1345/1324/2191
f 1473/1454/2192 1465/1446/2192 1341/1320/2192
f 1466/1447/2193 1361/1342/2193 1371/1352/2193
f 1475/1456/2194 1472/1453/2194 1347/1326/2194
f 1469/1450/2195 1473/1454/2195 1345/1324/2195
f 1474/1455/2196 1475/1456/2196 1347/1326/2196
f 1468/1449/2197 1433/1414/2197 1465/1446/2197
f 1452/1433/2198 1455/1436/2198 1448/1429/2198
f 1347/1326/2199 1472/1453/2199 1470/1451/2199
f 1313/1294/2200 1312/1293/2200 1282/1263/2200
f 1455/1436/2201 1454/1435/2201 1448/1429/2201
f 1476/1457/2202 1472/1453/2202 1475/1456/2202
f 1314/1295/2203 1284/1265/2203 1477/1458/2203
f 1472/1453/2204 1476/1457/2204 1478/1459/2204
f 1378/1359/2205 1462/1443/2205 1452/1433/2205
f 1442/1423/2206 1432/1413/2206 1433/1414/2206
f 1454/1435/2207 1464/1445/2207 1448/1429/2207
f 1469/1450/2208 1468/1449/2208 1465/1446/2208
f 1467/1448/2209 1472/1453/2209 1478/1459/2209
f 1486/1460/2210 1480/1461/2210 1479/1462/2210
f 1486/1460/2211 1479/1462/2211 1487/1463/2211
f 1488/1464/2212 1489/1465/2212 1490/1466/2212
f 1492/1467/2213 1493/1468/2213 1494/1469/2213
f 1492/1467/2214 1491/1470/2214 1493/1468/2214
f 1486/1460/2215 1489/1465/2215 1488/1464/2215
f 1485/1471/2216 1495/1472/2216 1481/1473/2216
f 1483/1474/2217 1496/1475/2217 1484/1476/2217
f 1490/1466/2218 1489/1465/2218 1497/1477/2218
f 1487/1463/2219 1489/1465/2219 1486/1460/2219
f 1499/1478/2220 1481/1473/2220 1495/1472/2220
f 1490/1466/2221 1499/1478/2221 1488/1464/2221
f 1484/1476/2222 1500/1479/2222 1498/1480/2222
f 1490/1466/2223 1482/1481/2223 1481/1473/2223
f 1490/1466/2224 1481/1473/2224 1499/1478/2224
f 1499/1478/2225 1495/1472/2225 1501/1482/2225
f 1501/1482/2226 1486/1460/2226 1499/1478/2226
f 1486/1460/2227 1488/1464/2227 1499/1478/2227
f 1501/1482/2228 1495/1472/2228 1485/1471/2228
f 1502/1483/2229 1491/1470/2229 1490/1466/2229
f 1486/1460/2230 1501/1482/2230 1480/1461/2230
f 1490/1466/2231 1497/1477/2231 1502/1483/2231
f 1484/1476/2232 1496/1475/2232 1500/1479/2232
f 1491/1470/2233 1482/1481/2233 1490/1466/2233
f 1493/1468/2234 1503/1484/2234 1494/1469/2234
f 1503/1484/2235 1483/1474/2235 1494/1469/2235
f 1496/1475/2236 1483/1474/2236 1503/1484/2236
f 1504/1485/2237 1505/1486/2237 1506/1487/2237
f 1509/1488/2238 1510/1489/2238 1511/1490/2238
f 1512/1491/2239 1513/1492/2239 1514/1493/2239
f 1515/1494/2240 1516/1495/2240 1517/1496/2240
f 1518/1497/2241 1519/1498/2241 1520/1499/2241
f 1521/1500/2242 1522/1501/2242 1523/1502/2242
f 1525/1503/2243 1526/1504/2243 1527/1505/2243
f 1517/1496/2244 1525/1503/2244 1528/1506/2244
f 1529/1507/2245 1530/1508/2245 1531/1509/2245
f 1532/1510/2246 1533/1511/2246 1530/1508/2246
f 1534/1512/2247 1535/1513/2247 1536/1514/2247
f 1537/1515/2248 1538/1516/2248 1539/1517/2248
f 1540/1518/2249 1527/1505/2249 1541/1519/2249
f 1542/1520/2250 1543/1521/2250 1544/1522/2250
f 1545/1523/2251 1527/1505/2251 1540/1518/2251
f 1548/1524/2252 1549/1525/2252 1550/1526/2252
f 1551/1527/2253 1552/1528/2253 1553/1529/2253
f 1515/1494/2254 1554/1530/2254 1514/1493/2254
f 1555/1531/2255 1528/1506/2255 1525/1503/2255
f 1556/1532/2256 1557/1533/2256 1558/1534/2256
f 1560/1535/2257 1555/1531/2257 1524/1536/2257
f 1514/1493/2258 1561/1537/2258 1515/1494/2258
f 1527/1505/2259 1555/1531/2259 1525/1503/2259
f 1522/1501/2260 1562/1538/2260 1563/1539/2260
f 1564/1540/2261 1565/1541/2261 1566/1542/2261
f 1517/1496/2262 1526/1504/2262 1525/1503/2262
f 1567/1543/2263 1568/1544/2263 1569/1545/2263
f 1557/1533/2264 1524/1536/2264 1558/1534/2264
f 1521/1500/2265 1543/1521/2265 1570/1546/2265
f 1521/1500/2266 1523/1502/2266 1514/1493/2266
f 1569/1545/2267 1571/1547/2267 1567/1543/2267
f 1572/1548/2268 1573/1549/2268 1574/1550/2268
f 1545/1523/2269 1575/1551/2269 1527/1505/2269
f 1576/1552/2270 1528/1506/2270 1560/1535/2270
f 1577/1553/2271 1515/1494/2271 1578/1554/2271
f 1574/1550/2272 1579/1555/2272 1580/1556/2272
f 1576/1552/2273 1542/1520/2273 1528/1506/2273
f 1504/1485/2274 1506/1487/2274 1575/1551/2274
f 1560/1535/2275 1581/1557/2275 1576/1552/2275
f 1528/1506/2276 1555/1531/2276 1560/1535/2276
f 1582/1558/2277 1583/1559/2277 1584/1560/2277
f 1585/1561/2278 1581/1557/2278 1556/1532/2278
f 1524/1536/2279 1527/1505/2279 1575/1551/2279
f 1586/1562/2280 1587/1563/2280 1567/1543/2280
f 1544/1522/2281 1554/1530/2281 1542/1520/2281
f 1518/1497/2282 1589/1564/2282 1519/1498/2282
f 1570/1546/2283 1562/1538/2283 1521/1500/2283
f 1524/1536/2284 1557/1533/2284 1560/1535/2284
f 1590/1565/2285 1591/1566/2285 1592/1567/2285
f 1514/1493/2286 1554/1530/2286 1544/1522/2286
f 1596/1568/2287 1576/1552/2287 1597/1569/2287
f 1586/1562/2288 1567/1543/2288 1571/1547/2288
f 1576/1552/2289 1596/1568/2289 1542/1520/2289
f 1598/1570/2290 1599/1571/2290 1600/1572/2290
f 1601/1573/2291 1602/1574/2291 1603/1575/2291
f 1576/1552/2292 1604/1576/2292 1597/1569/2292
f 1505/1486/2293 1605/1577/2293 1506/1487/2293
f 1606/1578/2294 1579/1555/2294 1574/1550/2294
f 1607/1579/2295 1608/1580/2295 1609/1581/2295
f 1610/1582/2296 1507/1583/2296 1599/1571/2296
f 1611/1584/2297 1571/1547/2297 1612/1585/2297
f 1606/1578/2298 1574/1550/2298 1613/1586/2298
f 1614/1587/2299 1609/1581/2299 1608/1580/2299
f 1609/1581/2300 1615/1588/2300 1616/1589/2300
f 1509/1488/2301 1617/1590/2301 1618/1591/2301
f 1619/1592/2302 1620/1593/2302 1621/1594/2302
f 1580/1556/2303 1606/1578/2303 1622/1595/2303
f 1551/1527/2304 1623/1596/2304 1624/1597/2304
f 1625/1598/2305 1626/1599/2305 1627/1600/2305
f 1628/1601/2306 1622/1595/2306 1629/1602/2306
f 1613/1586/2307 1630/1603/2307 1606/1578/2307
f 1631/1604/2308 1623/1596/2308 1534/1512/2308
f 1507/1583/2309 1632/1605/2309 1599/1571/2309
f 1615/1588/2310 1633/1606/2310 1634/1607/2310
f 1632/1605/2311 1635/1608/2311 1600/1572/2311
f 1636/1609/2312 1637/1610/2312 1547/1611/2312
f 1639/1612/2313 1611/1584/2313 1612/1585/2313
f 1640/1613/2314 1641/1614/2314 1642/1615/2314
f 1643/1616/2315 1644/1617/2315 1539/1517/2315
f 1546/1618/2316 1645/1619/2316 1646/1620/2316
f 1648/1621/2317 1625/1598/2317 1649/1622/2317
f 1606/1578/2318 1629/1602/2318 1622/1595/2318
f 1510/1489/2319 1565/1541/2319 1511/1490/2319
f 1616/1589/2320 1607/1579/2320 1609/1581/2320
f 1584/1560/2321 1651/1623/2321 1652/1624/2321
f 1639/1612/2322 1653/1625/2322 1611/1584/2322
f 1654/1626/2323 1611/1584/2323 1653/1625/2323
f 1655/1627/2324 1642/1615/2324 1641/1614/2324
f 1656/1628/2325 1657/1629/2325 1658/1630/2325
f 1644/1617/2326 1532/1510/2326 1537/1515/2326
f 1659/1631/2327 1660/1632/2327 1628/1601/2327
f 1661/1633/2328 1568/1544/2328 1662/1634/2328
f 1663/1635/2329 1664/1636/2329 1549/1525/2329
f 1662/1634/2330 1567/1543/2330 1587/1563/2330
f 1629/1602/2331 1606/1578/2331 1630/1603/2331
f 1583/1559/2332 1582/1558/2332 1665/1637/2332
f 1666/1638/2333 1667/1639/2333 1668/1640/2333
f 1669/1641/2334 1610/1582/2334 1670/1642/2334
f 1671/1643/2335 1657/1629/2335 1633/1606/2335
f 1579/1555/2336 1606/1578/2336 1580/1556/2336
f 1654/1626/2337 1672/1644/2337 1611/1584/2337
f 1639/1612/2338 1664/1636/2338 1653/1625/2338
f 1602/1574/2339 1574/1550/2339 1573/1549/2339
f 1672/1644/2340 1673/1645/2340 1674/1646/2340
f 1573/1549/2341 1572/1548/2341 1675/1647/2341
f 1676/1648/2342 1677/1649/2342 1550/1526/2342
f 1509/1488/2343 1678/1650/2343 1510/1489/2343
f 1520/1499/2344 1675/1647/2344 1572/1548/2344
f 1508/1651/2345 1632/1605/2345 1507/1583/2345
f 1678/1650/2346 1658/1630/2346 1657/1629/2346
f 1670/1642/2347 1610/1582/2347 1599/1571/2347
f 1620/1593/2348 1679/1652/2348 1621/1594/2348
f 1681/1653/2349 1682/1654/2349 1683/1655/2349
f 1578/1554/2350 1513/1492/2350 1684/1656/2350
f 1685/1657/2351 1686/1658/2351 1549/1525/2351
f 1687/1659/2352 1688/1660/2352 1588/1661/2352
f 1689/1662/2353 1690/1663/2353 1691/1664/2353
f 1693/1665/2354 1628/1601/2354 1660/1632/2354
f 1694/1666/2355 1695/1667/2355 1696/1668/2355
f 1681/1653/2356 1683/1655/2356 1697/1669/2356
f 1615/1588/2357 1609/1581/2357 1633/1606/2357
f 1609/1581/2358 1668/1640/2358 1633/1606/2358
f 1673/1645/2359 1698/1670/2359 1699/1671/2359
f 1700/1672/2360 1701/1673/2360 1702/1674/2360
f 1691/1664/2361 1703/1675/2361 1704/1676/2361
f 1702/1674/2362 1701/1673/2362 1705/1677/2362
f 1654/1626/2363 1698/1670/2363 1673/1645/2363
f 1706/1678/2364 1707/1679/2364 1690/1663/2364
f 1708/1680/2365 1709/1681/2365 1695/1667/2365
f 1614/1587/2366 1586/1562/2366 1681/1653/2366
f 1630/1603/2367 1574/1550/2367 1602/1574/2367
f 1710/1682/2368 1711/1683/2368 1535/1513/2368
f 1704/1676/2369 1712/1684/2369 1713/1685/2369
f 1696/1668/2370 1695/1667/2370 1714/1686/2370
f 1715/1687/2371 1716/1688/2371 1689/1662/2371
f 1667/1639/2372 1633/1606/2372 1668/1640/2372
f 1672/1644/2373 1654/1626/2373 1673/1645/2373
f 1574/1550/2374 1630/1603/2374 1613/1586/2374
f 1586/1562/2375 1614/1587/2375 1608/1580/2375
f 1717/1689/2376 1718/1690/2376 1619/1592/2376
f 1719/1691/2377 1720/1692/2377 1507/1583/2377
f 1520/1499/2378 1505/1486/2378 1721/1693/2378
f 1548/1524/2379 1722/1694/2379 1723/1695/2379
f 1724/1696/2380 1580/1556/2380 1628/1601/2380
f 1694/1666/2381 1725/1697/2381 1708/1680/2381
f 1600/1572/2382 1665/1637/2382 1598/1570/2382
f 1695/1667/2383 1694/1666/2383 1708/1680/2383
f 1726/1698/2384 1598/1570/2384 1665/1637/2384
f 1727/1699/2385 1629/1602/2385 1713/1685/2385
f 1687/1659/2386 1718/1690/2386 1688/1660/2386
f 1615/1588/2387 1634/1607/2387 1616/1589/2387
f 1728/1700/2388 1729/1701/2388 1730/1702/2388
f 1671/1643/2389 1667/1639/2389 1731/1703/2389
f 1696/1668/2390 1702/1674/2390 1705/1677/2390
f 1682/1654/2391 1674/1646/2391 1732/1704/2391
f 1733/1705/2392 1618/1591/2392 1617/1590/2392
f 1641/1614/2393 1640/1613/2393 1610/1582/2393
f 1629/1602/2394 1659/1631/2394 1628/1601/2394
f 1691/1664/2395 1713/1685/2395 1630/1603/2395
f 1732/1704/2396 1683/1655/2396 1682/1654/2396
f 1734/1706/2397 1735/1707/2397 1714/1686/2397
f 1668/1640/2398 1609/1581/2398 1614/1587/2398
f 1633/1606/2399 1667/1639/2399 1671/1643/2399
f 1612/1585/2400 1571/1547/2400 1736/1708/2400
f 1737/1709/2401 1568/1544/2401 1661/1633/2401
f 1703/1675/2402 1690/1663/2402 1707/1679/2402
f 1663/1635/2403 1693/1665/2403 1660/1632/2403
f 1705/1677/2404 1727/1699/2404 1712/1684/2404
f 1689/1662/2405 1691/1664/2405 1630/1603/2405
f 1738/1710/2406 1739/1711/2406 1735/1707/2406
f 1590/1565/2407 1592/1567/2407 1723/1695/2407
f 1640/1613/2408 1642/1615/2408 1720/1692/2408
f 1674/1646/2409 1682/1654/2409 1672/1644/2409
f 1740/1712/2410 1686/1658/2410 1741/1713/2410
f 1742/1714/2411 1696/1668/2411 1712/1684/2411
f 1546/1618/2412 1743/1715/2412 1547/1611/2412
f 1672/1644/2413 1744/1716/2413 1611/1584/2413
f 1719/1691/2414 1640/1613/2414 1720/1692/2414
f 1705/1677/2415 1712/1684/2415 1696/1668/2415
f 1522/1501/2416 1745/1717/2416 1512/1491/2416
f 1626/1599/2417 1512/1491/2417 1745/1717/2417
f 1626/1599/2418 1684/1656/2418 1512/1491/2418
f 1586/1562/2419 1571/1547/2419 1744/1716/2419
f 1513/1492/2420 1512/1491/2420 1684/1656/2420
f 1522/1501/2421 1627/1600/2421 1745/1717/2421
f 1735/1707/2422 1746/1718/2422 1714/1686/2422
f 1681/1653/2423 1697/1669/2423 1614/1587/2423
f 1713/1685/2424 1629/1602/2424 1630/1603/2424
f 1734/1706/2425 1695/1667/2425 1709/1681/2425
f 1686/1658/2426 1685/1657/2426 1741/1713/2426
f 1657/1629/2427 1671/1643/2427 1678/1650/2427
f 1593/1719/2428 1507/1583/2428 1720/1692/2428
f 1520/1499/2429 1721/1693/2429 1504/1485/2429
f 1641/1614/2430 1669/1641/2430 1655/1627/2430
f 1505/1486/2431 1592/1567/2431 1591/1566/2431
f 1648/1621/2432 1749/1720/2432 1643/1616/2432
f 1655/1627/2433 1669/1641/2433 1564/1540/2433
f 1645/1619/2434 1595/1721/2434 1594/1722/2434
f 1610/1582/2435 1640/1613/2435 1719/1691/2435
f 1571/1547/2436 1687/1659/2436 1736/1708/2436
f 1610/1582/2437 1719/1691/2437 1507/1583/2437
f 1641/1614/2438 1610/1582/2438 1669/1641/2438
f 1750/1723/2439 1740/1712/2439 1518/1497/2439
f 1658/1630/2440 1751/1724/2440 1752/1725/2440
f 1753/1726/2441 1754/1727/2441 1624/1597/2441
f 1755/1728/2442 1533/1511/2442 1532/1510/2442
f 1756/1729/2443 1538/1516/2443 1537/1515/2443
f 1668/1640/2444 1614/1587/2444 1666/1638/2444
f 1757/1730/2445 1631/1604/2445 1534/1512/2445
f 1505/1486/2446 1504/1485/2446 1721/1693/2446
f 1616/1589/2447 1758/1731/2447 1662/1634/2447
f 1700/1672/2448 1759/1732/2448 1653/1625/2448
f 1505/1486/2449 1520/1499/2449 1519/1498/2449
f 1724/1696/2450 1760/1733/2450 1740/1712/2450
f 1634/1607/2451 1657/1629/2451 1656/1628/2451
f 1656/1628/2452 1658/1630/2452 1752/1725/2452
f 1548/1524/2453 1723/1695/2453 1685/1657/2453
f 1715/1687/2454 1762/1734/2454 1716/1688/2454
f 1763/1735/2455 1537/1515/2455 1529/1507/2455
f 1715/1687/2456 1764/1736/2456 1765/1737/2456
f 1666/1638/2457 1731/1703/2457 1667/1639/2457
f 1713/1685/2458 1712/1684/2458 1727/1699/2458
f 1520/1499/2459 1572/1548/2459 1750/1723/2459
f 1755/1728/2460 1749/1720/2460 1766/1738/2460
f 1546/1618/2461 1595/1721/2461 1645/1619/2461
f 1683/1655/2462 1731/1703/2462 1666/1638/2462
f 1632/1605/2463 1508/1651/2463 1647/1739/2463
f 1759/1732/2464 1700/1672/2464 1702/1674/2464
f 1767/1740/2465 1510/1489/2465 1678/1650/2465
f 1730/1702/2466 1768/1741/2466 1728/1700/2466
f 1566/1542/2467 1510/1489/2467 1769/1742/2467
f 1730/1702/2468 1538/1516/2468 1756/1729/2468
f 1770/1743/2469 1771/1744/2469 1772/1745/2469
f 1569/1545/2470 1718/1690/2470 1687/1659/2470
f 1766/1738/2471 1757/1730/2471 1534/1512/2471
f 1726/1698/2472 1582/1558/2472 1737/1709/2472
f 1588/1661/2473 1773/1746/2473 1676/1648/2473
f 1764/1736/2474 1774/1747/2474 1765/1737/2474
f 1730/1702/2475 1756/1729/2475 1775/1748/2475
f 1704/1676/2476 1713/1685/2476 1691/1664/2476
f 1775/1748/2477 1774/1747/2477 1768/1741/2477
f 1571/1547/2478 1569/1545/2478 1687/1659/2478
f 1690/1663/2479 1703/1675/2479 1691/1664/2479
f 1723/1695/2480 1592/1567/2480 1589/1564/2480
f 1607/1579/2481 1662/1634/2481 1587/1563/2481
f 1778/1749/2482 1779/1750/2482 1780/1751/2482
f 1683/1655/2483 1666/1638/2483 1697/1669/2483
f 1699/1671/2484 1759/1732/2484 1781/1752/2484
f 1686/1658/2485 1740/1712/2485 1760/1733/2485
f 1782/1753/2486 1774/1747/2486 1764/1736/2486
f 1768/1741/2487 1730/1702/2487 1775/1748/2487
f 1732/1704/2488 1714/1686/2488 1731/1703/2488
f 1731/1703/2489 1746/1718/2489 1671/1643/2489
f 1679/1652/2490 1620/1593/2490 1559/1754/2490
f 1751/1724/2491 1658/1630/2491 1509/1488/2491
f 1738/1710/2492 1734/1706/2492 1709/1681/2492
f 1768/1741/2493 1774/1747/2493 1782/1753/2493
f 1768/1741/2494 1782/1753/2494 1728/1700/2494
f 1777/1755/2495 1776/1756/2495 1783/1757/2495
f 1784/1758/2496 1732/1704/2496 1674/1646/2496
f 1698/1670/2497 1759/1732/2497 1699/1671/2497
f 1548/1524/2498 1677/1649/2498 1722/1694/2498
f 1777/1755/2499 1783/1757/2499 1761/1759/2499
f 1587/1563/2500 1586/1562/2500 1608/1580/2500
f 1608/1580/2501 1607/1579/2501 1587/1563/2501
f 1686/1658/2502 1760/1733/2502 1663/1635/2502
f 1518/1497/2503 1520/1499/2503 1750/1723/2503
f 1785/1760/2504 1590/1565/2504 1723/1695/2504
f 1682/1654/2505 1744/1716/2505 1672/1644/2505
f 1697/1669/2506 1666/1638/2506 1614/1587/2506
f 1628/1601/2507 1580/1556/2507 1622/1595/2507
f 1690/1663/2508 1716/1688/2508 1706/1678/2508
f 1612/1585/2509 1736/1708/2509 1588/1661/2509
f 1776/1756/2510 1786/1761/2510 1787/1762/2510
f 1620/1593/2511 1619/1592/2511 1788/1763/2511
f 1702/1674/2512 1781/1752/2512 1759/1732/2512
f 1784/1758/2513 1673/1645/2513 1699/1671/2513
f 1660/1632/2514 1705/1677/2514 1701/1673/2514
f 1789/1764/2515 1787/1762/2515 1786/1761/2515
f 1787/1762/2516 1789/1764/2516 1783/1757/2516
f 1550/1526/2517 1549/1525/2517 1664/1636/2517
f 1748/1765/2518 1790/1766/2518 1583/1559/2518
f 1788/1763/2519 1718/1690/2519 1569/1545/2519
f 1678/1650/2520 1671/1643/2520 1767/1740/2520
f 1621/1594/2521 1717/1689/2521 1619/1592/2521
f 1621/1594/2522 1718/1690/2522 1717/1689/2522
f 1729/1701/2523 1626/1599/2523 1791/1767/2523
f 1783/1757/2524 1789/1764/2524 1792/1768/2524
f 1761/1759/2525 1792/1768/2525 1638/1769/2525
f 1790/1766/2526 1748/1765/2526 1747/1770/2526
f 1750/1723/2527 1572/1548/2527 1580/1556/2527
f 1592/1567/2528 1519/1498/2528 1589/1564/2528
f 1793/1771/2529 1790/1766/2529 1794/1772/2529
f 1725/1697/2530 1703/1675/2530 1707/1679/2530
f 1795/1773/2531 1573/1549/2531 1675/1647/2531
f 1682/1654/2532 1681/1653/2532 1744/1716/2532
f 1750/1723/2533 1724/1696/2533 1740/1712/2533
f 1796/1774/2534 1620/1593/2534 1788/1763/2534
f 1653/1625/2535 1759/1732/2535 1698/1670/2535
f 1510/1489/2536 1767/1740/2536 1769/1742/2536
f 1764/1736/2537 1797/1775/2537 1782/1753/2537
f 1565/1541/2538 1669/1641/2538 1617/1590/2538
f 1746/1718/2539 1767/1740/2539 1671/1643/2539
f 1690/1663/2540 1689/1662/2540 1716/1688/2540
f 1714/1686/2541 1746/1718/2541 1731/1703/2541
f 1539/1517/2542 1644/1617/2542 1537/1515/2542
f 1798/1776/2543 1729/1701/2543 1728/1700/2543
f 1650/1777/2544 1638/1769/2544 1789/1764/2544
f 1714/1686/2545 1732/1704/2545 1784/1758/2545
f 1598/1570/2546 1670/1642/2546 1599/1571/2546
f 1765/1737/2547 1762/1734/2547 1715/1687/2547
f 1653/1625/2548 1698/1670/2548 1654/1626/2548
f 1619/1592/2549 1718/1690/2549 1788/1763/2549
f 1665/1637/2550 1600/1572/2550 1635/1608/2550
f 1731/1703/2551 1683/1655/2551 1732/1704/2551
f 1728/1700/2552 1782/1753/2552 1798/1776/2552
f 1744/1716/2553 1571/1547/2553 1611/1584/2553
f 1648/1621/2554 1643/1616/2554 1799/1778/2554
f 1760/1733/2555 1693/1665/2555 1663/1635/2555
f 1578/1554/2556 1798/1776/2556 1782/1753/2556
f 1574/1550/2557 1580/1556/2557 1572/1548/2557
f 1786/1761/2558 1800/1779/2558 1789/1764/2558
f 1651/1623/2559 1789/1764/2559 1800/1779/2559
f 1801/1780/2560 1789/1764/2560 1651/1623/2560
f 1650/1777/2561 1789/1764/2561 1801/1780/2561
f 1744/1716/2562 1681/1653/2562 1586/1562/2562
f 1689/1662/2563 1797/1775/2563 1715/1687/2563
f 1748/1765/2564 1583/1559/2564 1665/1637/2564
f 1742/1714/2565 1712/1684/2565 1704/1676/2565
f 1649/1622/2566 1627/1600/2566 1802/1781/2566
f 1723/1695/2567 1722/1694/2567 1785/1760/2567
f 1742/1714/2568 1703/1675/2568 1694/1666/2568
f 1726/1698/2569 1803/1782/2569 1733/1705/2569
f 1692/1783/2570 1650/1777/2570 1801/1780/2570
f 1568/1544/2571 1788/1763/2571 1569/1545/2571
f 1605/1577/2572 1505/1486/2572 1591/1566/2572
f 1734/1706/2573 1738/1710/2573 1735/1707/2573
f 1659/1631/2574 1705/1677/2574 1660/1632/2574
f 1742/1714/2575 1694/1666/2575 1696/1668/2575
f 1798/1776/2576 1578/1554/2576 1684/1656/2576
f 1755/1728/2577 1532/1510/2577 1749/1720/2577
f 1716/1688/2578 1762/1734/2578 1706/1678/2578
f 1788/1763/2579 1652/1624/2579 1796/1774/2579
f 1580/1556/2580 1724/1696/2580 1750/1723/2580
f 1652/1624/2581 1788/1763/2581 1568/1544/2581
f 1761/1759/2582 1783/1757/2582 1792/1768/2582
f 1804/1784/2583 1753/1726/2583 1805/1785/2583
f 1781/1752/2584 1702/1674/2584 1696/1668/2584
f 1792/1768/2585 1789/1764/2585 1638/1769/2585
f 1798/1776/2586 1684/1656/2586 1729/1701/2586
f 1781/1752/2587 1784/1758/2587 1699/1671/2587
f 1553/1529/2588 1535/1513/2588 1534/1512/2588
f 1625/1598/2589 1791/1767/2589 1626/1599/2589
f 1652/1624/2590 1737/1709/2590 1584/1560/2590
f 1801/1780/2591 1806/1786/2591 1807/1787/2591
f 1807/1787/2592 1808/1788/2592 1692/1783/2592
f 1790/1766/2593 1806/1786/2593 1801/1780/2593
f 1532/1510/2594 1644/1617/2594 1749/1720/2594
f 1809/1789/2595 1570/1546/2595 1810/1790/2595
f 1629/1602/2596 1727/1699/2596 1659/1631/2596
f 1793/1771/2597 1806/1786/2597 1790/1766/2597
f 1797/1775/2598 1764/1736/2598 1715/1687/2598
f 1742/1714/2599 1704/1676/2599 1703/1675/2599
f 1657/1629/2600 1634/1607/2600 1633/1606/2600
f 1659/1631/2601 1727/1699/2601 1705/1677/2601
f 1693/1665/2602 1724/1696/2602 1628/1601/2602
f 1694/1666/2603 1703/1675/2603 1725/1697/2603
f 1533/1511/2604 1531/1509/2604 1530/1508/2604
f 1767/1740/2605 1746/1718/2605 1769/1742/2605
f 1729/1701/2606 1539/1517/2606 1538/1516/2606
f 1754/1727/2607 1804/1784/2607 1551/1527/2607
f 1673/1645/2608 1784/1758/2608 1674/1646/2608
f 1758/1731/2609 1737/1709/2609 1661/1633/2609
f 1790/1766/2610 1801/1780/2610 1583/1559/2610
f 1696/1668/2611 1784/1758/2611 1781/1752/2611
f 1568/1544/2612 1567/1543/2612 1662/1634/2612
f 1552/1528/2613 1551/1527/2613 1804/1784/2613
f 1684/1656/2614 1626/1599/2614 1729/1701/2614
f 1566/1542/2615 1565/1541/2615 1510/1489/2615
f 1695/1667/2616 1734/1706/2616 1714/1686/2616
f 1532/1510/2617 1529/1507/2617 1537/1515/2617
f 1662/1634/2618 1758/1731/2618 1661/1633/2618
f 1729/1701/2619 1538/1516/2619 1730/1702/2619
f 1784/1758/2620 1696/1668/2620 1714/1686/2620
f 1737/1709/2621 1582/1558/2621 1584/1560/2621
f 1811/1791/2622 1806/1786/2622 1793/1771/2622
f 1807/1787/2623 1806/1786/2623 1808/1788/2623
f 1791/1767/2624 1539/1517/2624 1729/1701/2624
f 1811/1791/2625 1793/1771/2625 1794/1772/2625
f 1643/1616/2626 1749/1720/2626 1644/1617/2626
f 1693/1665/2627 1760/1733/2627 1724/1696/2627
f 1785/1760/2628 1591/1566/2628 1590/1565/2628
f 1675/1647/2629 1545/1523/2629 1795/1773/2629
f 1532/1510/2630 1530/1508/2630 1529/1507/2630
f 1620/1593/2631 1796/1774/2631 1559/1754/2631
f 1652/1624/2632 1651/1623/2632 1800/1779/2632
f 1662/1634/2633 1607/1579/2633 1616/1589/2633
f 1770/1743/2634 1737/1709/2634 1758/1731/2634
f 1794/1772/2635 1790/1766/2635 1747/1770/2635
f 1665/1637/2636 1582/1558/2636 1726/1698/2636
f 1766/1738/2637 1536/1514/2637 1755/1728/2637
f 1643/1616/2638 1539/1517/2638 1799/1778/2638
f 1568/1544/2639 1737/1709/2639 1652/1624/2639
f 1741/1713/2640 1723/1695/2640 1589/1564/2640
f 1519/1498/2641 1592/1567/2641 1505/1486/2641
f 1617/1590/2642 1509/1488/2642 1511/1490/2642
f 1630/1603/2643 1601/1573/2643 1689/1662/2643
f 1763/1735/2644 1756/1729/2644 1537/1515/2644
f 1677/1649/2645 1548/1524/2645 1550/1526/2645
f 1670/1642/2646 1598/1570/2646 1733/1705/2646
f 1771/1744/2647 1770/1743/2647 1758/1731/2647
f 1601/1573/2648 1630/1603/2648 1602/1574/2648
f 1770/1743/2649 1812/1792/2649 1737/1709/2649
f 1635/1608/2650 1748/1765/2650 1665/1637/2650
f 1797/1775/2651 1689/1662/2651 1603/1575/2651
f 1685/1657/2652 1723/1695/2652 1741/1713/2652
f 1627/1600/2653 1522/1501/2653 1563/1539/2653
f 1663/1635/2654 1660/1632/2654 1701/1673/2654
f 1810/1790/2655 1813/1793/2655 1809/1789/2655
f 1670/1642/2656 1733/1705/2656 1617/1590/2656
f 1812/1792/2657 1770/1743/2657 1772/1745/2657
f 1658/1630/2658 1678/1650/2658 1509/1488/2658
f 1675/1647/2659 1520/1499/2659 1545/1523/2659
f 1635/1608/2660 1632/1605/2660 1647/1739/2660
f 1578/1554/2661 1782/1753/2661 1797/1775/2661
f 1733/1705/2662 1598/1570/2662 1726/1698/2662
f 1616/1589/2663 1634/1607/2663 1771/1744/2663
f 1814/1794/2664 1772/1745/2664 1771/1744/2664
f 1814/1794/2665 1771/1744/2665 1634/1607/2665
f 1726/1698/2666 1812/1792/2666 1778/1749/2666
f 1577/1553/2667 1603/1575/2667 1602/1574/2667
f 1812/1792/2668 1772/1745/2668 1779/1750/2668
f 1791/1767/2669 1799/1778/2669 1539/1517/2669
f 1815/1795/2670 1816/1796/2670 1817/1797/2670
f 1570/1546/2671 1543/1521/2671 1815/1795/2671
f 1597/1569/2672 1818/1798/2672 1815/1795/2672
f 1818/1798/2673 1597/1569/2673 1816/1796/2673
f 1815/1795/2674 1596/1568/2674 1597/1569/2674
f 1814/1794/2675 1634/1607/2675 1656/1628/2675
f 1635/1608/2676 1647/1739/2676 1748/1765/2676
f 1535/1513/2677 1553/1529/2677 1710/1682/2677
f 1819/1799/2678 1533/1511/2678 1536/1514/2678
f 1779/1750/2679 1814/1794/2679 1752/1725/2679
f 1604/1576/2680 1585/1561/2680 1820/1800/2680
f 1779/1750/2681 1772/1745/2681 1814/1794/2681
f 1597/1569/2682 1821/1801/2682 1816/1796/2682
f 1535/1513/2683 1711/1683/2683 1536/1514/2683
f 1822/1802/2684 1821/1801/2684 1597/1569/2684
f 1548/1524/2685 1685/1657/2685 1549/1525/2685
f 1820/1800/2686 1597/1569/2686 1604/1576/2686
f 1583/1559/2687 1651/1623/2687 1584/1560/2687
f 1818/1798/2688 1816/1796/2688 1815/1795/2688
f 1543/1521/2689 1596/1568/2689 1815/1795/2689
f 1810/1790/2690 1817/1797/2690 1823/1803/2690
f 1820/1800/2691 1585/1561/2691 1824/1804/2691
f 1810/1790/2692 1823/1803/2692 1813/1793/2692
f 1824/1804/2693 1680/1805/2693 1822/1802/2693
f 1824/1804/2694 1597/1569/2694 1820/1800/2694
f 1815/1795/2695 1817/1797/2695 1810/1790/2695
f 1680/1805/2696 1824/1804/2696 1585/1561/2696
f 1815/1795/2697 1810/1790/2697 1570/1546/2697
f 1803/1782/2698 1726/1698/2698 1778/1749/2698
f 1824/1804/2699 1822/1802/2699 1597/1569/2699
f 1799/1778/2700 1791/1767/2700 1625/1598/2700
f 1639/1612/2701 1550/1526/2701 1664/1636/2701
f 1752/1725/2702 1751/1724/2702 1780/1751/2702
f 1676/1648/2703 1550/1526/2703 1612/1585/2703
f 1779/1750/2704 1778/1749/2704 1812/1792/2704
f 1752/1725/2705 1814/1794/2705 1656/1628/2705
f 1741/1713/2706 1589/1564/2706 1740/1712/2706
f 1663/1635/2707 1549/1525/2707 1686/1658/2707
f 1617/1590/2708 1669/1641/2708 1670/1642/2708
f 1522/1501/2709 1512/1491/2709 1523/1502/2709
f 1624/1597/2710 1754/1727/2710 1551/1527/2710
f 1802/1781/2711 1809/1789/2711 1813/1793/2711
f 1514/1493/2712 1523/1502/2712 1512/1491/2712
f 1803/1782/2713 1780/1751/2713 1618/1591/2713
f 1514/1493/2714 1513/1492/2714 1561/1537/2714
f 1733/1705/2715 1803/1782/2715 1618/1591/2715
f 1575/1551/2716 1506/1487/2716 1524/1536/2716
f 1599/1571/2717 1632/1605/2717 1600/1572/2717
f 1800/1779/2718 1796/1774/2718 1652/1624/2718
f 1531/1509/2719 1533/1511/2719 1819/1799/2719
f 1796/1774/2720 1786/1761/2720 1559/1754/2720
f 1648/1621/2721 1799/1778/2721 1625/1598/2721
f 1796/1774/2722 1800/1779/2722 1786/1761/2722
f 1559/1754/2723 1786/1761/2723 1776/1756/2723
f 1663/1635/2724 1701/1673/2724 1664/1636/2724
f 1700/1672/2725 1664/1636/2725 1701/1673/2725
f 1787/1762/2726 1783/1757/2726 1776/1756/2726
f 1653/1625/2727 1664/1636/2727 1700/1672/2727
f 1545/1523/2728 1540/1518/2728 1795/1773/2728
f 1745/1717/2729 1627/1600/2729 1626/1599/2729
f 1752/1725/2730 1780/1751/2730 1779/1750/2730
f 1780/1751/2731 1751/1724/2731 1618/1591/2731
f 1676/1648/2732 1612/1585/2732 1588/1661/2732
f 1808/1788/2733 1806/1786/2733 1811/1791/2733
f 1518/1497/2734 1740/1712/2734 1589/1564/2734
f 1504/1485/2735 1545/1523/2735 1520/1499/2735
f 1509/1488/2736 1618/1591/2736 1751/1724/2736
f 1651/1623/2737 1583/1559/2737 1801/1780/2737
f 1515/1494/2738 1561/1537/2738 1578/1554/2738
f 1577/1553/2739 1573/1549/2739 1516/1495/2739
f 1809/1789/2740 1562/1538/2740 1570/1546/2740
f 1562/1538/2741 1809/1789/2741 1563/1539/2741
f 1540/1518/2742 1516/1495/2742 1795/1773/2742
f 1795/1773/2743 1516/1495/2743 1573/1549/2743
f 1802/1781/2744 1627/1600/2744 1563/1539/2744
f 1522/1501/2745 1521/1500/2745 1562/1538/2745
f 1516/1495/2746 1515/1494/2746 1577/1553/2746
f 1623/1596/2747 1551/1527/2747 1553/1529/2747
f 1553/1529/2748 1534/1512/2748 1623/1596/2748
f 1540/1518/2749 1541/1519/2749 1516/1495/2749
f 1550/1526/2750 1639/1612/2750 1612/1585/2750
f 1754/1727/2751 1753/1726/2751 1804/1784/2751
f 1585/1561/2752 1604/1576/2752 1581/1557/2752
f 1544/1522/2753 1543/1521/2753 1521/1500/2753
f 1797/1775/2754 1603/1575/2754 1578/1554/2754
f 1636/1609/2755 1680/1805/2755 1637/1610/2755
f 1649/1622/2756 1625/1598/2756 1627/1600/2756
f 1819/1799/2757 1536/1514/2757 1711/1683/2757
f 1517/1496/2758 1516/1495/2758 1541/1519/2758
f 1739/1711/2759 1746/1718/2759 1735/1707/2759
f 1573/1549/2760 1577/1553/2760 1602/1574/2760
f 1578/1554/2761 1561/1537/2761 1513/1492/2761
f 1809/1789/2762 1802/1781/2762 1563/1539/2762
f 1736/1708/2763 1687/1659/2763 1588/1661/2763
f 1557/1533/2764 1581/1557/2764 1560/1535/2764
f 1541/1519/2765 1526/1504/2765 1517/1496/2765
f 1554/1530/2766 1515/1494/2766 1825/1806/2766
f 1524/1536/2767 1555/1531/2767 1527/1505/2767
f 1581/1557/2768 1604/1576/2768 1576/1552/2768
f 1542/1520/2769 1825/1806/2769 1528/1506/2769
f 1737/1709/2770 1812/1792/2770 1726/1698/2770
f 1541/1519/2771 1527/1505/2771 1526/1504/2771
f 1603/1575/2772 1689/1662/2772 1601/1573/2772
f 1803/1782/2773 1778/1749/2773 1780/1751/2773
f 1517/1496/2774 1528/1506/2774 1825/1806/2774
f 1554/1530/2775 1825/1806/2775 1542/1520/2775
f 1825/1806/2776 1515/1494/2776 1517/1496/2776
f 1534/1512/2777 1536/1514/2777 1766/1738/2777
f 1578/1554/2778 1603/1575/2778 1577/1553/2778
f 1617/1590/2779 1511/1490/2779 1565/1541/2779
f 1543/1521/2780 1542/1520/2780 1596/1568/2780
f 1758/1731/2781 1616/1589/2781 1771/1744/2781
f 1514/1493/2782 1544/1522/2782 1521/1500/2782
f 1536/1514/2783 1533/1511/2783 1755/1728/2783
f 1669/1641/2784 1565/1541/2784 1564/1540/2784
f 1801/1780/2785 1807/1787/2785 1692/1783/2785
f 1581/1557/2786 1557/1533/2786 1556/1532/2786
f 1546/1618/2787 1646/1620/2787 1743/1715/2787
f 1504/1485/2788 1575/1551/2788 1545/1523/2788
f 1826/1807/2789 1827/1808/2789 1828/1809/2789
f 1829/1810/2790 1830/1811/2790 1831/1812/2790
f 1832/1813/2791 1833/1814/2791 1834/1815/2791
f 1834/1815/2792 1835/1816/2792 1836/1817/2792
f 1828/1809/2793 1827/1808/2793 1837/1818/2793
f 1838/1819/2794 1839/1820/2794 1840/1821/2794
f 1841/1822/2795 1842/1823/2795 1843/1824/2795
f 1844/1825/2796 1845/1826/2796 1843/1824/2796
f 1830/1811/2797 1846/1827/2797 1847/1828/2797
f 1836/1817/2798 1835/1816/2798 1848/1829/2798
f 1849/1830/2799 1833/1814/2799 1832/1813/2799
f 1850/1831/2800 1851/1832/2800 1852/1833/2800
f 1853/1834/2801 1851/1832/2801 1854/1835/2801
f 1843/1824/2802 1842/1823/2802 1844/1825/2802
f 1854/1835/2803 1851/1832/2803 1855/1836/2803
f 1856/1837/2804 1841/1822/2804 1857/1838/2804
f 1845/1826/2805 1834/1815/2805 1833/1814/2805
f 1858/1839/2806 1859/1840/2806 1860/1841/2806
f 1840/1821/2807 1846/1827/2807 1838/1819/2807
f 1861/1842/2808 1828/1809/2808 1862/1843/2808
f 1851/1832/2809 1863/1844/2809 1864/1845/2809
f 1829/1810/2810 1865/1846/2810 1866/1847/2810
f 1840/1821/2811 1868/1848/2811 1854/1835/2811
f 1832/1813/2812 1869/1849/2812 1870/1850/2812
f 1844/1825/2813 1861/1842/2813 1845/1826/2813
f 1871/1851/2814 1827/1808/2814 1826/1807/2814
f 1870/1850/2815 1858/1839/2815 1867/1852/2815
f 1867/1852/2816 1832/1813/2816 1870/1850/2816
f 1859/1840/2817 1858/1839/2817 1870/1850/2817
f 1832/1813/2818 1834/1815/2818 1869/1849/2818
f 1869/1849/2819 1859/1840/2819 1870/1850/2819
f 1843/1824/2820 1872/1853/2820 1841/1822/2820
f 1857/1838/2821 1868/1848/2821 1856/1837/2821
f 1841/1822/2822 1852/1833/2822 1857/1838/2822
f 1840/1821/2823 1839/1820/2823 1868/1848/2823
f 1865/1846/2824 1829/1810/2824 1831/1812/2824
f 1831/1812/2825 1873/1854/2825 1874/1855/2825
f 1875/1856/2826 1874/1855/2826 1876/1857/2826
f 1877/1858/2827 1875/1856/2827 1876/1857/2827
f 1873/1854/2828 1878/1859/2828 1874/1855/2828
f 1879/1860/2829 1880/1861/2829 1881/1862/2829
f 1881/1862/2830 1882/1863/2830 1883/1864/2830
f 1831/1812/2831 1884/1865/2831 1865/1846/2831
f 1875/1856/2832 1885/1866/2832 1884/1865/2832
f 1885/1866/2833 1865/1846/2833 1884/1865/2833
f 1876/1857/2834 1886/1867/2834 1879/1860/2834
f 1876/1857/2835 1874/1855/2835 1886/1867/2835
f 1831/1812/2836 1874/1855/2836 1884/1865/2836
f 1875/1856/2837 1877/1858/2837 1885/1866/2837
f 1880/1861/2838 1879/1860/2838 1886/1867/2838
f 1874/1855/2839 1875/1856/2839 1884/1865/2839
f 1874/1855/2840 1878/1859/2840 1882/1863/2840
f 1880/1861/2841 1886/1867/2841 1874/1855/2841
f 1829/1810/2842 1866/1847/2842 1838/1819/2842
f 1874/1855/2843 1882/1863/2843 1880/1861/2843
f 1887/1868/2844 1888/1869/2844 1879/1860/2844
f 1880/1861/2845 1882/1863/2845 1881/1862/2845
f 1887/1868/2846 1879/1860/2846 1881/1862/2846
f 1878/1859/2847 1889/1870/2847 1882/1863/2847
f 1883/1864/2848 1887/1868/2848 1881/1862/2848
f 1888/1869/2849 1887/1868/2849 1890/1871/2849
f 1834/1815/2850 1845/1826/2850 1835/1816/2850
f 1841/1822/2851 1856/1837/2851 1842/1823/2851
f 1872/1853/2852 1843/1824/2852 1845/1826/2852
f 1872/1853/2853 1852/1833/2853 1841/1822/2853
f 1853/1834/2854 1868/1848/2854 1857/1838/2854
f 1849/1830/2855 1852/1833/2855 1872/1853/2855
f 1857/1838/2856 1852/1833/2856 1853/1834/2856
f 1868/1848/2857 1853/1834/2857 1854/1835/2857
f 1891/1872/2858 1846/1827/2858 1855/1836/2858
f 1862/1843/2859 1845/1826/2859 1861/1842/2859
f 1892/1873/2860 1893/1874/2860 1894/1875/2860
f 1895/1876/2861 1896/1877/2861 1897/1878/2861
f 1882/1863/2862 1894/1875/2862 1897/1878/2862
f 1894/1875/2863 1882/1863/2863 1889/1870/2863
f 1898/1879/2864 1899/1880/2864 1900/1881/2864
f 1901/1882/2865 1902/1883/2865 1903/1884/2865
f 1904/1885/2866 1905/1886/2866 1906/1887/2866
f 1907/1888/2867 1908/1889/2867 1902/1883/2867
f 1901/1882/2868 1903/1884/2868 1904/1885/2868
f 1878/1859/2869 1911/1890/2869 1912/1891/2869
f 1902/1883/2870 1905/1886/2870 1903/1884/2870
f 1894/1875/2871 1893/1874/2871 1895/1876/2871
f 1905/1886/2872 1904/1885/2872 1903/1884/2872
f 1905/1886/2873 1902/1883/2873 1908/1889/2873
f 1913/1892/2874 1914/1893/2874 1915/1894/2874
f 1894/1875/2875 1912/1891/2875 1892/1873/2875
f 1912/1891/2876 1889/1870/2876 1878/1859/2876
f 1878/1859/2877 1873/1854/2877 1914/1893/2877
f 1914/1893/2878 1913/1892/2878 1911/1890/2878
f 1916/1895/2879 1917/1896/2879 1918/1897/2879
f 1892/1873/2880 1912/1891/2880 1919/1898/2880
f 1920/1899/2881 1921/1900/2881 1922/1901/2881
f 1906/1887/2882 1905/1886/2882 1920/1899/2882
f 1899/1880/2883 1913/1892/2883 1915/1894/2883
f 1923/1902/2884 1921/1900/2884 1908/1889/2884
f 1907/1888/2885 1924/1903/2885 1908/1889/2885
f 1899/1880/2886 1919/1898/2886 1912/1891/2886
f 1921/1900/2887 1920/1899/2887 1905/1886/2887
f 1911/1890/2888 1899/1880/2888 1912/1891/2888
f 1921/1900/2889 1923/1902/2889 1922/1901/2889
f 1911/1890/2890 1913/1892/2890 1899/1880/2890
f 1911/1890/2891 1878/1859/2891 1914/1893/2891
f 1830/1811/2892 1847/1828/2892 1873/1854/2892
f 1917/1896/2893 1909/1904/2893 1918/1897/2893
f 1923/1902/2894 1908/1889/2894 1924/1903/2894
f 1899/1880/2895 1926/1905/2895 1924/1903/2895
f 1899/1880/2896 1898/1879/2896 1926/1905/2896
f 1925/1906/2897 1920/1899/2897 1927/1907/2897
f 1927/1907/2898 1922/1901/2898 1928/1908/2898
f 1910/1909/2899 1873/1854/2899 1847/1828/2899
f 1889/1870/2900 1912/1891/2900 1894/1875/2900
f 1923/1902/2901 1926/1905/2901 1929/1910/2901
f 1899/1880/2902 1915/1894/2902 1900/1881/2902
f 1907/1888/2903 1892/1873/2903 1924/1903/2903
f 1929/1910/2904 1898/1879/2904 1930/1911/2904
f 1906/1887/2905 1920/1899/2905 1925/1906/2905
f 1922/1901/2906 1927/1907/2906 1920/1899/2906
f 1909/1904/2907 1929/1910/2907 1930/1911/2907
f 1926/1905/2908 1923/1902/2908 1924/1903/2908
f 1930/1911/2909 1898/1879/2909 1900/1881/2909
f 1929/1910/2910 1928/1908/2910 1922/1901/2910
f 1915/1894/2911 1909/1904/2911 1930/1911/2911
f 1909/1904/2912 1915/1894/2912 1910/1909/2912
f 1931/1912/2913 1927/1907/2913 1928/1908/2913
f 1932/1913/2914 1931/1912/2914 1917/1896/2914
f 1900/1881/2915 1915/1894/2915 1930/1911/2915
f 1914/1893/2916 1910/1909/2916 1915/1894/2916
f 1895/1876/2917 1897/1878/2917 1894/1875/2917
f 1873/1854/2918 1910/1909/2918 1914/1893/2918
f 1929/1910/2919 1931/1912/2919 1928/1908/2919
f 1919/1898/2920 1899/1880/2920 1924/1903/2920
f 1898/1879/2921 1929/1910/2921 1926/1905/2921
f 1931/1912/2922 1929/1910/2922 1933/1914/2922
f 1917/1896/2923 1931/1912/2923 1933/1914/2923
f 1929/1910/2924 1922/1901/2924 1923/1902/2924
f 1909/1904/2925 1917/1896/2925 1933/1914/2925
f 1892/1873/2926 1907/1888/2926 1893/1874/2926
f 1929/1910/2927 1909/1904/2927 1933/1914/2927
f 1905/1886/2928 1908/1889/2928 1921/1900/2928
f 1916/1895/2929 1932/1913/2929 1917/1896/2929
f 1892/1873/2930 1919/1898/2930 1924/1903/2930
f 1850/1831/2931 1852/1833/2931 1849/1830/2931
f 1852/1833/2932 1851/1832/2932 1853/1834/2932
f 1854/1835/2933 1855/1836/2933 1840/1821/2933
f 1835/1816/2934 1845/1826/2934 1862/1843/2934
f 1845/1826/2935 1833/1814/2935 1872/1853/2935
f 1833/1814/2936 1849/1830/2936 1872/1853/2936
f 1850/1831/2937 1849/1830/2937 1851/1832/2937
f 1846/1827/2938 1830/1811/2938 1838/1819/2938
f 1836/1817/2939 1869/1849/2939 1834/1815/2939
f 1873/1854/2940 1831/1812/2940 1830/1811/2940
f 1934/1915/2941 1897/1878/2941 1896/1877/2941
f 1828/1809/2942 1837/1818/2942 1862/1843/2942
f 1848/1829/2943 1835/1816/2943 1837/1818/2943
f 1829/1810/2944 1838/1819/2944 1830/1811/2944
f 1883/1864/2945 1882/1863/2945 1897/1878/2945
f 1832/1813/2946 1863/1844/2946 1849/1830/2946
f 1837/1818/2947 1835/1816/2947 1862/1843/2947
f 1934/1915/2948 1890/1871/2948 1883/1864/2948
f 1846/1827/2949 1840/1821/2949 1855/1836/2949
f 1863/1844/2950 1851/1832/2950 1849/1830/2950
f 1934/1915/2951 1883/1864/2951 1897/1878/2951
f 1890/1871/2952 1887/1868/2952 1883/1864/2952
f 1864/1845/2953 1855/1836/2953 1851/1832/2953
f 1747/1770/2954 1748/1765/2954 1647/1739/2954
f 1162/1143/2955 1161/1142/2955 1176/1167/2955
f 1180/1174/2956 1546/1618/2956 1637/1610/2956
f 1940/1916/2957 1680/1805/2957 1939/1916/2957
f 1133/1114/2958 1940/1916/2958 463/456/2958
f 733/718/2959 1002/1916/2959 999/1916/2959
f 465/457/2960 1942/1916/2960 430/1916/2960
f 777/769/2961 1002/1916/2961 999/1916/2961
f 1943/1916/2962 777/769/2962 999/1916/2962
f 783/767/2963 1943/1916/2963 1000/1916/2963
f 1605/1577/2964 1591/1566/2964 1938/1916/2964
f 1918/1897/2965 1718/1690/2965 1621/1594/2965
f 1910/1909/2966 1773/1746/2966 1620/1916/2966
f 1688/1660/2967 1718/1690/2967 1910/1909/2967
f 1937/1916/2968 1847/1828/2968 1891/1872/2968
f 1864/1845/2969 1891/1872/2969 1855/1836/2969
f 1847/1828/2970 1936/1916/2970 1722/1694/2970
f 1507/1583/2971 1901/1882/2971 1904/1885/2971
f 1484/1476/2971 1498/1480/2971 1067/1051/2971
f 1594/1916/2971 1157/1916/2971 1049/1916/2971
f 1773/1916/2972 1677/1916/2972 1676/1916/2972
f 1773/1916/2973 1688/1916/2973 1909/1916/2973
f 1945/380/2974 1947/382/2974 1946/381/2974
f 1948/383/2975 1950/385/2975 1949/384/2975
f 1949/384/2976 1945/380/2976 1951/386/2976
f 1949/384/2977 1947/382/2977 1945/380/2977
f 1952/387/2978 1949/384/2978 1950/385/2978
f 1950/385/2979 1948/383/2979 1953/388/2979
f 1951/386/2980 1948/383/2980 1949/384/2980
f 1947/382/2981 1949/384/2981 1952/387/2981
f 393/389/2982 1954/391/2982 1955/390/2982
f 1959/392/2983 1960/393/2983 1955/390/2983
f 1959/392/2984 1961/394/2984 1960/393/2984
f 1961/394/2985 1956/396/2985 1957/395/2985
f 1955/390/2986 1960/393/2986 393/389/2986
f 1960/393/2987 1961/394/2987 1957/395/2987
f 1956/396/2988 1961/394/2988 1962/397/2988
f 404/398/2989 1964/400/2989 1963/399/2989
f 1965/401/2990 1964/400/2990 408/402/2990
f 409/403/2991 1966/404/2991 1965/401/2991
f 408/402/2992 1964/400/2992 404/398/2992
f 1967/405/2993 1969/407/2993 1968/406/2993
f 1973/408/2994 1975/410/2994 1974/409/2994
f 1976/411/2995 1978/413/2995 1977/412/2995
f 1969/407/2996 1979/414/2996 1968/406/2996
f 1977/412/2997 1981/416/2997 1980/415/2997
f 1970/417/2998 1971/418/2998 1974/409/2998
f 1968/406/2999 1983/420/2999 1982/419/2999
f 1969/407/3000 1984/421/3000 1979/414/3000
f 1974/409/3001 1975/410/3001 1970/417/3001
f 1977/412/3002 1984/421/3002 1987/422/3002
f 1982/419/3003 1967/405/3003 1968/406/3003
f 1979/414/3004 1984/421/3004 1977/412/3004
f 1988/423/3005 1983/420/3005 1978/413/3005
f 1989/424/3006 1976/411/3006 1990/425/3006
f 1979/414/3007 1983/420/3007 1968/406/3007
f 1987/422/3008 1981/416/3008 1977/412/3008
f 1981/416/3009 1974/409/3009 1971/418/3009
f 1982/419/3010 1983/420/3010 1988/423/3010
f 1983/420/3011 1979/414/3011 1977/412/3011
f 1980/415/3012 1981/416/3012 1971/418/3012
f 1976/411/3013 1977/412/3013 1980/415/3013
f 1989/424/3014 1967/405/3014 1982/419/3014
f 1973/408/3015 1974/409/3015 1981/416/3015
f 1981/416/3016 1987/422/3016 1973/408/3016
f 1976/411/3017 1989/424/3017 1988/423/3017
f 1989/424/3018 1982/419/3018 1988/423/3018
f 1978/413/3019 1983/420/3019 1977/412/3019
f 1978/413/3020 1976/411/3020 1988/423/3020
f 1991/426/3021 1993/428/3021 1992/427/3021
f 1995/429/3022 1997/431/3022 1996/430/3022
f 1997/431/3023 1999/433/3023 1998/432/3023
f 2001/434/3024 1998/432/3024 1999/433/3024
f 2002/435/3025 2004/437/3025 2003/436/3025
f 449/438/3026 1998/432/3026 2005/439/3026
f 2004/437/3027 2006/441/3027 2000/440/3027
f 2004/437/3028 2007/442/3028 2006/441/3028
f 1999/433/3029 1997/431/3029 1995/429/3029
f 1997/431/3030 2008/444/3030 2009/443/3030
f 2005/439/3031 2003/436/3031 456/445/3031
f 1996/430/3032 1997/431/3032 2009/443/3032
f 2003/436/3033 2004/437/3033 453/446/3033
f 2004/437/3034 2002/435/3034 2007/442/3034
f 2010/447/3035 1993/428/3035 1991/426/3035
f 2003/436/3036 2005/439/3036 2002/435/3036
f 1993/428/3037 1994/448/3037 1992/427/3037
f 1997/431/3038 1998/432/3038 449/438/3038
f 2005/439/3039 1998/432/3039 2002/435/3039
f 2006/441/3040 1994/448/3040 2000/440/3040
f 1998/432/3041 2001/434/3041 2002/435/3041
f 1999/433/3042 1995/429/3042 2001/434/3042
f 2011/449/3043 2013/451/3043 2012/450/3043
f 2015/452/3044 2014/454/3044 2017/453/3044
f 2019/455/3045 2012/450/3045 2013/451/3045
f 2016/456/3046 2020/458/3046 2018/457/3046
f 2015/452/3047 2021/459/3047 2020/458/3047
f 2017/453/3048 2019/455/3048 2015/452/3048
f 2021/459/3049 2019/455/3049 2013/451/3049
f 2019/455/3050 2021/459/3050 2015/452/3050
f 2020/458/3051 2016/456/3051 2015/452/3051
f 2013/451/3052 2011/449/3052 2022/460/3052
f 2023/461/3053 2025/463/3053 2024/462/3053
f 2026/464/3054 2028/466/3054 2027/465/3054
f 2026/464/3055 2027/465/3055 2029/467/3055
f 2027/465/3056 2030/468/3056 2029/467/3056
f 2031/469/3057 2033/471/3057 2032/470/3057
f 2023/461/3058 2034/472/3058 2025/463/3058
f 2029/467/3059 2030/468/3059 2035/473/3059
f 2025/463/3060 2037/475/3060 2036/474/3060
f 2038/476/3061 2031/469/3061 2036/474/3061
f 2024/462/3062 2036/474/3062 2039/477/3062
f 2038/476/3063 2037/475/3063 2040/478/3063
f 2036/474/3064 2037/475/3064 2038/476/3064
f 2036/474/3065 2041/479/3065 2039/477/3065
f 2039/477/3066 2042/480/3066 2028/466/3066
f 2043/481/3067 2040/478/3067 2044/482/3067
f 2029/467/3068 2045/483/3068 2026/464/3068
f 2036/474/3069 2024/462/3069 2025/463/3069
f 2026/464/3070 2023/461/3070 2024/462/3070
f 2039/477/3071 2026/464/3071 2024/462/3071
f 2043/481/3072 2038/476/3072 2040/478/3072
f 2032/470/3073 2033/471/3073 2046/484/3073
f 2028/466/3074 2026/464/3074 2039/477/3074
f 2039/477/3075 2041/479/3075 2042/480/3075
f 2041/479/3076 2036/474/3076 2031/469/3076
f 2047/485/3077 2040/478/3077 2037/475/3077
f 2043/481/3078 2033/471/3078 2038/476/3078
f 2046/484/3079 2049/487/3079 2048/486/3079
f 2049/487/3080 2033/471/3080 2043/481/3080
f 2023/461/3081 2026/464/3081 2045/483/3081
f 2033/471/3082 2031/469/3082 2038/476/3082
f 2033/471/3083 2049/487/3083 2046/484/3083
f 2047/485/3084 2037/475/3084 2034/472/3084
f 2034/472/3085 2037/475/3085 2025/463/3085
f 2050/488/3086 2052/490/3086 2051/489/3086
f 2053/491/3087 2055/493/3087 2054/492/3087
f 2056/494/3088 2058/496/3088 2057/495/3088
f 2054/492/3089 2055/493/3089 2059/497/3089
f 2054/492/3090 2059/497/3090 2060/498/3090
f 2061/499/3091 2063/501/3091 2062/500/3091
f 2056/494/3092 2064/502/3092 2058/496/3092
f 2056/494/3093 2066/504/3093 2065/503/3093
f 2056/494/3094 2068/506/3094 2067/505/3094
f 2052/490/3095 2059/497/3095 2055/493/3095
f 2065/503/3096 2066/504/3096 2059/497/3096
f 2058/496/3097 2061/499/3097 2057/495/3097
f 2061/499/3098 2058/496/3098 2063/501/3098
f 2066/504/3099 2056/494/3099 2057/495/3099
f 2066/504/3100 2060/498/3100 2059/497/3100
f 2064/502/3101 2056/494/3101 2067/505/3101
f 2056/494/3102 2065/503/3102 2068/506/3102
f 2065/503/3103 2059/497/3103 2052/490/3103
f 2054/492/3104 2060/498/3104 2070/507/3104
f 2057/495/3105 2070/507/3105 2060/498/3105
f 2071/508/3106 2068/506/3106 2069/509/3106
f 2070/507/3107 2057/495/3107 2061/499/3107
f 2071/508/3108 2067/505/3108 2068/506/3108
f 2069/509/3109 2068/506/3109 2050/488/3109
f 2069/509/3110 2050/488/3110 2051/489/3110
f 2068/506/3111 2065/503/3111 2050/488/3111
f 2060/498/3112 2066/504/3112 2057/495/3112
f 2065/503/3113 2052/490/3113 2050/488/3113
f 2072/510/3114 2074/512/3114 2073/511/3114
f 2075/513/3115 2077/515/3115 2076/514/3115
f 2078/516/3116 2079/517/3116 2073/511/3116
f 2080/518/3117 533/520/3117 2081/519/3117
f 2080/518/3118 2081/519/3118 2082/521/3118
f 2083/522/3119 2072/510/3119 2073/511/3119
f 2073/511/3120 2079/517/3120 2083/522/3120
f 2082/521/3121 2081/519/3121 2084/523/3121
f 2085/524/3122 2086/525/3122 2079/517/3122
f 2087/526/3123 542/528/3123 2088/527/3123
f 2077/515/3124 537/531/3124 543/529/3124
f 543/529/3125 2076/514/3125 2077/515/3125
f 2089/533/3126 2075/513/3126 2076/514/3126
f 542/528/3127 2087/526/3127 2084/523/3127
f 2088/527/3128 542/528/3128 537/531/3128
f 2087/526/3129 2088/527/3129 2090/534/3129
f 2088/527/3130 2077/515/3130 2086/525/3130
f 2077/515/3131 2088/527/3131 537/531/3131
f 2088/527/3132 2086/525/3132 2090/534/3132
f 2084/523/3133 533/520/3133 542/528/3133
f 2089/533/3134 2083/522/3134 2075/513/3134
f 2076/514/3135 543/529/3135 521/532/3135
f 2083/522/3136 2079/517/3136 2075/513/3136
f 2086/525/3137 2075/513/3137 2079/517/3137
f 2089/533/3138 2072/510/3138 2083/522/3138
f 2077/515/3139 2075/513/3139 2086/525/3139
f 2079/517/3140 2078/516/3140 2085/524/3140
f 2086/525/3141 2085/524/3141 2090/534/3141
f 2081/519/3142 533/520/3142 2084/523/3142
f 2092/535/3143 547/537/3143 548/536/3143
f 2093/538/3144 2095/540/3144 2094/539/3144
f 2096/541/3145 2097/542/3145 2095/540/3145
f 2098/543/3146 2095/540/3146 2093/538/3146
f 2099/544/3147 2095/540/3147 2098/543/3147
f 2098/543/3148 2100/545/3148 2099/544/3148
f 2101/546/3149 2102/548/3149 561/547/3149
f 2103/549/3150 2105/551/3150 2104/550/3150
f 2099/544/3151 2100/545/3151 2106/552/3151
f 2097/542/3152 2108/554/3152 2107/553/3152
f 2109/555/3153 2096/541/3153 2095/540/3153
f 2098/543/3154 2093/538/3154 2110/556/3154
f 2111/557/3155 2109/555/3155 2112/558/3155
f 2100/545/3156 2098/543/3156 2113/559/3156
f 574/560/3157 2101/546/3157 561/547/3157
f 2114/561/3158 2100/545/3158 2113/559/3158
f 2114/561/3159 2113/559/3159 2115/562/3159
f 577/563/3160 557/565/3160 2116/564/3160
f 2117/566/3161 2118/567/3161 2094/539/3161
f 2115/562/3162 2119/568/3162 2114/561/3162
f 2105/551/3163 2112/558/3163 2104/550/3163
f 2095/540/3164 2120/569/3164 2109/555/3164
f 2120/569/3165 2104/550/3165 2109/555/3165
f 2099/544/3166 2106/552/3166 2120/569/3166
f 2112/558/3167 2109/555/3167 2104/550/3167
f 2107/553/3168 2102/548/3168 2121/570/3168
f 2122/571/3169 2101/546/3169 583/572/3169
f 2116/564/3170 2109/555/3170 2111/557/3170
f 2105/551/3171 587/573/3171 2112/558/3171
f 2107/553/3172 2108/554/3172 2102/548/3172
f 2122/571/3173 583/572/3173 584/574/3173
f 2123/575/3174 2125/577/3174 2124/576/3174
f 2102/548/3175 2108/554/3175 561/547/3175
f 2093/538/3176 2094/539/3176 2118/567/3176
f 2110/556/3177 2113/559/3177 2098/543/3177
f 2099/544/3178 2120/569/3178 2095/540/3178
f 2124/576/3179 2125/577/3179 2115/562/3179
f 2110/556/3180 2124/576/3180 2113/559/3180
f 2113/559/3181 2124/576/3181 2115/562/3181
f 2094/539/3182 2107/553/3182 2121/570/3182
f 577/563/3183 2116/564/3183 2111/557/3183
f 557/565/3184 2126/578/3184 2116/564/3184
f 2119/568/3185 2115/562/3185 2125/577/3185
f 2117/566/3186 2094/539/3186 2121/570/3186
f 2096/541/3187 2116/564/3187 2126/578/3187
f 591/579/3188 561/547/3188 2108/554/3188
f 2102/548/3189 2101/546/3189 2121/570/3189
f 2107/553/3190 2094/539/3190 2097/542/3190
f 2127/580/3191 2128/581/3191 2123/575/3191
f 2109/555/3192 2116/564/3192 2096/541/3192
f 2097/542/3193 2094/539/3193 2095/540/3193
f 2108/554/3194 2096/541/3194 2126/578/3194
f 2111/557/3195 587/573/3195 577/563/3195
f 2101/546/3196 574/560/3196 583/572/3196
f 2096/541/3197 2108/554/3197 2097/542/3197
f 2128/581/3198 2125/577/3198 2123/575/3198
f 2101/546/3199 2122/571/3199 2121/570/3199
f 587/573/3200 2111/557/3200 2112/558/3200
f 2125/577/3201 2128/581/3201 2119/568/3201
f 2108/554/3202 2126/578/3202 591/579/3202
f 2131/582/3203 2133/584/3203 2132/583/3203
f 2134/585/3204 2129/587/3204 2130/586/3204
f 2136/588/3205 604/590/3205 2137/589/3205
f 2135/591/3206 2132/583/3206 2133/584/3206
f 605/592/3207 607/594/3207 2138/593/3207
f 605/592/3208 2138/593/3208 2139/595/3208
f 2138/593/3209 609/597/3209 2140/596/3209
f 609/597/3210 2141/598/3210 2140/596/3210
f 2135/591/3211 2142/599/3211 2130/586/3211
f 2143/600/3212 2145/602/3212 2144/601/3212
f 2134/585/3213 2130/586/3213 2142/599/3213
f 2138/593/3214 2140/596/3214 2146/603/3214
f 2133/584/3215 2145/602/3215 2142/599/3215
f 2147/604/3216 2132/583/3216 620/605/3216
f 2148/606/3217 2143/600/3217 2149/607/3217
f 2151/608/3218 2148/606/3218 2149/607/3218
f 2152/609/3219 2151/608/3219 2149/607/3219
f 2151/608/3220 2136/588/3220 2134/585/3220
f 2145/602/3221 2148/606/3221 2142/599/3221
f 2135/591/3222 2133/584/3222 2142/599/3222
f 607/594/3223 609/597/3223 2138/593/3223
f 2142/599/3224 2148/606/3224 2134/585/3224
f 2138/593/3225 2146/603/3225 2154/610/3225
f 2131/582/3226 2144/601/3226 2145/602/3226
f 604/590/3227 2136/588/3227 2150/611/3227
f 2154/610/3228 2155/612/3228 2138/593/3228
f 2137/589/3229 604/590/3229 610/613/3229
f 2148/606/3230 2145/602/3230 2143/600/3230
f 2151/608/3231 2134/585/3231 2148/606/3231
f 2145/602/3232 2133/584/3232 2131/582/3232
f 2149/607/3233 2143/600/3233 2152/609/3233
f 2151/608/3234 2150/611/3234 2136/588/3234
f 2156/614/3235 2158/616/3235 2157/615/3235
f 2159/617/3236 2157/615/3236 2160/618/3236
f 608/619/3237 2141/598/3237 609/597/3237
f 2137/589/3238 610/613/3238 2129/587/3238
f 2159/617/3239 2162/621/3239 2161/620/3239
f 2163/622/3240 2144/601/3240 2131/582/3240
f 637/623/3241 2141/598/3241 608/619/3241
f 2164/624/3242 2156/614/3242 2141/598/3242
f 2146/603/3243 2157/615/3243 2154/610/3243
f 2165/625/3244 2159/617/3244 2166/626/3244
f 2137/589/3245 2134/585/3245 2136/588/3245
f 2167/627/3246 2162/621/3246 2152/609/3246
f 2150/611/3247 2168/629/3247 2153/628/3247
f 2129/587/3248 2134/585/3248 2137/589/3248
f 2151/608/3249 2152/609/3249 2160/618/3249
f 2155/612/3250 2154/610/3250 2169/630/3250
f 2152/609/3251 2162/621/3251 2160/618/3251
f 2146/603/3252 2141/598/3252 2156/614/3252
f 2162/621/3253 2159/617/3253 2160/618/3253
f 2141/598/3254 2146/603/3254 2140/596/3254
f 2170/631/3255 2161/620/3255 2162/621/3255
f 2139/595/3256 2138/593/3256 2155/612/3256
f 2156/614/3257 2157/615/3257 2146/603/3257
f 2156/614/3258 2164/624/3258 2158/616/3258
f 2153/628/3259 2168/629/3259 2164/624/3259
f 2158/616/3260 2164/624/3260 2168/629/3260
f 2165/625/3261 2169/630/3261 2154/610/3261
f 2168/629/3262 2150/611/3262 2160/618/3262
f 2158/616/3263 2160/618/3263 2157/615/3263
f 2151/608/3264 2160/618/3264 2150/611/3264
f 2160/618/3265 2158/616/3265 2168/629/3265
f 2139/595/3266 2155/612/3266 2169/630/3266
f 2161/620/3267 2170/631/3267 2166/626/3267
f 2157/615/3268 2165/625/3268 2154/610/3268
f 2132/583/3269 2147/604/3269 2131/582/3269
f 2157/615/3270 2159/617/3270 2165/625/3270
f 2159/617/3271 2161/620/3271 2166/626/3271
f 2163/622/3272 2131/582/3272 2147/604/3272
f 2163/622/3273 2147/604/3273 2171/632/3273
f 2143/600/3274 2167/627/3274 2152/609/3274
f 2162/621/3275 2167/627/3275 2170/631/3275
f 2167/627/3276 2143/600/3276 2144/601/3276
f 2170/631/3277 2167/627/3277 2172/633/3277
f 2167/627/3278 2144/601/3278 2172/633/3278
f 2144/601/3279 2163/622/3279 2172/633/3279
f 2171/632/3280 2172/633/3280 2163/622/3280
f 2173/634/3281 2175/636/3281 2174/635/3281
f 2176/637/3282 2178/639/3282 2177/638/3282
f 2173/634/3283 2182/640/3283 2175/636/3283
f 2175/636/3284 2182/640/3284 2183/641/3284
f 2184/642/3285 2186/644/3285 2185/643/3285
f 2174/635/3286 2175/636/3286 2187/1917/3286
f 2188/646/3287 2190/648/3287 2189/647/3287
f 2191/649/3288 2192/650/3288 2182/640/3288
f 2175/636/3289 2180/1918/3289 2187/1917/3289
f 2193/651/3290 2195/653/3290 2194/652/3290
f 2197/654/3291 2183/641/3291 2182/640/3291
f 2195/653/3292 2192/650/3292 2198/655/3292
f 2183/641/3293 2181/645/3293 2175/636/3293
f 2198/655/3294 2194/652/3294 2195/653/3294
f 2186/644/3295 2198/655/3295 2192/650/3295
f 2174/635/3296 2186/644/3296 2191/649/3296
f 2191/649/3297 2173/634/3297 2174/635/3297
f 2181/645/3298 2190/648/3298 2188/646/3298
f 2177/638/3299 2196/657/3299 2199/656/3299
f 2200/658/3300 2198/655/3300 2186/644/3300
f 2185/643/3301 2186/644/3301 2174/635/3301
f 2186/644/3302 2184/642/3302 2200/658/3302
f 2197/654/3303 2193/651/3303 2201/659/3303
f 2202/660/3304 2178/639/3304 2184/642/3304
f 2184/642/3305 2176/637/3305 2200/658/3305
f 2195/653/3306 2197/654/3306 2182/640/3306
f 2183/641/3307 2190/648/3307 2181/645/3307
f 2189/647/3308 2190/648/3308 2197/654/3308
f 2176/637/3309 2177/638/3309 2199/656/3309
f 2194/652/3310 2201/659/3310 2193/651/3310
f 2185/643/3311 2202/660/3311 2184/642/3311
f 2190/648/3312 2183/641/3312 2197/654/3312
f 2179/661/3313 2181/645/3313 2188/646/3313
f 2182/640/3314 2173/634/3314 2191/649/3314
f 2197/654/3315 2195/653/3315 2193/651/3315
f 2192/650/3316 2195/653/3316 2182/640/3316
f 2176/637/3317 2184/642/3317 2178/639/3317
f 2199/656/3318 2200/658/3318 2176/637/3318
f 2191/649/3319 2186/644/3319 2192/650/3319
f 2175/636/3320 2181/645/3320 2180/1918/3320
f 2203/662/3321 2205/664/3321 2204/663/3321
f 2206/665/3322 2208/667/3322 2207/666/3322
f 2209/668/3323 2211/670/3323 2210/669/3323
f 2212/671/3324 2214/673/3324 2213/672/3324
f 2215/674/3325 2217/676/3325 2216/675/3325
f 2218/677/3326 2220/679/3326 2219/678/3326
f 2220/679/3327 2221/680/3327 2219/678/3327
f 2222/681/3328 2224/683/3328 2223/682/3328
f 2225/684/3329 2205/664/3329 2226/685/3329
f 2227/686/3330 2213/672/3330 2228/687/3330
f 2217/676/3331 2230/689/3331 2229/688/3331
f 2231/690/3332 2233/692/3332 2232/691/3332
f 2234/693/3333 2236/695/3333 2235/694/3333
f 2230/689/3334 2215/674/3334 2237/696/3334
f 2238/697/3335 2239/698/3335 2215/674/3335
f 2240/699/3336 2242/701/3336 2241/700/3336
f 2233/692/3337 2244/703/3337 2243/702/3337
f 2245/704/3338 2247/706/3338 2246/705/3338
f 2248/707/3339 2211/670/3339 2249/708/3339
f 2250/709/3340 2252/711/3340 2251/710/3340
f 2253/712/3341 2221/680/3341 2242/701/3341
f 2254/713/3342 2255/714/3342 2218/677/3342
f 2253/712/3343 2256/715/3343 2206/665/3343
f 2218/677/3344 2257/716/3344 2254/713/3344
f 2256/715/3345 2253/712/3345 2240/699/3345
f 2206/665/3346 2258/717/3346 2253/712/3346
f 2254/713/3347 2257/716/3347 2259/718/3347
f 2236/695/3348 2260/719/3348 2259/718/3348
f 2207/666/3349 2262/721/3349 2261/720/3349
f 2263/722/3350 2214/673/3350 2264/723/3350
f 2247/706/3351 2266/725/3351 2265/724/3351
f 2228/687/3352 2268/727/3352 2267/726/3352
f 2269/728/3353 2268/727/3353 2228/687/3353
f 2270/729/3354 2262/721/3354 2271/730/3354
f 2272/731/3355 2273/732/3355 2213/672/3355
f 2274/733/3356 2245/704/3356 2246/705/3356
f 2275/734/3357 2268/727/3357 2276/735/3357
f 2209/668/3358 2278/737/3358 2277/736/3358
f 2279/738/3359 2281/740/3359 2280/739/3359
f 2209/668/3360 2210/669/3360 2282/741/3360
f 2237/696/3361 2284/743/3361 2283/742/3361
f 2282/741/3362 2210/669/3362 2285/744/3362
f 2261/720/3363 2258/717/3363 2207/666/3363
f 2286/745/3364 2208/667/3364 2284/743/3364
f 2287/746/3365 2233/692/3365 2223/682/3365
f 2217/676/3366 2215/674/3366 2230/689/3366
f 2203/662/3367 2238/697/3367 2251/710/3367
f 2288/747/3368 2279/738/3368 2289/748/3368
f 2243/702/3369 2273/732/3369 2272/731/3369
f 2276/735/3370 2268/727/3370 2269/728/3370
f 2228/687/3371 2273/732/3371 2269/728/3371
f 2255/714/3372 2290/749/3372 2224/683/3372
f 2238/697/3373 2291/750/3373 2250/709/3373
f 2228/687/3374 2213/672/3374 2273/732/3374
f 2214/673/3375 2212/671/3375 2264/723/3375
f 2207/666/3376 2208/667/3376 2292/751/3376
f 2224/683/3377 2218/677/3377 2255/714/3377
f 2293/752/3378 2285/744/3378 2294/753/3378
f 2223/682/3379 2224/683/3379 2295/754/3379
f 2239/698/3380 2237/696/3380 2215/674/3380
f 2293/752/3381 2297/756/3381 2296/755/3381
f 2298/757/3382 2299/758/3382 2282/741/3382
f 2293/752/3383 2300/759/3383 2285/744/3383
f 2278/737/3384 2209/668/3384 2282/741/3384
f 2229/688/3385 2230/689/3385 2301/760/3385
f 2285/744/3386 2300/759/3386 2302/761/3386
f 2282/741/3387 2285/744/3387 2302/761/3387
f 2248/707/3388 2294/753/3388 2210/669/3388
f 2283/742/3389 2301/760/3389 2237/696/3389
f 2219/678/3390 2221/680/3390 2235/694/3390
f 2248/707/3391 2293/752/3391 2294/753/3391
f 2296/755/3392 2300/759/3392 2293/752/3392
f 2302/761/3393 2300/759/3393 2304/762/3393
f 2300/759/3394 2296/755/3394 2304/762/3394
f 2245/704/3395 2278/737/3395 2247/706/3395
f 2222/681/3396 2305/763/3396 2242/701/3396
f 2246/705/3397 2270/729/3397 2280/739/3397
f 2221/680/3398 2234/693/3398 2235/694/3398
f 2277/736/3399 2278/737/3399 2245/704/3399
f 2249/708/3400 2204/663/3400 2248/707/3400
f 2278/737/3401 2282/741/3401 2299/758/3401
f 2306/764/3402 2308/766/3402 2307/765/3402
f 2297/756/3403 2293/752/3403 2204/663/3403
f 2204/663/3404 2293/752/3404 2248/707/3404
f 2304/762/3405 2309/767/3405 2302/761/3405
f 2269/728/3406 2310/768/3406 2276/735/3406
f 2302/761/3407 2298/757/3407 2282/741/3407
f 2299/758/3408 2303/769/3408 2247/706/3408
f 2301/760/3409 2230/689/3409 2237/696/3409
f 2292/751/3410 2289/748/3410 2271/730/3410
f 2234/693/3411 2221/680/3411 2258/717/3411
f 2309/767/3412 2298/757/3412 2302/761/3412
f 2261/720/3413 2262/721/3413 2265/724/3413
f 2210/669/3414 2294/753/3414 2285/744/3414
f 2284/743/3415 2311/770/3415 2286/745/3415
f 2261/720/3416 2265/724/3416 2236/695/3416
f 2227/686/3417 2212/671/3417 2213/672/3417
f 2243/702/3418 2312/771/3418 2232/691/3418
f 2284/743/3419 2256/715/3419 2283/742/3419
f 2309/767/3420 2304/762/3420 785/772/3420
f 2246/705/3421 2262/721/3421 2270/729/3421
f 2243/702/3422 2272/731/3422 2301/760/3422
f 2215/674/3423 2291/750/3423 2238/697/3423
f 2236/695/3424 2259/718/3424 2257/716/3424
f 2261/720/3425 2236/695/3425 2234/693/3425
f 2280/739/3426 2281/740/3426 2313/773/3426
f 2219/678/3427 2257/716/3427 2218/677/3427
f 2257/716/3428 2235/694/3428 2236/695/3428
f 2227/686/3429 2228/687/3429 2267/726/3429
f 2231/690/3430 2305/763/3430 2223/682/3430
f 2221/680/3431 2222/681/3431 2242/701/3431
f 2253/712/3432 2258/717/3432 2221/680/3432
f 2236/695/3433 2265/724/3433 2266/725/3433
f 2314/774/3434 2316/776/3434 2315/775/3434
f 2235/694/3435 2257/716/3435 2219/678/3435
f 2306/764/3436 2315/775/3436 2316/776/3436
f 2317/777/3437 2314/774/3437 2315/775/3437
f 2216/675/3438 2316/776/3438 2314/774/3438
f 2315/775/3439 2306/764/3439 2318/778/3439
f 2303/769/3440 2266/725/3440 2247/706/3440
f 2239/698/3441 2238/697/3441 2203/662/3441
f 2314/774/3442 2291/750/3442 2216/675/3442
f 2270/729/3443 2271/730/3443 2279/738/3443
f 2319/779/3444 2276/735/3444 2287/746/3444
f 2256/715/3445 2284/743/3445 2208/667/3445
f 2217/676/3446 2263/722/3446 2216/675/3446
f 2317/777/3447 2291/750/3447 2314/774/3447
f 2272/731/3448 2213/672/3448 2229/688/3448
f 2316/776/3449 2216/675/3449 2320/780/3449
f 2321/781/3450 2250/709/3450 2291/750/3450
f 2286/745/3451 2203/662/3451 2288/747/3451
f 2291/750/3452 2317/777/3452 2321/781/3452
f 2220/679/3453 2224/683/3453 2222/681/3453
f 2317/777/3454 2318/778/3454 2321/781/3454
f 2322/782/3455 2203/662/3455 2251/710/3455
f 2318/778/3456 2317/777/3456 2315/775/3456
f 2312/771/3457 2283/742/3457 2241/700/3457
f 2232/691/3458 2233/692/3458 2243/702/3458
f 2305/763/3459 2241/700/3459 2242/701/3459
f 2320/780/3460 2216/675/3460 2263/722/3460
f 2311/770/3461 2284/743/3461 2237/696/3461
f 2249/708/3462 2281/740/3462 2288/747/3462
f 2274/733/3463 2277/736/3463 2245/704/3463
f 2216/675/3464 2291/750/3464 2215/674/3464
f 2249/708/3465 2211/670/3465 2313/773/3465
f 2310/768/3466 2269/728/3466 2244/703/3466
f 2224/683/3467 2323/783/3467 2295/754/3467
f 2239/698/3468 2311/770/3468 2237/696/3468
f 2217/676/3469 2214/673/3469 2263/722/3469
f 2246/705/3470 2280/739/3470 2274/733/3470
f 2214/673/3471 2229/688/3471 2213/672/3471
f 2269/728/3472 2273/732/3472 2244/703/3472
f 2280/739/3473 2270/729/3473 2279/738/3473
f 2232/691/3474 2312/771/3474 2231/690/3474
f 2206/665/3475 2207/666/3475 2258/717/3475
f 2248/707/3476 2210/669/3476 2211/670/3476
f 2287/746/3477 2276/735/3477 2310/768/3477
f 2238/697/3478 2250/709/3478 2251/710/3478
f 2244/703/3479 2273/732/3479 2243/702/3479
f 2251/710/3480 2252/711/3480 2322/782/3480
f 2225/684/3481 2204/663/3481 2205/664/3481
f 2241/700/3482 2283/742/3482 2240/699/3482
f 2275/734/3483 2276/735/3483 2319/779/3483
f 2286/745/3484 2311/770/3484 2203/662/3484
f 2289/748/3485 2279/738/3485 2271/730/3485
f 2323/783/3486 2319/779/3486 2295/754/3486
f 2229/688/3487 2214/673/3487 2217/676/3487
f 2244/703/3488 2233/692/3488 2287/746/3488
f 2220/679/3489 2218/677/3489 2224/683/3489
f 2223/682/3490 2233/692/3490 2231/690/3490
f 2222/681/3491 2223/682/3491 2305/763/3491
f 2266/725/3492 2260/719/3492 2236/695/3492
f 2289/748/3493 2286/745/3493 2288/747/3493
f 2205/664/3494 2203/662/3494 2322/782/3494
f 2226/685/3495 2322/782/3495 2252/711/3495
f 2241/700/3496 2305/763/3496 2231/690/3496
f 2240/699/3497 2253/712/3497 2242/701/3497
f 2229/688/3498 2301/760/3498 2272/731/3498
f 2318/778/3499 2306/764/3499 2307/765/3499
f 2204/663/3500 2225/684/3500 2297/756/3500
f 2262/721/3501 2246/705/3501 2265/724/3501
f 2208/667/3502 2206/665/3502 2256/715/3502
f 2240/699/3503 2283/742/3503 2256/715/3503
f 2211/670/3504 2277/736/3504 2313/773/3504
f 2243/702/3505 2301/760/3505 2312/771/3505
f 2279/738/3506 2288/747/3506 2281/740/3506
f 2274/733/3507 2280/739/3507 2313/773/3507
f 2234/693/3508 2258/717/3508 2261/720/3508
f 2247/706/3509 2278/737/3509 2299/758/3509
f 2223/682/3510 2295/754/3510 2287/746/3510
f 2310/768/3511 2244/703/3511 2287/746/3511
f 2207/666/3512 2292/751/3512 2262/721/3512
f 2267/726/3513 2324/784/3513 2227/686/3513
f 2224/683/3514 2290/749/3514 2323/783/3514
f 2289/748/3515 2292/751/3515 2208/667/3515
f 2271/730/3516 2262/721/3516 2292/751/3516
f 2281/740/3517 2249/708/3517 2313/773/3517
f 2288/747/3518 2204/663/3518 2249/708/3518
f 2322/782/3519 2226/685/3519 2205/664/3519
f 2312/771/3520 2301/760/3520 2283/742/3520
f 2311/770/3521 2239/698/3521 2203/662/3521
f 2267/726/3522 2325/785/3522 2324/784/3522
f 2246/705/3523 2247/706/3523 2265/724/3523
f 2204/663/3524 2288/747/3524 2203/662/3524
f 2274/733/3525 2313/773/3525 2277/736/3525
f 2211/670/3526 2209/668/3526 2277/736/3526
f 2295/754/3527 2319/779/3527 2287/746/3527
f 2208/667/3528 2286/745/3528 2289/748/3528
f 2220/679/3529 2222/681/3529 2221/680/3529
f 2312/771/3530 2241/700/3530 2231/690/3530
f 2326/786/3531 2328/788/3531 2327/787/3531
f 2329/789/3532 2331/791/3532 2330/790/3532
f 2332/792/3533 2334/794/3533 2333/793/3533
f 2335/795/3534 2337/797/3534 2336/796/3534
f 2338/798/3535 2337/797/3535 2335/795/3535
f 2339/799/3536 2341/801/3536 2340/800/3536
f 2342/802/3537 2344/804/3537 2343/803/3537
f 2339/799/3538 2346/806/3538 2345/805/3538
f 2347/807/3539 2349/809/3539 2348/808/3539
f 2329/789/3540 2351/811/3540 2350/810/3540
f 2352/812/3541 2353/813/3541 2331/791/3541
f 2354/814/3542 2356/816/3542 2355/815/3542
f 2357/817/3543 2329/789/3543 2350/810/3543
f 2358/818/3544 2360/820/3544 2359/819/3544
f 2361/821/3545 2357/817/3545 2350/810/3545
f 2349/809/3546 2347/807/3546 2362/822/3546
f 2363/823/3547 2364/824/3547 2361/821/3547
f 2361/821/3548 2366/826/3548 2365/825/3548
f 2339/799/3549 2340/800/3549 2368/827/3549
f 2338/798/3550 2370/829/3550 2369/828/3550
f 2371/830/3551 2373/832/3551 2372/831/3551
f 2335/795/3552 2375/834/3552 2374/833/3552
f 2363/823/3553 2376/835/3553 2364/824/3553
f 2359/819/3554 2360/820/3554 2377/836/3554
f 2378/837/3555 2380/839/3555 2379/838/3555
f 2378/837/3556 2367/841/3556 2381/840/3556
f 2357/817/3557 2364/824/3557 2382/842/3557
f 2383/843/3558 2384/844/3558 2363/823/3558
f 2385/845/3559 2387/847/3559 2386/846/3559
f 2365/825/3560 2389/849/3560 2388/848/3560
f 2390/850/3561 2392/852/3561 2391/851/3561
f 2393/853/3562 2395/855/3562 2394/854/3562
f 2374/833/3563 2398/856/3563 2338/798/3563
f 2399/857/3564 2401/859/3564 2400/858/3564
f 2402/860/3565 2404/862/3565 2403/861/3565
f 2405/863/3566 2371/830/3566 2372/831/3566
f 2406/864/3567 2377/836/3567 2381/840/3567
f 2378/837/3568 2360/820/3568 2358/818/3568
f 2407/865/3569 2399/857/3569 2373/832/3569
f 2374/833/3570 2375/834/3570 2408/866/3570
f 2367/841/3571 2378/837/3571 2379/838/3571
f 2335/795/3572 2374/833/3572 2338/798/3572
f 2374/833/3573 2385/845/3573 2386/846/3573
f 2364/824/3574 2357/817/3574 2361/821/3574
f 2409/867/3575 2410/868/3575 2387/847/3575
f 2372/831/3576 2400/858/3576 2411/869/3576
f 2412/870/3577 2353/813/3577 2344/804/3577
f 2413/871/3578 2382/842/3578 2364/824/3578
f 2414/872/3579 2415/873/3579 2353/813/3579
f 2383/843/3580 2363/823/3580 2361/821/3580
f 2333/793/3581 2417/875/3581 2416/874/3581
f 2418/876/3582 2420/878/3582 2419/877/3582
f 2388/848/3583 2389/849/3583 2421/879/3583
f 2417/875/3584 2334/794/3584 2345/805/3584
f 2385/845/3585 2422/880/3585 2403/861/3585
f 2423/881/3586 2425/883/3586 2424/882/3586
f 2372/831/3587 2426/884/3587 2405/863/3587
f 2385/845/3588 2374/833/3588 2422/880/3588
f 2339/799/3589 2332/792/3589 2341/801/3589
f 2427/885/3590 2429/887/3590 2428/886/3590
f 2430/888/3591 2427/885/3591 2428/886/3591
f 2421/879/3592 2432/890/3592 2431/889/3592
f 2405/863/3593 2426/884/3593 2355/815/3593
f 2433/891/3594 2435/893/3594 2434/892/3594
f 2421/879/3595 2436/894/3595 2432/890/3595
f 2416/874/3596 2402/860/3596 2403/861/3596
f 2429/887/3597 2427/885/3597 2437/895/3597
f 2342/802/3598 2400/858/3598 2438/896/3598
f 2340/800/3599 2341/801/3599 2439/897/3599
f 2440/898/3600 2397/899/3600 2387/847/3600
f 2430/888/3601 2428/886/3601 2419/877/3601
f 2429/887/3602 2441/900/3602 2366/826/3602
f 2348/808/3603 2420/878/3603 2347/807/3603
f 2398/856/3604 2370/829/3604 2338/798/3604
f 2369/828/3605 2442/901/3605 2338/798/3605
f 887/902/3606 2370/829/3606 2398/856/3606
f 2443/903/3607 2420/878/3607 2418/876/3607
f 2388/848/3608 2421/879/3608 2444/904/3608
f 2428/886/3609 2429/887/3609 2351/811/3609
f 2401/859/3610 2399/857/3610 2445/905/3610
f 2392/852/3611 2362/822/3611 2347/807/3611
f 2336/796/3612 2391/851/3612 2375/834/3612
f 2365/825/3613 2388/848/3613 2446/906/3613
f 2424/882/3614 2425/883/3614 2432/890/3614
f 2444/904/3615 2421/879/3615 2431/889/3615
f 2348/808/3616 2430/888/3616 2419/877/3616
f 2326/786/3617 2447/907/3617 2337/797/3617
f 2404/862/3618 2359/819/3618 2385/845/3618
f 2448/908/3619 2340/800/3619 2393/853/3619
f 2389/849/3620 2366/826/3620 2441/900/3620
f 2449/909/3621 2389/849/3621 2441/900/3621
f 2355/815/3622 2450/910/3622 2354/814/3622
f 2428/886/3623 2351/811/3623 2330/790/3623
f 2394/854/3624 2452/912/3624 2451/911/3624
f 2396/913/3625 2397/899/3625 2453/914/3625
f 2426/884/3626 2411/869/3626 2454/915/3626
f 2444/904/3627 2384/844/3627 2446/906/3627
f 2363/823/3628 2384/844/3628 2455/916/3628
f 2357/817/3629 2382/842/3629 2329/789/3629
f 2426/884/3630 2454/915/3630 2355/815/3630
f 2420/878/3631 2348/808/3631 2419/877/3631
f 2433/891/3632 2412/870/3632 2435/893/3632
f 2381/840/3633 2377/836/3633 2360/820/3633
f 2368/827/3634 2340/800/3634 2448/908/3634
f 2436/894/3635 2421/879/3635 2449/909/3635
f 2456/917/3636 2418/876/3636 2419/877/3636
f 2352/812/3637 2382/842/3637 2343/803/3637
f 2377/836/3638 2406/864/3638 2453/914/3638
f 2457/918/3639 2386/846/3639 2410/868/3639
f 2447/907/3640 2326/786/3640 2327/787/3640
f 2438/896/3641 2458/919/3641 2412/870/3641
f 2452/912/3642 2460/921/3642 2459/920/3642
f 2443/903/3643 2375/834/3643 2391/851/3643
f 2332/792/3644 2458/919/3644 2341/801/3644
f 2451/911/3645 2452/912/3645 2459/920/3645
f 2415/873/3646 2418/876/3646 2456/917/3646
f 2350/810/3647 2366/826/3647 2361/821/3647
f 2347/807/3648 2420/878/3648 2443/903/3648
f 2461/922/3649 2443/903/3649 2418/876/3649
f 2448/908/3650 2393/853/3650 2451/911/3650
f 2435/893/3651 2332/792/3651 2434/892/3651
f 2398/856/3652 2410/868/3652 887/902/3652
f 2384/844/3653 2383/843/3653 2446/906/3653
f 2402/860/3654 2359/819/3654 2404/862/3654
f 2393/853/3655 2394/854/3655 2451/911/3655
f 2440/898/3656 2359/819/3656 2453/914/3656
f 2337/797/3657 2442/901/3657 2328/788/3657
f 2410/868/3658 2409/867/3658 887/902/3658
f 2337/797/3659 2328/788/3659 2326/786/3659
f 843/923/3660 2367/841/3660 2379/838/3660
f 2456/917/3661 2428/886/3661 2330/790/3661
f 2334/794/3662 2417/875/3662 2333/793/3662
f 2422/880/3663 2374/833/3663 2408/866/3663
f 2434/892/3664 2332/792/3664 2333/793/3664
f 2433/891/3665 2414/872/3665 2412/870/3665
f 2450/910/3666 2454/915/3666 2363/823/3666
f 2423/881/3667 2462/924/3667 2425/883/3667
f 2411/869/3668 2426/884/3668 2372/831/3668
f 2388/848/3669 2444/904/3669 2446/906/3669
f 2460/921/3670 2407/865/3670 2463/925/3670
f 2457/918/3671 2398/856/3671 2374/833/3671
f 2464/926/3672 2378/837/3672 2358/818/3672
f 2455/916/3673 2450/910/3673 2363/823/3673
f 2439/897/3674 2393/853/3674 2340/800/3674
f 2337/797/3675 2447/907/3675 2336/796/3675
f 2410/868/3676 2398/856/3676 2457/918/3676
f 2345/805/3677 2334/794/3677 2339/799/3677
f 2403/861/3678 2434/892/3678 2333/793/3678
f 2366/826/3679 2389/849/3679 2365/825/3679
f 2365/825/3680 2383/843/3680 2361/821/3680
f 2373/832/3681 2399/857/3681 2372/831/3681
f 2419/877/3682 2428/886/3682 2456/917/3682
f 2413/871/3683 2376/835/3683 2411/869/3683
f 2353/813/3684 2412/870/3684 2414/872/3684
f 2464/926/3685 2380/839/3685 2378/837/3685
f 2439/897/3686 2395/855/3686 2393/853/3686
f 2332/792/3687 2412/870/3687 2458/919/3687
f 2429/887/3688 2437/895/3688 2441/900/3688
f 2438/896/3689 2395/855/3689 2439/897/3689
f 2416/874/3690 2403/861/3690 2333/793/3690
f 2433/891/3691 2408/866/3691 2461/922/3691
f 2411/869/3692 2342/802/3692 2413/871/3692
f 2445/905/3693 2395/855/3693 2401/859/3693
f 2392/852/3694 2347/807/3694 2443/903/3694
f 2382/842/3695 2413/871/3695 2343/803/3695
f 2358/818/3696 2359/819/3696 2402/860/3696
f 2344/804/3697 2353/813/3697 2352/812/3697
f 2344/804/3698 2342/802/3698 2438/896/3698
f 2386/846/3699 2457/918/3699 2374/833/3699
f 2443/903/3700 2391/851/3700 2392/852/3700
f 2399/857/3701 2400/858/3701 2372/831/3701
f 2460/921/3702 2452/912/3702 2407/865/3702
f 2429/887/3703 2350/810/3703 2351/811/3703
f 2465/927/3704 2379/838/3704 2380/839/3704
f 2464/926/3705 2416/874/3705 2380/839/3705
f 2352/812/3706 2329/789/3706 2382/842/3706
f 2359/819/3707 2440/898/3707 2385/845/3707
f 2461/922/3708 2375/834/3708 2443/903/3708
f 2415/873/3709 2461/922/3709 2418/876/3709
f 2442/901/3710 2369/828/3710 878/928/3710
f 2330/790/3711 2351/811/3711 2329/789/3711
f 2392/852/3712 2466/929/3712 2362/822/3712
f 2381/840/3713 886/930/3713 2406/864/3713
f 2433/891/3714 2461/922/3714 2414/872/3714
f 2445/905/3715 2399/857/3715 2407/865/3715
f 2456/917/3716 2330/790/3716 2331/791/3716
f 2459/920/3717 2448/908/3717 2451/911/3717
f 2342/802/3718 2343/803/3718 2413/871/3718
f 2465/927/3719 2380/839/3719 2346/806/3719
f 2444/904/3720 2431/889/3720 2462/924/3720
f 2462/924/3721 2468/932/3721 2467/931/3721
f 2438/896/3722 2401/859/3722 2395/855/3722
f 2397/899/3723 2409/867/3723 2387/847/3723
f 2384/844/3724 2467/931/3724 2468/932/3724
f 2458/919/3725 2439/897/3725 2341/801/3725
f 2445/905/3726 2407/865/3726 2394/854/3726
f 2352/812/3727 2343/803/3727 2344/804/3727
f 2366/826/3728 2350/810/3728 2429/887/3728
f 2458/919/3729 2438/896/3729 2439/897/3729
f 2411/869/3730 2400/858/3730 2342/802/3730
f 2378/837/3731 2381/840/3731 2360/820/3731
f 2346/806/3732 2380/839/3732 2345/805/3732
f 2413/871/3733 2364/824/3733 2376/835/3733
f 2331/791/3734 2329/789/3734 2352/812/3734
f 2438/896/3735 2412/870/3735 2344/804/3735
f 2417/875/3736 2345/805/3736 2380/839/3736
f 2431/889/3737 2432/890/3737 2425/883/3737
f 2358/818/3738 2416/874/3738 2464/926/3738
f 2450/910/3739 2355/815/3739 2454/915/3739
f 2386/846/3740 2387/847/3740 2410/868/3740
f 2431/889/3741 2425/883/3741 2462/924/3741
f 2415/873/3742 2331/791/3742 2353/813/3742
f 2390/850/3743 2466/929/3743 2392/852/3743
f 2461/922/3744 2415/873/3744 2414/872/3744
f 2422/880/3745 2408/866/3745 2433/891/3745
f 2411/869/3746 2376/835/3746 2454/915/3746
f 2456/917/3747 2331/791/3747 2415/873/3747
f 2338/798/3748 2442/901/3748 2337/797/3748
f 2452/912/3749 2394/854/3749 2407/865/3749
f 2463/925/3750 2407/865/3750 2373/832/3750
f 2408/866/3751 2375/834/3751 2461/922/3751
f 2339/799/3752 2334/794/3752 2332/792/3752
f 2403/861/3753 2422/880/3753 2434/892/3753
f 2383/843/3754 2365/825/3754 2446/906/3754
f 2394/854/3755 2395/855/3755 2445/905/3755
f 2336/796/3756 2390/850/3756 2391/851/3756
f 2417/875/3757 2380/839/3757 2416/874/3757
f 2442/901/3758 934/933/3758 2328/788/3758
f 2401/859/3759 2438/896/3759 2400/858/3759
f 2375/834/3760 2335/795/3760 2336/796/3760
f 2433/891/3761 2434/892/3761 2422/880/3761
f 2356/816/3762 2371/830/3762 2405/863/3762
f 2449/909/3763 2421/879/3763 2389/849/3763
f 2332/792/3764 2435/893/3764 2412/870/3764
f 2467/931/3765 2384/844/3765 2444/904/3765
f 2377/836/3766 2453/914/3766 2359/819/3766
f 2385/845/3767 2403/861/3767 2404/862/3767
f 2447/907/3768 2390/850/3768 2336/796/3768
f 2358/818/3769 2402/860/3769 2416/874/3769
f 2385/845/3770 2440/898/3770 2387/847/3770
f 2454/915/3771 2376/835/3771 2363/823/3771
f 2356/816/3772 2405/863/3772 2355/815/3772
f 2466/929/3773 2447/907/3773 2327/787/3773
f 2467/931/3774 2444/904/3774 2462/924/3774
f 2453/914/3775 2406/864/3775 2396/913/3775
f 2390/850/3776 2447/907/3776 2466/929/3776
f 2397/899/3777 2440/898/3777 2453/914/3777
f 2472/934/3778 2474/936/3778 2473/935/3778
f 2475/937/3779 2477/939/3779 2476/938/3779
f 2478/940/3780 2480/942/3780 2479/941/3780
f 2470/943/3781 2481/945/3781 2469/944/3781
f 2482/946/3782 2483/947/3782 2472/934/3782
f 965/948/3783 2484/949/3783 2470/943/3783
f 2477/939/3784 2485/950/3784 2476/938/3784
f 2488/951/3785 2490/953/3785 2489/952/3785
f 2491/954/3786 2493/956/3786 2492/955/3786
f 2492/955/3787 2486/957/3787 2491/954/3787
f 2495/958/3788 2494/960/3788 2496/959/3788
f 2497/961/3789 2494/960/3789 2498/962/3789
f 2499/963/3790 983/965/3790 2500/964/3790
f 2479/941/3791 2501/966/3791 2478/940/3791
f 2502/967/3792 2471/969/3792 2503/968/3792
f 2490/953/3793 2488/951/3793 2482/946/3793
f 2484/949/3794 2495/958/3794 2470/943/3794
f 2504/970/3795 2505/971/3795 2489/952/3795
f 2493/956/3796 2506/972/3796 2505/971/3796
f 2477/939/3797 2508/974/3797 2507/973/3797
f 2495/958/3798 2484/949/3798 2494/960/3798
f 2494/960/3799 2497/961/3799 2509/975/3799
f 2504/970/3800 2489/952/3800 2490/953/3800
f 2492/955/3801 2473/935/3801 2474/936/3801
f 2510/976/3802 2511/977/3802 2489/952/3802
f 2490/953/3803 2473/935/3803 2504/970/3803
f 2481/945/3804 2496/959/3804 2510/976/3804
f 2492/955/3805 2505/971/3805 2504/970/3805
f 2512/978/3806 2483/947/3806 2508/974/3806
f 2475/937/3807 2512/978/3807 2508/974/3807
f 2489/952/3808 2506/972/3808 2510/976/3808
f 2506/972/3809 2489/952/3809 2505/971/3809
f 2472/934/3810 2483/947/3810 2512/978/3810
f 2513/979/3811 2510/976/3811 2496/959/3811
f 2496/959/3812 2481/945/3812 2495/958/3812
f 2474/936/3813 2512/978/3813 2475/937/3813
f 2473/935/3814 2490/953/3814 2482/946/3814
f 2514/980/3815 2501/966/3815 2479/941/3815
f 2506/972/3816 2481/945/3816 2510/976/3816
f 2496/959/3817 2494/960/3817 2509/975/3817
f 2514/980/3818 2485/950/3818 2501/966/3818
f 2493/956/3819 2491/954/3819 993/981/3819
f 2489/952/3820 2511/977/3820 2488/951/3820
f 2477/939/3821 2501/966/3821 2485/950/3821
f 2478/940/3822 2477/939/3822 2507/973/3822
f 2514/980/3823 2476/938/3823 2485/950/3823
f 2474/936/3824 2486/957/3824 2492/955/3824
f 2492/955/3825 2493/956/3825 2505/971/3825
f 2497/961/3826 2471/969/3826 2502/967/3826
f 2471/969/3827 2497/961/3827 2498/962/3827
f 2487/982/3828 2475/937/3828 2476/938/3828
f 2475/937/3829 2486/957/3829 2474/936/3829
f 2486/957/3830 2475/937/3830 2487/982/3830
f 2516/983/3831 2469/944/3831 2481/945/3831
f 2512/978/3832 2474/936/3832 2472/934/3832
f 2509/975/3833 2497/961/3833 2518/984/3833
f 2469/944/3834 2506/972/3834 2493/956/3834
f 2493/956/3835 993/981/3835 2469/944/3835
f 2471/969/3836 2499/963/3836 2503/968/3836
f 2495/958/3837 2481/945/3837 2470/943/3837
f 2503/968/3838 2499/963/3838 2500/964/3838
f 2506/972/3839 2469/944/3839 2516/983/3839
f 2478/940/3840 2501/966/3840 2477/939/3840
f 2481/945/3841 2506/972/3841 2516/983/3841
f 2473/935/3842 2482/946/3842 2472/934/3842
f 2475/937/3843 2508/974/3843 2477/939/3843
f 2519/985/3844 2496/959/3844 2509/975/3844
f 2510/976/3845 2513/979/3845 2511/977/3845
f 2509/975/3846 2518/984/3846 2519/985/3846
f 2511/977/3847 2513/979/3847 2520/986/3847
f 2521/987/3848 2519/985/3848 2518/984/3848
f 2519/985/3849 2520/986/3849 2513/979/3849
f 2503/968/3850 2522/988/3850 2502/967/3850
f 2503/968/3851 2500/964/3851 2523/989/3851
f 2519/985/3852 2521/987/3852 2520/986/3852
f 2503/968/3853 2523/989/3853 2522/988/3853
f 2496/959/3854 2519/985/3854 2513/979/3854
f 2523/989/3855 2524/990/3855 2522/988/3855
f 2518/984/3856 2522/988/3856 2521/987/3856
f 2525/991/3857 2521/987/3857 2526/992/3857
f 2521/987/3858 2522/988/3858 2524/990/3858
f 2504/970/3859 2473/935/3859 2492/955/3859
f 2520/986/3860 2521/987/3860 2525/991/3860
f 2502/967/3861 2518/984/3861 2497/961/3861
f 2526/992/3862 2521/987/3862 2524/990/3862
f 2522/988/3863 2518/984/3863 2502/967/3863
f 2527/993/3864 2500/964/3864 983/965/3864
f 2523/989/3865 2528/994/3865 2524/990/3865
f 2500/964/3866 2527/993/3866 2528/994/3866
f 2500/964/3867 2528/994/3867 2523/989/3867
f 2529/995/3868 2531/997/3868 2530/996/3868
f 2532/998/3869 2534/1000/3869 2533/999/3869
f 2535/1001/3870 2537/1003/3870 2536/1002/3870
f 2531/997/3871 2538/1004/3871 2532/998/3871
f 2539/1005/3872 2541/1007/3872 2540/1006/3872
f 2544/1008/3873 2546/1010/3873 2545/1009/3873
f 2547/1011/3874 2545/1009/3874 2548/1012/3874
f 2530/996/3875 2549/1013/3875 2529/995/3875
f 2550/1014/3876 2552/1016/3876 2551/1015/3876
f 2535/1001/3877 2554/1018/3877 2553/1017/3877
f 2555/1019/3878 2546/1010/3878 2556/1020/3878
f 2534/1000/3879 2558/1022/3879 2557/1021/3879
f 2559/1023/3880 2543/1025/3880 2542/1024/3880
f 2538/1004/3881 2531/997/3881 2529/995/3881
f 2559/1023/3882 2561/1027/3882 2560/1026/3882
f 2560/1026/3883 2562/1028/3883 2559/1023/3883
f 2563/1029/3884 2565/1031/3884 2564/1030/3884
f 2558/1022/3885 2566/1032/3885 2557/1021/3885
f 2567/1033/3886 2569/1035/3886 2568/1034/3886
f 2570/1036/3887 2556/1020/3887 2571/1037/3887
f 2572/1038/3888 2531/997/3888 2532/998/3888
f 2557/1021/3889 2573/1039/3889 2533/999/3889
f 2569/1035/3890 2567/1033/3890 2575/1040/3890
f 2538/1004/3891 2576/1041/3891 2532/998/3891
f 2577/1042/3892 2578/1043/3892 2568/1034/3892
f 2580/1044/3893 2572/1038/3893 2573/1039/3893
f 2567/1033/3894 2578/1043/3894 2574/1045/3894
f 2538/1004/3895 2537/1003/3895 2553/1017/3895
f 2557/1021/3896 2533/999/3896 2534/1000/3896
f 2572/1038/3897 2540/1006/3897 2541/1007/3897
f 2583/1046/3898 2580/1044/3898 2573/1039/3898
f 2568/1034/3899 2584/1047/3899 2583/1046/3899
f 2585/1048/3900 2535/1001/3900 2536/1002/3900
f 2553/1017/3901 2576/1041/3901 2538/1004/3901
f 2586/1049/3902 2571/1037/3902 2539/1005/3902
f 2587/1050/3903 2581/1052/3903 2582/1051/3903
f 2573/1039/3904 2572/1038/3904 2533/999/3904
f 2584/1047/3905 2568/1034/3905 2569/1035/3905
f 2540/1006/3906 2572/1038/3906 2580/1044/3906
f 2548/1012/3907 2588/1053/3907 2560/1026/3907
f 2586/1049/3908 2584/1047/3908 2570/1036/3908
f 2589/1054/3909 2539/1005/3909 2571/1037/3909
f 2583/1046/3910 2573/1039/3910 2590/1055/3910
f 2577/1042/3911 2568/1034/3911 2582/1051/3911
f 2586/1049/3912 2539/1005/3912 2540/1006/3912
f 2554/1018/3913 2534/1000/3913 2576/1041/3913
f 2591/1056/3914 2534/1000/3914 2554/1018/3914
f 2583/1046/3915 2582/1051/3915 2568/1034/3915
f 2590/1055/3916 2566/1032/3916 2587/1050/3916
f 2531/997/3917 2572/1038/3917 2541/1007/3917
f 2588/1053/3918 2548/1012/3918 2545/1009/3918
f 2573/1039/3919 2566/1032/3919 2590/1055/3919
f 2566/1032/3920 2573/1039/3920 2557/1021/3920
f 2567/1033/3921 2574/1045/3921 2575/1040/3921
f 2592/1057/3922 2593/1059/3922 2579/1058/3922
f 2553/1017/3923 2554/1018/3923 2576/1041/3923
f 2594/1060/3924 2596/1062/3924 2595/1061/3924
f 2543/1025/3925 2597/1063/3925 2574/1045/3925
f 2598/1064/3926 2599/1065/3926 2596/1062/3926
f 2544/1008/3927 2601/1067/3927 2600/1066/3927
f 2570/1036/3928 2569/1035/3928 2556/1020/3928
f 2600/1066/3929 2595/1061/3929 2599/1065/3929
f 2554/1018/3930 2535/1001/3930 2602/1068/3930
f 2595/1061/3931 2600/1066/3931 2601/1067/3931
f 2575/1040/3932 2574/1045/3932 2597/1063/3932
f 2554/1018/3933 2603/1069/3933 2591/1056/3933
f 2550/1014/3934 2571/1037/3934 2604/1070/3934
f 2554/1018/3935 2602/1068/3935 2603/1069/3935
f 2553/1017/3936 2537/1003/3936 2535/1001/3936
f 2552/1016/3937 2600/1066/3937 2598/1064/3937
f 2571/1037/3938 2556/1020/3938 2604/1070/3938
f 2604/1070/3939 2544/1008/3939 2600/1066/3939
f 2605/1071/3940 2563/1029/3940 2593/1059/3940
f 2562/1028/3941 2560/1026/3941 2588/1053/3941
f 2605/1071/3942 2593/1059/3942 2592/1057/3942
f 2533/999/3943 2572/1038/3943 2532/998/3943
f 2596/1062/3944 2599/1065/3944 2595/1061/3944
f 2544/1008/3945 2606/1072/3945 2601/1067/3945
f 2593/1059/3946 2564/1030/3946 2579/1058/3946
f 2599/1065/3947 2598/1064/3947 2600/1066/3947
f 2548/1012/3948 2607/1073/3948 2547/1011/3948
f 2555/1019/3949 2556/1020/3949 2569/1035/3949
f 2550/1014/3950 2604/1070/3950 2600/1066/3950
f 2546/1010/3951 2555/1019/3951 2588/1053/3951
f 2550/1014/3952 2600/1066/3952 2552/1016/3952
f 2550/1014/3953 2551/1015/3953 2589/1054/3953
f 2608/1074/3954 2596/1062/3954 2594/1060/3954
f 2541/1007/3955 2539/1005/3955 2589/1054/3955
f 2589/1054/3956 2609/1075/3956 2541/1007/3956
f 2549/1013/3957 2530/996/3957 2610/1076/3957
f 2530/996/3958 2541/1007/3958 2609/1075/3958
f 2550/1014/3959 2589/1054/3959 2571/1037/3959
f 2530/996/3960 2611/1077/3960 2610/1076/3960
f 2548/1012/3961 2560/1026/3961 2607/1073/3961
f 2568/1034/3962 2578/1043/3962 2567/1033/3962
f 2530/996/3963 2531/997/3963 2541/1007/3963
f 2587/1050/3964 2582/1051/3964 2590/1055/3964
f 2571/1037/3965 2586/1049/3965 2570/1036/3965
f 2588/1053/3966 2555/1019/3966 2562/1028/3966
f 2546/1010/3967 2544/1008/3967 2556/1020/3967
f 2612/1078/3968 2610/1076/3968 2611/1077/3968
f 2609/1075/3969 2611/1077/3969 2530/996/3969
f 2585/1048/3970 2602/1068/3970 2535/1001/3970
f 2611/1077/3971 2609/1075/3971 2551/1015/3971
f 2570/1036/3972 2584/1047/3972 2569/1035/3972
f 2597/1063/3973 2559/1023/3973 2562/1028/3973
f 2590/1055/3974 2582/1051/3974 2583/1046/3974
f 2597/1063/3975 2562/1028/3975 2575/1040/3975
f 2559/1023/3976 2542/1024/3976 2613/1079/3976
f 2564/1030/3977 2593/1059/3977 2563/1029/3977
f 2575/1040/3978 2562/1028/3978 2555/1019/3978
f 2614/1080/3979 2552/1016/3979 2598/1064/3979
f 2534/1000/3980 2532/998/3980 2576/1041/3980
f 2551/1015/3981 2609/1075/3981 2589/1054/3981
f 2588/1053/3982 2545/1009/3982 2546/1010/3982
f 2545/1009/3983 2547/1011/3983 2544/1008/3983
f 2580/1044/3984 2583/1046/3984 2584/1047/3984
f 2611/1077/3985 2615/1081/3985 2612/1078/3985
f 2611/1077/3986 2616/1082/3986 2615/1081/3986
f 2616/1082/3987 2618/1084/3987 2617/1083/3987
f 2619/1085/3988 2605/1071/3988 2592/1057/3988
f 2620/1086/3989 2622/1088/3989 2621/1087/3989
f 2623/1089/3990 2625/1091/3990 2624/1090/3990
f 2624/1090/3991 2626/1092/3991 2623/1089/3991
f 2586/1049/3992 2540/1006/3992 2580/1044/3992
f 2627/1093/3993 2602/1068/3993 2585/1048/3993
f 2618/1084/3994 2628/1094/3994 2624/1090/3994
f 2618/1084/3995 2629/1095/3995 2628/1094/3995
f 2627/1093/3996 2585/1048/3996 2631/1096/3996
f 2627/1093/3997 2631/1096/3997 2632/1097/3997
f 2555/1019/3998 2569/1035/3998 2575/1040/3998
f 2626/1092/3999 2624/1090/3999 2628/1094/3999
f 2633/1098/4000 2635/1100/4000 2634/1099/4000
f 2628/1094/4001 2629/1095/4001 2614/1080/4001
f 2636/1101/4002 2596/1062/4002 2608/1074/4002
f 2637/1102/4003 2638/1103/4003 2594/1060/4003
f 2626/1092/4004 2628/1094/4004 2639/1104/4004
f 2637/1102/4005 2640/1105/4005 2638/1103/4005
f 2641/1106/4006 2642/1108/4006 2630/1107/4006
f 2643/1109/4007 2645/1111/4007 2644/1110/4007
f 2645/1111/4008 2643/1109/4008 2639/1104/4008
f 2628/1094/4009 2614/1080/4009 2646/1112/4009
f 2584/1047/4010 2586/1049/4010 2580/1044/4010
f 2647/1113/4011 2636/1101/4011 2608/1074/4011
f 2648/1114/4012 2630/1107/4012 2642/1108/4012
f 2649/1115/4013 2650/1116/4013 2638/1103/4013
f 2647/1113/4014 2608/1074/4014 2594/1060/4014
f 2645/1111/4015 2639/1104/4015 2651/1117/4015
f 2639/1104/4016 2646/1112/4016 2651/1117/4016
f 2652/1118/4017 2654/1120/4017 2653/1119/4017
f 2641/1106/4018 2655/1121/4018 2642/1108/4018
f 2642/1108/4019 2655/1121/4019 2654/1120/4019
f 2645/1111/4020 2651/1117/4020 2655/1121/4020
f 2642/1108/4021 2654/1120/4021 2652/1118/4021
f 2656/1122/4022 2650/1116/4022 2657/1123/4022
f 2655/1121/4023 2653/1119/4023 2654/1120/4023
f 2653/1119/4024 2655/1121/4024 2658/1124/4024
f 2626/1092/4025 2643/1109/4025 2623/1089/4025
f 2659/1125/4026 2652/1118/4026 2660/1126/4026
f 2660/1126/4027 2652/1118/4027 2653/1119/4027
f 2653/1119/4028 2658/1124/4028 2661/1127/4028
f 2638/1103/4029 2640/1105/4029 2649/1115/4029
f 2662/1128/4030 2647/1113/4030 2663/1129/4030
f 2644/1110/4031 2665/1131/4031 2664/1130/4031
f 2651/1117/4032 2646/1112/4032 2662/1128/4032
f 2647/1113/4033 2662/1128/4033 2636/1101/4033
f 2666/1132/4034 2667/1133/4034 2656/1122/4034
f 2668/1134/4035 2642/1108/4035 2652/1118/4035
f 2669/1135/4036 2665/1131/4036 2644/1110/4036
f 2656/1122/4037 2670/1136/4037 2661/1127/4037
f 2656/1122/4038 2662/1128/4038 2663/1129/4038
f 2661/1127/4039 2670/1136/4039 2671/1137/4039
f 2563/1029/4040 2632/1097/4040 2672/1138/4040
f 2635/1100/4041 2633/1098/4041 2672/1138/4041
f 2651/1117/4042 2658/1124/4042 2655/1121/4042
f 2647/1113/4043 2594/1060/4043 2638/1103/4043
f 2669/1135/4044 2644/1110/4044 2645/1111/4044
f 2658/1124/4045 2656/1122/4045 2661/1127/4045
f 2666/1132/4046 2657/1123/4046 2673/1139/4046
f 2662/1128/4047 2646/1112/4047 2636/1101/4047
f 2544/1008/4048 2547/1011/4048 2606/1072/4048
f 2565/1031/4049 2563/1029/4049 2672/1138/4049
f 2598/1064/4050 2596/1062/4050 2636/1101/4050
f 2616/1082/4051 2629/1095/4051 2618/1084/4051
f 2551/1015/4052 2552/1016/4052 2629/1095/4052
f 2551/1015/4053 2629/1095/4053 2616/1082/4053
f 2646/1112/4054 2614/1080/4054 2598/1064/4054
f 2552/1016/4055 2614/1080/4055 2629/1095/4055
f 2551/1015/4056 2616/1082/4056 2611/1077/4056
f 2661/1127/4057 2660/1126/4057 2653/1119/4057
f 2613/1079/4058 2561/1027/4058 2559/1023/4058
f 2543/1025/4059 2559/1023/4059 2597/1063/4059
f 2671/1137/4060 2660/1126/4060 2661/1127/4060
f 2662/1128/4061 2658/1124/4061 2651/1117/4061
f 2673/1139/4062 2657/1123/4062 2650/1116/4062
f 2627/1093/4063 2632/1097/4063 2605/1071/4063
f 2639/1104/4064 2628/1094/4064 2646/1112/4064
f 2636/1101/4065 2646/1112/4065 2598/1064/4065
f 2604/1070/4066 2556/1020/4066 2544/1008/4066
f 2656/1122/4067 2658/1124/4067 2662/1128/4067
f 2622/1088/4068 2620/1086/4068 2631/1096/4068
f 2635/1100/4069 2672/1138/4069 2632/1097/4069
f 2674/1140/4070 2644/1110/4070 2675/1141/4070
f 2676/1142/4071 2678/1144/4071 2677/1143/4071
f 2674/1140/4072 2675/1141/4072 2679/1145/4072
f 2665/1131/4073 2669/1135/4073 2680/1146/4073
f 2635/1100/4074 2681/1147/4074 2634/1099/4074
f 2682/1148/4075 2684/1150/4075 2683/1149/4075
f 2634/1099/4076 2681/1147/4076 2685/1151/4076
f 2686/1152/4077 2688/1154/4077 2687/1153/4077
f 2679/1145/4078 2690/1156/4078 2689/1155/4078
f 2650/1116/4079 2663/1129/4079 2638/1103/4079
f 2656/1122/4080 2657/1123/4080 2666/1132/4080
f 2602/1068/4081 2605/1071/4081 2619/1085/4081
f 2692/1157/4082 2678/1144/4082 2685/1151/4082
f 2666/1132/4083 2673/1139/4083 2667/1133/4083
f 2692/1157/4084 2694/1158/4084 2678/1144/4084
f 2686/1152/4085 2696/1159/4085 2688/1154/4085
f 2697/1160/4086 2699/1162/4086 2698/1161/4086
f 2700/1163/4087 2679/1145/4087 2675/1141/4087
f 2685/1151/4088 2681/1147/4088 2687/1153/4088
f 2701/1164/4089 2682/1148/4089 2699/1162/4089
f 2538/1004/4090 2702/1165/4090 2537/1003/4090
f 2703/1166/4091 2691/1167/4091 2677/1143/4091
f 2692/1157/4092 2688/1154/4092 2704/1168/4092
f 2612/1078/4093 2617/1083/4093 2697/1160/4093
f 2605/1071/4094 2602/1068/4094 2627/1093/4094
f 2536/1002/4095 2622/1088/4095 2585/1048/4095
f 2618/1084/4096 2624/1090/4096 2625/1091/4096
f 2702/1165/4097 2529/995/4097 2705/1169/4097
f 2610/1076/4098 2705/1169/4098 2549/1013/4098
f 2706/1170/4099 2684/1150/4099 2682/1148/4099
f 2678/1144/4100 2694/1158/4100 2677/1143/4100
f 2621/1087/4101 2708/1172/4101 2707/1171/4101
f 2709/1173/4102 2688/1154/4102 2696/1159/4102
f 2707/1171/4103 2620/1086/4103 2621/1087/4103
f 2622/1088/4104 2631/1096/4104 2585/1048/4104
f 2683/1149/4105 2688/1154/4105 2709/1173/4105
f 2632/1097/4106 2563/1029/4106 2605/1071/4106
f 2632/1097/4107 2631/1096/4107 2635/1100/4107
f 2631/1096/4108 2687/1153/4108 2681/1147/4108
f 2704/1168/4109 2688/1154/4109 2683/1149/4109
f 2622/1088/4110 2537/1003/4110 2621/1087/4110
f 2695/1174/4111 2710/1175/4111 2680/1146/4111
f 2684/1150/4112 2690/1156/4112 2683/1149/4112
f 2674/1140/4113 2679/1145/4113 2689/1155/4113
f 2668/1134/4114 2652/1118/4114 2659/1125/4114
f 2694/1158/4115 2704/1168/4115 2690/1156/4115
f 2709/1173/4116 2682/1148/4116 2683/1149/4116
f 2694/1158/4117 2690/1156/4117 2677/1143/4117
f 2696/1159/4118 2699/1162/4118 2709/1173/4118
f 2689/1155/4119 2690/1156/4119 2684/1150/4119
f 2708/1172/4120 2711/1176/4120 2696/1159/4120
f 2650/1116/4121 2649/1115/4121 2673/1139/4121
f 2537/1003/4122 2708/1172/4122 2621/1087/4122
f 2645/1111/4123 2655/1121/4123 2641/1106/4123
f 2645/1111/4124 2641/1106/4124 2712/1177/4124
f 2690/1156/4125 2704/1168/4125 2683/1149/4125
f 2630/1107/4126 2713/1178/4126 2641/1106/4126
f 2699/1162/4127 2696/1159/4127 2698/1161/4127
f 2698/1161/4128 2696/1159/4128 2711/1176/4128
f 2676/1142/4129 2685/1151/4129 2678/1144/4129
f 2641/1106/4130 2713/1178/4130 2712/1177/4130
f 2620/1086/4131 2707/1171/4131 2686/1152/4131
f 2663/1129/4132 2647/1113/4132 2638/1103/4132
f 2622/1088/4133 2536/1002/4133 2537/1003/4133
f 2680/1146/4134 2712/1177/4134 2693/1179/4134
f 2711/1176/4135 2537/1003/4135 2702/1165/4135
f 2702/1165/4136 2538/1004/4136 2529/995/4136
f 2707/1171/4137 2708/1172/4137 2696/1159/4137
f 2690/1156/4138 2703/1166/4138 2677/1143/4138
f 2695/1174/4139 2680/1146/4139 2693/1179/4139
f 2663/1129/4140 2650/1116/4140 2656/1122/4140
f 2707/1171/4141 2696/1159/4141 2686/1152/4141
f 2680/1146/4142 2669/1135/4142 2712/1177/4142
f 2687/1153/4143 2688/1154/4143 2692/1157/4143
f 2692/1157/4144 2685/1151/4144 2687/1153/4144
f 2701/1164/4145 2699/1162/4145 2697/1160/4145
f 2706/1170/4146 2682/1148/4146 2701/1164/4146
f 2687/1153/4147 2620/1086/4147 2686/1152/4147
f 2669/1135/4148 2645/1111/4148 2712/1177/4148
f 2710/1175/4149 2665/1131/4149 2680/1146/4149
f 2697/1160/4150 2617/1083/4150 2701/1164/4150
f 2681/1147/4151 2635/1100/4151 2631/1096/4151
f 2706/1170/4152 2625/1091/4152 2674/1140/4152
f 2698/1161/4153 2705/1169/4153 2697/1160/4153
f 2698/1161/4154 2711/1176/4154 2705/1169/4154
f 2702/1165/4155 2705/1169/4155 2711/1176/4155
f 2664/1130/4156 2710/1175/4156 2714/1180/4156
f 2709/1173/4157 2699/1162/4157 2682/1148/4157
f 2618/1084/4158 2625/1091/4158 2701/1164/4158
f 2617/1083/4159 2618/1084/4159 2701/1164/4159
f 2715/1181/4160 2664/1130/4160 2714/1180/4160
f 2692/1157/4161 2704/1168/4161 2694/1158/4161
f 2610/1076/4162 2612/1078/4162 2697/1160/4162
f 2644/1110/4163 2623/1089/4163 2643/1109/4163
f 2620/1086/4164 2687/1153/4164 2631/1096/4164
f 2705/1169/4165 2529/995/4165 2549/1013/4165
f 2700/1163/4166 2703/1166/4166 2690/1156/4166
f 2679/1145/4167 2700/1163/4167 2690/1156/4167
f 2705/1169/4168 2610/1076/4168 2697/1160/4168
f 2689/1155/4169 2706/1170/4169 2674/1140/4169
f 2693/1179/4170 2712/1177/4170 2713/1178/4170
f 2615/1081/4171 2617/1083/4171 2612/1078/4171
f 2664/1130/4172 2675/1141/4172 2644/1110/4172
f 2625/1091/4173 2623/1089/4173 2674/1140/4173
f 2617/1083/4174 2615/1081/4174 2616/1082/4174
f 2710/1175/4175 2695/1174/4175 2714/1180/4175
f 2706/1170/4176 2689/1155/4176 2684/1150/4176
f 2664/1130/4177 2665/1131/4177 2710/1175/4177
f 2626/1092/4178 2639/1104/4178 2643/1109/4178
f 2700/1163/4179 2675/1141/4179 2715/1181/4179
f 2706/1170/4180 2701/1164/4180 2625/1091/4180
f 2711/1176/4181 2708/1172/4181 2537/1003/4181
f 2623/1089/4182 2644/1110/4182 2674/1140/4182
f 2715/1181/4183 2675/1141/4183 2664/1130/4183
f 2700/1163/4184 2715/1181/4184 2703/1166/4184
f 2716/1182/4185 2718/1184/4185 2717/1183/4185
f 2719/1185/4186 2721/1187/4186 2720/1186/4186
f 2722/1188/4187 2724/1190/4187 2723/1189/4187
f 2725/1191/4188 2727/1193/4188 2726/1192/4188
f 2718/1184/4189 2729/1195/4189 2728/1194/4189
f 2730/1196/4190 2716/1182/4190 2731/1197/4190
f 2732/1198/4191 2723/1189/4191 2733/1199/4191
f 2718/1184/4192 2716/1182/4192 2734/1200/4192
f 2729/1195/4193 2736/1202/4193 2735/1201/4193
f 2737/1203/4194 2720/1186/4194 2738/1204/4194
f 2739/1205/4195 2741/1207/4195 2740/1206/4195
f 2739/1205/4196 2740/1206/4196 2742/1208/4196
f 2743/1209/4197 2745/1211/4197 2744/1210/4197
f 2746/1212/4198 2744/1210/4198 2745/1211/4198
f 2740/1206/4199 2748/1214/4199 2747/1213/4199
f 2749/1215/4200 2746/1212/4200 2750/1216/4200
f 2751/1217/4201 2753/1219/4201 2752/1218/4201
f 2736/1202/4202 2729/1195/4202 2718/1184/4202
f 2751/1217/4203 2748/1214/4203 2740/1206/4203
f 2747/1213/4204 2748/1214/4204 2749/1215/4204
f 2752/1218/4205 2754/1220/4205 2751/1217/4205
f 2755/1221/4206 2754/1220/4206 2752/1218/4206
f 2742/1208/4207 2740/1206/4207 2747/1213/4207
f 2754/1220/4208 2756/1222/4208 2751/1217/4208
f 2748/1214/4209 2756/1222/4209 2749/1215/4209
f 2757/1223/4210 2754/1220/4210 2755/1221/4210
f 2757/1223/4211 2755/1221/4211 2758/1224/4211
f 2758/1224/4212 2759/1225/4212 2757/1223/4212
f 2757/1223/4213 2759/1225/4213 2760/1226/4213
f 2759/1225/4214 2758/1224/4214 2761/1227/4214
f 2762/1228/4215 2759/1225/4215 2763/1229/4215
f 2763/1229/4216 2764/1230/4216 2762/1228/4216
f 2758/1224/4217 2766/1232/4217 2765/1231/4217
f 2767/1233/4218 2764/1230/4218 2763/1229/4218
f 2761/1227/4219 2758/1224/4219 2765/1231/4219
f 2763/1229/4220 2768/1234/4220 2767/1233/4220
f 2761/1227/4221 2765/1231/4221 2769/1235/4221
f 2770/1236/4222 2771/1237/4222 2763/1229/4222
f 2765/1231/4223 2772/1238/4223 2769/1235/4223
f 2765/1231/4224 2773/1239/4224 2772/1238/4224
f 2771/1237/4225 2768/1234/4225 2763/1229/4225
f 2748/1214/4226 2751/1217/4226 2756/1222/4226
f 2774/1240/4227 2771/1237/4227 2770/1236/4227
f 2775/1241/4228 2774/1240/4228 2772/1238/4228
f 2776/1242/4229 2775/1241/4229 2772/1238/4229
f 2774/1240/4230 2775/1241/4230 2777/1243/4230
f 2774/1240/4231 2777/1243/4231 2778/1244/4231
f 2775/1241/4232 2776/1242/4232 2779/1245/4232
f 2717/1183/4233 2781/1247/4233 2780/1246/4233
f 2777/1243/4234 2783/1249/4234 2782/1248/4234
f 2783/1249/4235 2785/1251/4235 2784/1250/4235
f 2779/1245/4236 2786/1252/4236 2783/1249/4236
f 2759/1225/4237 2761/1227/4237 2770/1236/4237
f 2769/1235/4238 2774/1240/4238 2770/1236/4238
f 2759/1225/4239 2770/1236/4239 2763/1229/4239
f 2783/1249/4240 2786/1252/4240 2785/1251/4240
f 2759/1225/4241 2762/1228/4241 2760/1226/4241
f 2786/1252/4242 2787/1253/4242 2785/1251/4242
f 2728/1194/4243 2720/1186/4243 2788/1254/4243
f 2789/1255/4244 2749/1215/4244 2756/1222/4244
f 2749/1215/4245 2750/1216/4245 2747/1213/4245
f 2728/1194/4246 2781/1247/4246 2718/1184/4246
f 2777/1243/4247 2775/1241/4247 2779/1245/4247
f 2751/1217/4248 2740/1206/4248 2790/1256/4248
f 2766/1232/4249 2773/1239/4249 2765/1231/4249
f 2782/1248/4250 2778/1244/4250 2777/1243/4250
f 2791/1257/4251 2787/1253/4251 2792/1258/4251
f 2735/1201/4252 2728/1194/4252 2729/1195/4252
f 2717/1183/4253 2780/1246/4253 2793/1259/4253
f 2794/1260/4254 2795/1261/4254 2735/1201/4254
f 2796/1262/4255 2791/1257/4255 2792/1258/4255
f 2754/1220/4256 2760/1226/4256 2756/1222/4256
f 2760/1226/4257 2762/1228/4257 2756/1222/4257
f 2797/1263/4258 2799/1265/4258 2798/1264/4258
f 2774/1240/4259 2778/1244/4259 2771/1237/4259
f 2791/1257/4260 2785/1251/4260 2787/1253/4260
f 2778/1244/4261 2768/1234/4261 2771/1237/4261
f 2800/1266/4262 2726/1192/4262 2719/1185/4262
f 2779/1245/4263 2783/1249/4263 2777/1243/4263
f 2770/1236/4264 2761/1227/4264 2769/1235/4264
f 2735/1201/4265 2736/1202/4265 2801/1267/4265
f 2737/1203/4266 2781/1247/4266 2788/1254/4266
f 2757/1223/4267 2760/1226/4267 2754/1220/4267
f 2745/1211/4268 2743/1209/4268 2802/1268/4268
f 2789/1255/4269 2803/1269/4269 2749/1215/4269
f 2727/1193/4270 2805/1271/4270 2804/1270/4270
f 2792/1258/4271 2805/1271/4271 2796/1262/4271
f 2769/1235/4272 2772/1238/4272 2774/1240/4272
f 2806/1272/4273 2745/1211/4273 2802/1268/4273
f 2803/1269/4274 2746/1212/4274 2749/1215/4274
f 2750/1216/4275 2746/1212/4275 2745/1211/4275
f 2789/1255/4276 2756/1222/4276 2762/1228/4276
f 2717/1183/4277 2731/1197/4277 2716/1182/4277
f 2804/1270/4278 2807/1273/4278 2727/1193/4278
f 2753/1219/4279 2751/1217/4279 2790/1256/4279
f 2781/1247/4280 2737/1203/4280 2808/1274/4280
f 2801/1267/4281 2736/1202/4281 2734/1200/4281
f 2735/1201/4282 2810/1276/4282 2809/1275/4282
f 2811/1277/4283 2813/1279/4283 2812/1278/4283
f 2793/1259/4284 2814/1280/4284 2717/1183/4284
f 2781/1247/4285 2717/1183/4285 2718/1184/4285
f 2805/1271/4286 2727/1193/4286 2815/1281/4286
f 2784/1250/4287 2782/1248/4287 2783/1249/4287
f 2793/1259/4288 2816/1282/4288 2723/1189/4288
f 2817/1283/4289 2782/1248/4289 2784/1250/4289
f 2818/1284/4290 2808/1274/4290 2819/1285/4290
f 2817/1283/4291 2778/1244/4291 2782/1248/4291
f 2778/1244/4292 2817/1283/4292 2768/1234/4292
f 2816/1282/4293 2818/1284/4293 2820/1286/4293
f 2814/1280/4294 2793/1259/4294 2724/1190/4294
f 2795/1261/4295 2821/1287/4295 2719/1185/4295
f 2738/1204/4296 2808/1274/4296 2737/1203/4296
f 2764/1230/4297 2803/1269/4297 2789/1255/4297
f 2822/1288/4298 2779/1245/4298 2823/1289/4298
f 2824/1290/4299 2826/1292/4299 2825/1291/4299
f 2808/1274/4300 2818/1284/4300 2780/1246/4300
f 2813/1279/4301 2810/1276/4301 2827/1293/4301
f 2828/1294/4302 2829/1295/4302 2799/1265/4302
f 2793/1259/4303 2723/1189/4303 2724/1190/4303
f 2789/1255/4304 2762/1228/4304 2764/1230/4304
f 2780/1246/4305 2816/1282/4305 2793/1259/4305
f 2811/1277/4306 2810/1276/4306 2813/1279/4306
f 2824/1290/4307 2812/1278/4307 2826/1292/4307
f 2830/1296/4308 2795/1261/4308 2794/1260/4308
f 2726/1192/4309 2800/1266/4309 2831/1297/4309
f 2721/1187/4310 2719/1185/4310 2726/1192/4310
f 2717/1183/4311 2814/1280/4311 2731/1197/4311
f 2804/1270/4312 2820/1286/4312 2819/1285/4312
f 2718/1184/4313 2734/1200/4313 2736/1202/4313
f 2720/1186/4314 2728/1194/4314 2795/1261/4314
f 2738/1204/4315 2721/1187/4315 2807/1273/4315
f 2819/1285/4316 2738/1204/4316 2807/1273/4316
f 2795/1261/4317 2728/1194/4317 2735/1201/4317
f 2800/1266/4318 2719/1185/4318 2821/1287/4318
f 2820/1286/4319 2833/1299/4319 2832/1298/4319
f 2721/1187/4320 2726/1192/4320 2807/1273/4320
f 2834/1300/4321 2836/1302/4321 2835/1301/4321
f 2807/1273/4322 2804/1270/4322 2819/1285/4322
f 2837/1303/4323 2733/1199/4323 2816/1282/4323
f 2830/1296/4324 2821/1287/4324 2795/1261/4324
f 2838/1304/4325 2822/1288/4325 2834/1300/4325
f 2720/1186/4326 2721/1187/4326 2738/1204/4326
f 2820/1286/4327 2818/1284/4327 2819/1285/4327
f 2723/1189/4328 2732/1198/4328 2722/1188/4328
f 2723/1189/4329 2816/1282/4329 2733/1199/4329
f 2738/1204/4330 2819/1285/4330 2808/1274/4330
f 2780/1246/4331 2818/1284/4331 2816/1282/4331
f 2726/1192/4332 2727/1193/4332 2807/1273/4332
f 2806/1272/4333 2750/1216/4333 2745/1211/4333
f 2839/1305/4334 2840/1306/4334 2750/1216/4334
f 2841/1307/4335 2839/1305/4335 2750/1216/4335
f 2840/1306/4336 2747/1213/4336 2750/1216/4336
f 2816/1282/4337 2832/1298/4337 2837/1303/4337
f 2840/1306/4338 2742/1208/4338 2747/1213/4338
f 2750/1216/4339 2806/1272/4339 2841/1307/4339
f 2788/1254/4340 2720/1186/4340 2737/1203/4340
f 2720/1186/4341 2795/1261/4341 2719/1185/4341
f 2816/1282/4342 2820/1286/4342 2832/1298/4342
f 2733/1199/4343 2842/1308/4343 2732/1198/4343
f 2788/1254/4344 2781/1247/4344 2728/1194/4344
f 2836/1302/4345 2820/1286/4345 2804/1270/4345
f 2781/1247/4346 2808/1274/4346 2780/1246/4346
f 2843/1309/4347 2837/1303/4347 2832/1298/4347
f 2732/1198/4348 2842/1308/4348 2844/1310/4348
f 2845/1311/4349 2847/1313/4349 2846/1312/4349
f 2836/1302/4350 2833/1299/4350 2820/1286/4350
f 2733/1199/4351 2837/1303/4351 2842/1308/4351
f 2725/1191/4352 2815/1281/4352 2727/1193/4352
f 2804/1270/4353 2835/1301/4353 2836/1302/4353
f 2833/1299/4354 2843/1309/4354 2832/1298/4354
f 2848/1314/4355 2850/1316/4355 2849/1315/4355
f 2848/1314/4356 2852/1318/4356 2851/1317/4356
f 2855/1319/4357 2857/1321/4357 2856/1320/4357
f 2849/1315/4358 2859/1323/4358 2858/1322/4358
f 2860/1324/4359 2862/1326/4359 2861/1325/4359
f 2726/1192/4360 2831/1297/4360 2725/1191/4360
f 2854/1327/4361 2850/1316/4361 2853/1328/4361
f 2851/1317/4362 2853/1328/4362 2850/1316/4362
f 2858/1322/4363 2864/1330/4363 2863/1329/4363
f 2849/1315/4364 2852/1318/4364 2848/1314/4364
f 2865/1331/4365 2853/1328/4365 2851/1317/4365
f 2866/1332/4366 2867/1333/4366 2865/1331/4366
f 2868/1334/4367 2852/1318/4367 2849/1315/4367
f 2861/1325/4368 2865/1331/4368 2851/1317/4368
f 2805/1271/4369 2835/1301/4369 2804/1270/4369
f 2836/1302/4370 2834/1300/4370 2833/1299/4370
f 2854/1327/4371 2859/1323/4371 2850/1316/4371
f 2869/1335/4372 2842/1308/4372 2837/1303/4372
f 2805/1271/4373 2792/1258/4373 2835/1301/4373
f 2851/1317/4374 2852/1318/4374 2861/1325/4374
f 2850/1316/4375 2859/1323/4375 2849/1315/4375
f 2834/1300/4376 2835/1301/4376 2838/1304/4376
f 2852/1318/4377 2868/1334/4377 2855/1319/4377
f 2855/1319/4378 2860/1324/4378 2852/1318/4378
f 2815/1281/4379 2796/1262/4379 2805/1271/4379
f 2787/1253/4380 2835/1301/4380 2792/1258/4380
f 2851/1317/4381 2850/1316/4381 2848/1314/4381
f 2857/1321/4382 2855/1319/4382 2868/1334/4382
f 2835/1301/4383 2787/1253/4383 2838/1304/4383
f 2786/1252/4384 2838/1304/4384 2787/1253/4384
f 2865/1331/4385 1353/1336/4385 2853/1328/4385
f 2857/1321/4386 2868/1334/4386 2858/1322/4386
f 2861/1325/4387 2862/1326/4387 2866/1332/4387
f 2858/1322/4388 2859/1323/4388 2864/1330/4388
f 2779/1245/4389 2838/1304/4389 2786/1252/4389
f 2849/1315/4390 2858/1322/4390 2868/1334/4390
f 2866/1332/4391 2865/1331/4391 2861/1325/4391
f 2857/1321/4392 2858/1322/4392 2863/1329/4392
f 2865/1331/4393 2867/1333/4393 1353/1336/4393
f 2822/1288/4394 2838/1304/4394 2779/1245/4394
f 2870/1337/4395 2872/1339/4395 2871/1338/4395
f 2860/1324/4396 2861/1325/4396 2852/1318/4396
f 2873/1340/4397 2875/1342/4397 2874/1341/4397
f 2876/1343/4398 2875/1342/4398 2873/1340/4398
f 2877/1344/4399 2879/1346/4399 2878/1345/4399
f 2880/1347/4400 2730/1196/4400 2846/1312/4400
f 2874/1341/4401 2877/1344/4401 2878/1345/4401
f 2881/1348/4402 2883/1350/4402 2882/1349/4402
f 2730/1196/4403 2734/1200/4403 2716/1182/4403
f 2879/1346/4404 2877/1344/4404 2884/1351/4404
f 2885/1352/4405 2886/1353/4405 2874/1341/4405
f 2887/1354/4406 2888/1355/4406 2881/1348/4406
f 2889/1356/4407 2891/1358/4407 2890/1357/4407
f 2884/1351/4408 2893/1360/4408 2892/1359/4408
f 2894/1361/4409 2895/1362/4409 2882/1349/4409
f 2752/1218/4410 2889/1356/4410 2896/1363/4410
f 2734/1200/4411 2829/1295/4411 2801/1267/4411
f 2766/1232/4412 2898/1365/4412 2897/1364/4412
f 2899/1366/4413 2901/1368/4413 2900/1367/4413
f 2902/1369/4414 2904/1371/4414 2903/1370/4414
f 2871/1338/4415 2906/1373/4415 2905/1372/4415
f 2907/1374/4416 2909/1376/4416 2908/1375/4416
f 2887/1354/4417 2903/1370/4417 2888/1355/4417
f 2910/1377/4418 2900/1367/4418 2911/1378/4418
f 2894/1361/4419 2913/1380/4419 2912/1379/4419
f 2893/1360/4420 2884/1351/4420 2914/1381/4420
f 2895/1362/4421 2916/1383/4421 2915/1382/4421
f 2910/1377/4422 2918/1385/4422 2917/1384/4422
f 2891/1358/4423 2883/1350/4423 2881/1348/4423
f 2919/1386/4424 2921/1388/4424 2920/1387/4424
f 2874/1341/4425 2886/1353/4425 2877/1344/4425
f 2902/1369/4426 2887/1354/4426 2915/1382/4426
f 2881/1348/4427 2888/1355/4427 2891/1358/4427
f 2870/1337/4428 2905/1372/4428 2922/1389/4428
f 2923/1390/4429 2925/1392/4429 2924/1391/4429
f 2776/1242/4430 2823/1289/4430 2779/1245/4430
f 2915/1382/4431 2916/1383/4431 2926/1393/4431
f 2790/1256/4432 2740/1206/4432 2741/1207/4432
f 2927/1394/4433 2899/1366/4433 2928/1395/4433
f 2912/1379/4434 2895/1362/4434 2894/1361/4434
f 2829/1295/4435 2828/1294/4435 2801/1267/4435
f 2905/1372/4436 2870/1337/4436 2871/1338/4436
f 2874/1341/4437 2875/1342/4437 2885/1352/4437
f 2880/1347/4438 2829/1295/4438 2730/1196/4438
f 2898/1365/4439 2929/1396/4439 2917/1384/4439
f 2922/1389/4440 2823/1289/4440 2870/1337/4440
f 2794/1260/4441 2735/1201/4441 2809/1275/4441
f 2752/1218/4442 2896/1363/4442 2755/1221/4442
f 2773/1239/4443 2897/1364/4443 2930/1397/4443
f 2910/1377/4444 2906/1373/4444 2871/1338/4444
f 2911/1378/4445 2900/1367/4445 2931/1398/4445
f 2924/1391/4446 2833/1299/4446 2834/1300/4446
f 2889/1356/4447 2890/1357/4447 2896/1363/4447
f 2798/1264/4448 2812/1278/4448 2797/1263/4448
f 2901/1368/4449 2933/1400/4449 2932/1399/4449
f 2886/1353/4450 2935/1402/4450 2934/1401/4450
f 2936/1403/4451 2932/1399/4451 2863/1329/4451
f 2937/1404/4452 2939/1406/4452 2938/1405/4452
f 2916/1383/4453 2912/1379/4453 2940/1407/4453
f 2933/1400/4454 2942/1409/4454 2941/1408/4454
f 2863/1329/4455 2932/1399/4455 2857/1321/4455
f 2933/1400/4456 2901/1368/4456 2899/1366/4456
f 2933/1400/4457 2899/1366/4457 2927/1394/4457
f 2856/1320/4458 2933/1400/4458 2941/1408/4458
f 2943/1410/4459 2945/1412/4459 2944/1411/4459
f 2946/1413/4460 2941/1408/4460 2934/1401/4460
f 2942/1409/4461 2934/1401/4461 2941/1408/4461
f 2933/1400/4462 2927/1394/4462 2942/1409/4462
f 2941/1408/4463 2946/1413/4463 2947/1414/4463
f 2863/1329/4464 2948/1415/4464 2936/1403/4464
f 2934/1401/4465 2942/1409/4465 2949/1416/4465
f 2944/1411/4466 2950/1417/4466 2845/1311/4466
f 2940/1407/4467 2927/1394/4467 2926/1393/4467
f 2877/1344/4468 2914/1381/4468 2884/1351/4468
f 2942/1409/4469 2940/1407/4469 2949/1416/4469
f 2864/1330/4470 2859/1323/4470 2951/1418/4470
f 2922/1389/4471 2822/1288/4471 2823/1289/4471
f 2945/1412/4472 2953/1420/4472 2952/1419/4472
f 2954/1421/4473 2948/1415/4473 2955/1422/4473
f 2732/1198/4474 2943/1410/4474 2722/1188/4474
f 2859/1323/4475 2854/1327/4475 2951/1418/4475
f 2885/1352/4476 2956/1423/4476 2946/1413/4476
f 2927/1394/4477 2940/1407/4477 2942/1409/4477
f 2934/1401/4478 2949/1416/4478 2886/1353/4478
f 2957/1424/4479 2951/1418/4479 2958/1425/4479
f 2814/1280/4480 2722/1188/4480 2944/1411/4480
f 2735/1201/4481 2827/1293/4481 2810/1276/4481
f 2735/1201/4482 2801/1267/4482 2828/1294/4482
f 2933/1400/4483 2856/1320/4483 2857/1321/4483
f 2949/1416/4484 2912/1379/4484 2913/1380/4484
f 2958/1425/4485 2959/1426/4485 2957/1424/4485
f 2951/1418/4486 2957/1424/4486 2955/1422/4486
f 2871/1338/4487 2872/1339/4487 2930/1397/4487
f 2870/1337/4488 2823/1289/4488 2872/1339/4488
f 2946/1413/4489 2935/1402/4489 2885/1352/4489
f 2885/1352/4490 2935/1402/4490 2886/1353/4490
f 2945/1412/4491 2938/1405/4491 2944/1411/4491
f 2938/1405/4492 2945/1412/4492 2960/1427/4492
f 2913/1380/4493 2914/1381/4493 2886/1353/4493
f 2871/1338/4494 2930/1397/4494 2897/1364/4494
f 2857/1321/4495 2932/1399/4495 2933/1400/4495
f 2954/1421/4496 2955/1422/4496 2957/1424/4496
f 2961/1428/4497 2954/1421/4497 2959/1426/4497
f 2962/1429/4498 2882/1349/4498 2920/1387/4498
f 2948/1415/4499 2964/1431/4499 2963/1430/4499
f 2953/1420/4500 2945/1412/4500 2943/1410/4500
f 2772/1238/4501 2872/1339/4501 2776/1242/4501
f 2954/1421/4502 2957/1424/4502 2959/1426/4502
f 2949/1416/4503 2913/1380/4503 2886/1353/4503
f 2953/1420/4504 2964/1431/4504 2952/1419/4504
f 2940/1407/4505 2912/1379/4505 2949/1416/4505
f 2954/1421/4506 2952/1419/4506 2964/1431/4506
f 2946/1413/4507 2934/1401/4507 2935/1402/4507
f 2905/1372/4508 2906/1373/4508 2923/1390/4508
f 2906/1373/4509 2910/1377/4509 2965/1432/4509
f 2772/1238/4510 2773/1239/4510 2872/1339/4510
f 2952/1419/4511 2954/1421/4511 2961/1428/4511
f 2964/1431/4512 2953/1420/4512 2963/1430/4512
f 2903/1370/4513 2904/1371/4513 2755/1221/4513
f 2927/1394/4514 2928/1395/4514 2926/1393/4514
f 2966/1433/4515 2894/1361/4515 2962/1429/4515
f 2953/1420/4516 2943/1410/4516 2844/1310/4516
f 2964/1431/4517 2948/1415/4517 2954/1421/4517
f 2960/1427/4518 2945/1412/4518 2952/1419/4518
f 2886/1353/4519 2914/1381/4519 2877/1344/4519
f 2955/1422/4520 2864/1330/4520 2951/1418/4520
f 2923/1390/4521 2922/1389/4521 2905/1372/4521
f 2864/1330/4522 2955/1422/4522 2863/1329/4522
f 2948/1415/4523 2863/1329/4523 2955/1422/4523
f 2925/1392/4524 2837/1303/4524 2843/1309/4524
f 2844/1310/4525 2943/1410/4525 2732/1198/4525
f 2937/1404/4526 2938/1405/4526 2960/1427/4526
f 2871/1338/4527 2897/1364/4527 2918/1385/4527
f 2918/1385/4528 2897/1364/4528 2898/1365/4528
f 2938/1405/4529 2950/1417/4529 2944/1411/4529
f 2814/1280/4530 2724/1190/4530 2722/1188/4530
f 2944/1411/4531 2722/1188/4531 2943/1410/4531
f 2950/1417/4532 2938/1405/4532 2939/1406/4532
f 2952/1419/4533 2961/1428/4533 2960/1427/4533
f 2845/1311/4534 2814/1280/4534 2944/1411/4534
f 2845/1311/4535 2731/1197/4535 2814/1280/4535
f 2847/1313/4536 2845/1311/4536 2950/1417/4536
f 2846/1312/4537 2731/1197/4537 2845/1311/4537
f 2731/1197/4538 2846/1312/4538 2730/1196/4538
f 2755/1221/4539 2904/1371/4539 2758/1224/4539
f 2822/1288/4540 2922/1389/4540 2834/1300/4540
f 2967/1434/4541 2969/1436/4541 2968/1435/4541
f 2828/1294/4542 2827/1293/4542 2735/1201/4542
f 2903/1370/4543 2896/1363/4543 2890/1357/4543
f 2916/1383/4544 2940/1407/4544 2926/1393/4544
f 2823/1289/4545 2776/1242/4545 2872/1339/4545
f 2970/1437/4546 2884/1351/4546 2892/1359/4546
f 2925/1392/4547 2843/1309/4547 2833/1299/4547
f 2753/1219/4548 2891/1358/4548 2889/1356/4548
f 2906/1373/4549 2965/1432/4549 2923/1390/4549
f 2922/1389/4550 2924/1391/4550 2834/1300/4550
f 2904/1371/4551 2902/1369/4551 2929/1396/4551
f 2910/1377/4552 2911/1378/4552 2965/1432/4552
f 2773/1239/4553 2766/1232/4553 2897/1364/4553
f 2907/1374/4554 2908/1375/4554 2971/1438/4554
f 2869/1335/4555 2965/1432/4555 2972/1439/4555
f 2965/1432/4556 2925/1392/4556 2923/1390/4556
f 2973/1440/4557 2928/1395/4557 2917/1384/4557
f 2883/1350/4558 2919/1386/4558 2882/1349/4558
f 2932/1399/4559 2974/1441/4559 2931/1398/4559
f 2924/1391/4560 2925/1392/4560 2833/1299/4560
f 2963/1430/4561 2936/1403/4561 2948/1415/4561
f 2869/1335/4562 2925/1392/4562 2965/1432/4562
f 2900/1367/4563 2917/1384/4563 2928/1395/4563
f 2773/1239/4564 2930/1397/4564 2872/1339/4564
f 2972/1439/4565 2965/1432/4565 2911/1378/4565
f 2917/1384/4566 2900/1367/4566 2910/1377/4566
f 2882/1349/4567 2895/1362/4567 2881/1348/4567
f 2931/1398/4568 2974/1441/4568 2911/1378/4568
f 2924/1391/4569 2922/1389/4569 2923/1390/4569
f 2974/1441/4570 2936/1403/4570 2963/1430/4570
f 2869/1335/4571 2837/1303/4571 2925/1392/4571
f 2741/1207/4572 2971/1438/4572 2908/1375/4572
f 2936/1403/4573 2974/1441/4573 2932/1399/4573
f 2883/1350/4574 2891/1358/4574 2909/1376/4574
f 2869/1335/4575 2972/1439/4575 2953/1420/4575
f 2899/1366/4576 2900/1367/4576 2928/1395/4576
f 2871/1338/4577 2918/1385/4577 2910/1377/4577
f 2931/1398/4578 2900/1367/4578 2901/1368/4578
f 2974/1441/4579 2972/1439/4579 2911/1378/4579
f 2844/1310/4580 2842/1308/4580 2869/1335/4580
f 2844/1310/4581 2869/1335/4581 2953/1420/4581
f 2963/1430/4582 2953/1420/4582 2972/1439/4582
f 2932/1399/4583 2931/1398/4583 2901/1368/4583
f 2974/1441/4584 2963/1430/4584 2972/1439/4584
f 2883/1350/4585 2975/1442/4585 2919/1386/4585
f 2824/1290/4586 2811/1277/4586 2812/1278/4586
f 2904/1371/4587 2766/1232/4587 2758/1224/4587
f 2908/1375/4588 2790/1256/4588 2741/1207/4588
f 2976/1443/4589 2970/1437/4589 2892/1359/4589
f 2909/1376/4590 2907/1374/4590 2975/1442/4590
f 2797/1263/4591 2812/1278/4591 2813/1279/4591
f 2919/1386/4592 2907/1374/4592 2921/1388/4592
f 2917/1384/4593 2929/1396/4593 2973/1440/4593
f 2881/1348/4594 2895/1362/4594 2887/1354/4594
f 2811/1277/4595 2977/1444/4595 2810/1276/4595
f 2753/1219/4596 2790/1256/4596 2909/1376/4596
f 2904/1371/4597 2898/1365/4597 2766/1232/4597
f 2921/1388/4598 2978/1445/4598 2920/1387/4598
f 2916/1383/4599 2895/1362/4599 2912/1379/4599
f 2903/1370/4600 2887/1354/4600 2902/1369/4600
f 2926/1393/4601 2902/1369/4601 2915/1382/4601
f 2917/1384/4602 2918/1385/4602 2898/1365/4602
f 2753/1219/4603 2889/1356/4603 2752/1218/4603
f 2976/1443/4604 2969/1436/4604 2967/1434/4604
f 2966/1433/4605 2969/1436/4605 2976/1443/4605
f 2914/1381/4606 2913/1380/4606 2893/1360/4606
f 2898/1365/4607 2904/1371/4607 2929/1396/4607
f 2929/1396/4608 2902/1369/4608 2973/1440/4608
f 2891/1358/4609 2753/1219/4609 2909/1376/4609
f 2909/1376/4610 2975/1442/4610 2883/1350/4610
f 2919/1386/4611 2920/1387/4611 2882/1349/4611
f 2978/1445/4612 2962/1429/4612 2920/1387/4612
f 2888/1355/4613 2903/1370/4613 2890/1357/4613
f 2829/1295/4614 2734/1200/4614 2730/1196/4614
f 2797/1263/4615 2828/1294/4615 2799/1265/4615
f 2827/1293/4616 2797/1263/4616 2813/1279/4616
f 2966/1433/4617 2893/1360/4617 2894/1361/4617
f 2893/1360/4618 2913/1380/4618 2894/1361/4618
f 2790/1256/4619 2908/1375/4619 2909/1376/4619
f 2893/1360/4620 2966/1433/4620 2892/1359/4620
f 2962/1429/4621 2894/1361/4621 2882/1349/4621
f 2926/1393/4622 2928/1395/4622 2973/1440/4622
f 2915/1382/4623 2887/1354/4623 2895/1362/4623
f 2896/1363/4624 2903/1370/4624 2755/1221/4624
f 2947/1414/4625 2979/1446/4625 2856/1320/4625
f 2980/1447/4626 2876/1343/4626 2981/1448/4626
f 2809/1275/4627 2810/1276/4627 2977/1444/4627
f 2926/1393/4628 2973/1440/4628 2902/1369/4628
f 2982/1449/4629 2984/1451/4629 2983/1450/4629
f 2947/1414/4630 2956/1423/4630 2982/1449/4630
f 2980/1447/4631 2956/1423/4631 2885/1352/4631
f 2985/1452/4632 2986/1453/4632 2984/1451/4632
f 2985/1452/4633 2982/1449/4633 2956/1423/4633
f 2986/1453/4634 2985/1452/4634 2980/1447/4634
f 2983/1450/4635 2987/1454/4635 2979/1446/4635
f 2866/1332/4636 2862/1326/4636 2988/1455/4636
f 2980/1447/4637 2875/1342/4637 2876/1343/4637
f 2919/1386/4638 2975/1442/4638 2907/1374/4638
f 2987/1454/4639 2855/1319/4639 2856/1320/4639
f 2980/1447/4640 2985/1452/4640 2956/1423/4640
f 2862/1326/4641 2860/1324/4641 2984/1451/4641
f 2890/1357/4642 2891/1358/4642 2888/1355/4642
f 2856/1320/4643 2941/1408/4643 2947/1414/4643
f 2983/1450/4644 2984/1451/4644 2860/1324/4644
f 2986/1453/4645 2980/1447/4645 2981/1448/4645
f 2984/1451/4646 2982/1449/4646 2985/1452/4646
f 2987/1454/4647 2860/1324/4647 2855/1319/4647
f 2987/1454/4648 2856/1320/4648 2979/1446/4648
f 2980/1447/4649 2885/1352/4649 2875/1342/4649
f 2989/1456/4650 2862/1326/4650 2986/1453/4650
f 2983/1450/4651 2860/1324/4651 2987/1454/4651
f 2988/1455/4652 2862/1326/4652 2989/1456/4652
f 2982/1449/4653 2979/1446/4653 2947/1414/4653
f 2966/1433/4654 2962/1429/4654 2969/1436/4654
f 2862/1326/4655 2984/1451/4655 2986/1453/4655
f 2828/1294/4656 2797/1263/4656 2827/1293/4656
f 2969/1436/4657 2962/1429/4657 2968/1435/4657
f 2990/1457/4658 2989/1456/4658 2986/1453/4658
f 2829/1295/4659 2991/1458/4659 2799/1265/4659
f 2986/1453/4660 2992/1459/4660 2990/1457/4660
f 2892/1359/4661 2966/1433/4661 2976/1443/4661
f 2956/1423/4662 2947/1414/4662 2946/1413/4662
f 2968/1435/4663 2962/1429/4663 2978/1445/4663
f 2983/1450/4664 2979/1446/4664 2982/1449/4664
f 2981/1448/4665 2992/1459/4665 2986/1453/4665
f 3000/1460/4666 2993/1462/4666 2994/1461/4666
f 3000/1460/4667 3001/1463/4667 2993/1462/4667
f 3002/1464/4668 3004/1466/4668 3003/1465/4668
f 3006/1467/4669 3008/1469/4669 3007/1468/4669
f 3006/1467/4670 3007/1468/4670 3005/1470/4670
f 3000/1460/4671 3002/1464/4671 3003/1465/4671
f 2999/1471/4672 2995/1473/4672 3009/1472/4672
f 2997/1474/4673 2998/1476/4673 3010/1475/4673
f 3004/1466/4674 3011/1477/4674 3003/1465/4674
f 3001/1463/4675 3000/1460/4675 3003/1465/4675
f 3013/1478/4676 3009/1472/4676 2995/1473/4676
f 3004/1466/4677 3002/1464/4677 3013/1478/4677
f 2998/1476/4678 3012/1480/4678 3014/1479/4678
f 3004/1466/4679 2995/1473/4679 2996/1481/4679
f 3004/1466/4680 3013/1478/4680 2995/1473/4680
f 3013/1478/4681 3015/1482/4681 3009/1472/4681
f 3015/1482/4682 3013/1478/4682 3000/1460/4682
f 3000/1460/4683 3013/1478/4683 3002/1464/4683
f 3015/1482/4684 2999/1471/4684 3009/1472/4684
f 3016/1483/4685 3004/1466/4685 3005/1470/4685
f 3000/1460/4686 2994/1461/4686 3015/1482/4686
f 3004/1466/4687 3016/1483/4687 3011/1477/4687
f 2998/1476/4688 3014/1479/4688 3010/1475/4688
f 3005/1470/4689 3004/1466/4689 2996/1481/4689
f 3007/1468/4690 3008/1469/4690 3017/1484/4690
f 3017/1484/4691 3008/1469/4691 2997/1474/4691
f 3010/1475/4692 3017/1484/4692 2997/1474/4692
f 3018/1485/4693 3020/1487/4693 3019/1486/4693
f 3023/1488/4694 3025/1490/4694 3024/1489/4694
f 3026/1491/4695 3028/1493/4695 3027/1492/4695
f 3029/1494/4696 3031/1496/4696 3030/1495/4696
f 3032/1497/4697 3034/1499/4697 3033/1498/4697
f 3035/1500/4698 3037/1502/4698 3036/1501/4698
f 3039/1503/4699 3041/1505/4699 3040/1504/4699
f 3031/1496/4700 3042/1506/4700 3039/1503/4700
f 3043/1507/4701 3045/1509/4701 3044/1508/4701
f 3046/1510/4702 3044/1508/4702 3047/1511/4702
f 3048/1512/4703 3050/1514/4703 3049/1513/4703
f 3051/1515/4704 3053/1517/4704 3052/1516/4704
f 3054/1518/4705 3055/1519/4705 3041/1505/4705
f 3056/1520/4706 3058/1522/4706 3057/1521/4706
f 3059/1523/4707 3054/1518/4707 3041/1505/4707
f 3062/1524/4708 3064/1526/4708 3063/1525/4708
f 3065/1527/4709 3067/1529/4709 3066/1528/4709
f 3029/1494/4710 3028/1493/4710 3068/1530/4710
f 3069/1531/4711 3039/1503/4711 3042/1506/4711
f 3070/1532/4712 3072/1534/4712 3071/1533/4712
f 3074/1535/4713 3038/1536/4713 3069/1531/4713
f 3028/1493/4714 3029/1494/4714 3075/1537/4714
f 3041/1505/4715 3039/1503/4715 3069/1531/4715
f 3036/1501/4716 3077/1539/4716 3076/1538/4716
f 3078/1540/4717 3080/1542/4717 3079/1541/4717
f 3031/1496/4718 3039/1503/4718 3040/1504/4718
f 3081/1543/4719 3083/1545/4719 3082/1544/4719
f 3071/1533/4720 3072/1534/4720 3038/1536/4720
f 3035/1500/4721 3084/1546/4721 3057/1521/4721
f 3035/1500/4722 3028/1493/4722 3037/1502/4722
f 3083/1545/4723 3081/1543/4723 3085/1547/4723
f 3086/1548/4724 3088/1550/4724 3087/1549/4724
f 3059/1523/4725 3041/1505/4725 3089/1551/4725
f 3090/1552/4726 3074/1535/4726 3042/1506/4726
f 3091/1553/4727 3092/1554/4727 3029/1494/4727
f 3088/1550/4728 3094/1556/4728 3093/1555/4728
f 3090/1552/4729 3042/1506/4729 3056/1520/4729
f 3018/1485/4730 3089/1551/4730 3020/1487/4730
f 3074/1535/4731 3090/1552/4731 3095/1557/4731
f 3042/1506/4732 3074/1535/4732 3069/1531/4732
f 3096/1558/4733 3098/1560/4733 3097/1559/4733
f 3099/1561/4734 3070/1532/4734 3095/1557/4734
f 3038/1536/4735 3089/1551/4735 3041/1505/4735
f 3100/1562/4736 3081/1543/4736 3101/1563/4736
f 3058/1522/4737 3056/1520/4737 3068/1530/4737
f 3032/1497/4738 3033/1498/4738 3103/1564/4738
f 3084/1546/4739 3035/1500/4739 3076/1538/4739
f 3038/1536/4740 3074/1535/4740 3071/1533/4740
f 3104/1565/4741 3106/1567/4741 3105/1566/4741
f 3028/1493/4742 3058/1522/4742 3068/1530/4742
f 3110/1568/4743 3111/1569/4743 3090/1552/4743
f 3100/1562/4744 3085/1547/4744 3081/1543/4744
f 3090/1552/4745 3056/1520/4745 3110/1568/4745
f 3112/1570/4746 3114/1572/4746 3113/1571/4746
f 3115/1573/4747 3117/1575/4747 3116/1574/4747
f 3090/1552/4748 3111/1569/4748 3118/1576/4748
f 3019/1486/4749 3020/1487/4749 3119/1577/4749
f 3120/1578/4750 3088/1550/4750 3093/1555/4750
f 3121/1579/4751 3123/1581/4751 3122/1580/4751
f 3124/1582/4752 3113/1571/4752 3021/1583/4752
f 3125/1584/4753 3126/1585/4753 3085/1547/4753
f 3120/1578/4754 3127/1586/4754 3088/1550/4754
f 3128/1587/4755 3122/1580/4755 3123/1581/4755
f 3123/1581/4756 3130/1589/4756 3129/1588/4756
f 3023/1488/4757 3132/1591/4757 3131/1590/4757
f 3133/1592/4758 3135/1594/4758 3134/1593/4758
f 3094/1556/4759 3136/1595/4759 3120/1578/4759
f 3065/1527/4760 3138/1597/4760 3137/1596/4760
f 3139/1598/4761 3141/1600/4761 3140/1599/4761
f 3142/1601/4762 3143/1602/4762 3136/1595/4762
f 3127/1586/4763 3120/1578/4763 3144/1603/4763
f 3145/1604/4764 3048/1512/4764 3137/1596/4764
f 3021/1583/4765 3113/1571/4765 3146/1605/4765
f 3129/1588/4766 3148/1607/4766 3147/1606/4766
f 3146/1605/4767 3114/1572/4767 3149/1608/4767
f 3150/1609/4768 3061/1611/4768 3151/1610/4768
f 3153/1612/4769 3126/1585/4769 3125/1584/4769
f 3154/1613/4770 3156/1615/4770 3155/1614/4770
f 3157/1616/4771 3053/1517/4771 3158/1617/4771
f 3060/1618/4772 3160/1620/4772 3159/1619/4772
f 3162/1621/4773 3163/1622/4773 3139/1598/4773
f 3120/1578/4774 3136/1595/4774 3143/1602/4774
f 3024/1489/4775 3025/1490/4775 3079/1541/4775
f 3130/1589/4776 3123/1581/4776 3121/1579/4776
f 3098/1560/4777 3166/1624/4777 3165/1623/4777
f 3153/1612/4778 3125/1584/4778 3167/1625/4778
f 3168/1626/4779 3167/1625/4779 3125/1584/4779
f 3169/1627/4780 3155/1614/4780 3156/1615/4780
f 3170/1628/4781 3172/1630/4781 3171/1629/4781
f 3158/1617/4782 3051/1515/4782 3046/1510/4782
f 3173/1631/4783 3142/1601/4783 3174/1632/4783
f 3175/1633/4784 3176/1634/4784 3082/1544/4784
f 3177/1635/4785 3063/1525/4785 3178/1636/4785
f 3176/1634/4786 3101/1563/4786 3081/1543/4786
f 3143/1602/4787 3144/1603/4787 3120/1578/4787
f 3097/1559/4788 3179/1637/4788 3096/1558/4788
f 3180/1638/4789 3182/1640/4789 3181/1639/4789
f 3183/1641/4790 3184/1642/4790 3124/1582/4790
f 3185/1643/4791 3147/1606/4791 3171/1629/4791
f 3093/1555/4792 3094/1556/4792 3120/1578/4792
f 3168/1626/4793 3125/1584/4793 3186/1644/4793
f 3153/1612/4794 3167/1625/4794 3178/1636/4794
f 3116/1574/4795 3087/1549/4795 3088/1550/4795
f 3186/1644/4796 3188/1646/4796 3187/1645/4796
f 3087/1549/4797 3189/1647/4797 3086/1548/4797
f 3190/1648/4798 3064/1526/4798 3191/1649/4798
f 3023/1488/4799 3024/1489/4799 3192/1650/4799
f 3034/1499/4800 3086/1548/4800 3189/1647/4800
f 3022/1651/4801 3021/1583/4801 3146/1605/4801
f 3192/1650/4802 3171/1629/4802 3172/1630/4802
f 3184/1642/4803 3113/1571/4803 3124/1582/4803
f 3134/1593/4804 3135/1594/4804 3193/1652/4804
f 3195/1653/4805 3197/1655/4805 3196/1654/4805
f 3092/1554/4806 3198/1656/4806 3027/1492/4806
f 3199/1657/4807 3063/1525/4807 3200/1658/4807
f 3201/1659/4808 3102/1661/4808 3202/1660/4808
f 3203/1662/4809 3205/1664/4809 3204/1663/4809
f 3207/1665/4810 3174/1632/4810 3142/1601/4810
f 3208/1666/4811 3210/1668/4811 3209/1667/4811
f 3195/1653/4812 3211/1669/4812 3197/1655/4812
f 3129/1588/4813 3147/1606/4813 3123/1581/4813
f 3123/1581/4814 3147/1606/4814 3182/1640/4814
f 3187/1645/4815 3213/1671/4815 3212/1670/4815
f 3214/1672/4816 3216/1674/4816 3215/1673/4816
f 3205/1664/4817 3218/1676/4817 3217/1675/4817
f 3216/1674/4818 3219/1677/4818 3215/1673/4818
f 3168/1626/4819 3187/1645/4819 3212/1670/4819
f 3220/1678/4820 3204/1663/4820 3221/1679/4820
f 3222/1680/4821 3209/1667/4821 3223/1681/4821
f 3128/1587/4822 3195/1653/4822 3100/1562/4822
f 3144/1603/4823 3116/1574/4823 3088/1550/4823
f 3224/1682/4824 3049/1513/4824 3225/1683/4824
f 3218/1676/4825 3227/1685/4825 3226/1684/4825
f 3210/1668/4826 3228/1686/4826 3209/1667/4826
f 3229/1687/4827 3203/1662/4827 3230/1688/4827
f 3181/1639/4828 3182/1640/4828 3147/1606/4828
f 3186/1644/4829 3187/1645/4829 3168/1626/4829
f 3088/1550/4830 3127/1586/4830 3144/1603/4830
f 3100/1562/4831 3122/1580/4831 3128/1587/4831
f 3231/1689/4832 3133/1592/4832 3232/1690/4832
f 3233/1691/4833 3021/1583/4833 3234/1692/4833
f 3034/1499/4834 3235/1693/4834 3019/1486/4834
f 3062/1524/4835 3237/1695/4835 3236/1694/4835
f 3238/1696/4836 3142/1601/4836 3094/1556/4836
f 3208/1666/4837 3222/1680/4837 3239/1697/4837
f 3114/1572/4838 3112/1570/4838 3179/1637/4838
f 3209/1667/4839 3222/1680/4839 3208/1666/4839
f 3240/1698/4840 3179/1637/4840 3112/1570/4840
f 3241/1699/4841 3227/1685/4841 3143/1602/4841
f 3201/1659/4842 3202/1660/4842 3232/1690/4842
f 3129/1588/4843 3130/1589/4843 3148/1607/4843
f 3242/1700/4844 3244/1702/4844 3243/1701/4844
f 3185/1643/4845 3245/1703/4845 3181/1639/4845
f 3210/1668/4846 3219/1677/4846 3216/1674/4846
f 3196/1654/4847 3246/1704/4847 3188/1646/4847
f 3247/1705/4848 3131/1590/4848 3132/1591/4848
f 3155/1614/4849 3124/1582/4849 3154/1613/4849
f 3143/1602/4850 3142/1601/4850 3173/1631/4850
f 3205/1664/4851 3144/1603/4851 3227/1685/4851
f 3246/1704/4852 3196/1654/4852 3197/1655/4852
f 3248/1706/4853 3228/1686/4853 3249/1707/4853
f 3182/1640/4854 3128/1587/4854 3123/1581/4854
f 3147/1606/4855 3185/1643/4855 3181/1639/4855
f 3126/1585/4856 3250/1708/4856 3085/1547/4856
f 3251/1709/4857 3175/1633/4857 3082/1544/4857
f 3217/1675/4858 3221/1679/4858 3204/1663/4858
f 3177/1635/4859 3174/1632/4859 3207/1665/4859
f 3219/1677/4860 3226/1684/4860 3241/1699/4860
f 3203/1662/4861 3144/1603/4861 3205/1664/4861
f 3252/1710/4862 3249/1707/4862 3253/1711/4862
f 3104/1565/4863 3237/1695/4863 3106/1567/4863
f 3154/1613/4864 3234/1692/4864 3156/1615/4864
f 3188/1646/4865 3186/1644/4865 3196/1654/4865
f 3254/1712/4866 3255/1713/4866 3200/1658/4866
f 3256/1714/4867 3226/1684/4867 3210/1668/4867
f 3060/1618/4868 3061/1611/4868 3257/1715/4868
f 3186/1644/4869 3125/1584/4869 3258/1716/4869
f 3233/1691/4870 3234/1692/4870 3154/1613/4870
f 3219/1677/4871 3210/1668/4871 3226/1684/4871
f 3036/1501/4872 3026/1491/4872 3259/1717/4872
f 3140/1599/4873 3259/1717/4873 3026/1491/4873
f 3140/1599/4874 3026/1491/4874 3198/1656/4874
f 3100/1562/4875 3258/1716/4875 3085/1547/4875
f 3027/1492/4876 3198/1656/4876 3026/1491/4876
f 3036/1501/4877 3259/1717/4877 3141/1600/4877
f 3249/1707/4878 3228/1686/4878 3260/1718/4878
f 3195/1653/4879 3128/1587/4879 3211/1669/4879
f 3227/1685/4880 3144/1603/4880 3143/1602/4880
f 3248/1706/4881 3223/1681/4881 3209/1667/4881
f 3200/1658/4882 3255/1713/4882 3199/1657/4882
f 3171/1629/4883 3192/1650/4883 3185/1643/4883
f 3107/1719/4884 3234/1692/4884 3021/1583/4884
f 3034/1499/4885 3018/1485/4885 3235/1693/4885
f 3155/1614/4886 3169/1627/4886 3183/1641/4886
f 3019/1486/4887 3105/1566/4887 3106/1567/4887
f 3162/1621/4888 3157/1616/4888 3263/1720/4888
f 3169/1627/4889 3078/1540/4889 3183/1641/4889
f 3159/1619/4890 3108/1722/4890 3109/1721/4890
f 3124/1582/4891 3233/1691/4891 3154/1613/4891
f 3085/1547/4892 3250/1708/4892 3201/1659/4892
f 3124/1582/4893 3021/1583/4893 3233/1691/4893
f 3155/1614/4894 3183/1641/4894 3124/1582/4894
f 3264/1723/4895 3032/1497/4895 3254/1712/4895
f 3172/1630/4896 3266/1725/4896 3265/1724/4896
f 3267/1726/4897 3138/1597/4897 3268/1727/4897
f 3269/1728/4898 3046/1510/4898 3047/1511/4898
f 3270/1729/4899 3051/1515/4899 3052/1516/4899
f 3182/1640/4900 3180/1638/4900 3128/1587/4900
f 3271/1730/4901 3048/1512/4901 3145/1604/4901
f 3019/1486/4902 3235/1693/4902 3018/1485/4902
f 3130/1589/4903 3176/1634/4903 3272/1731/4903
f 3214/1672/4904 3167/1625/4904 3273/1732/4904
f 3019/1486/4905 3033/1498/4905 3034/1499/4905
f 3238/1696/4906 3254/1712/4906 3274/1733/4906
f 3148/1607/4907 3170/1628/4907 3171/1629/4907
f 3170/1628/4908 3266/1725/4908 3172/1630/4908
f 3062/1524/4909 3199/1657/4909 3237/1695/4909
f 3229/1687/4910 3230/1688/4910 3276/1734/4910
f 3277/1735/4911 3043/1507/4911 3051/1515/4911
f 3229/1687/4912 3279/1737/4912 3278/1736/4912
f 3180/1638/4913 3181/1639/4913 3245/1703/4913
f 3227/1685/4914 3241/1699/4914 3226/1684/4914
f 3034/1499/4915 3264/1723/4915 3086/1548/4915
f 3269/1728/4916 3280/1738/4916 3263/1720/4916
f 3060/1618/4917 3159/1619/4917 3109/1721/4917
f 3197/1655/4918 3180/1638/4918 3245/1703/4918
f 3146/1605/4919 3161/1739/4919 3022/1651/4919
f 3273/1732/4920 3216/1674/4920 3214/1672/4920
f 3281/1740/4921 3192/1650/4921 3024/1489/4921
f 3244/1702/4922 3242/1700/4922 3282/1741/4922
f 3080/1542/4923 3283/1742/4923 3024/1489/4923
f 3244/1702/4924 3270/1729/4924 3052/1516/4924
f 3284/1743/4925 3286/1745/4925 3285/1744/4925
f 3083/1545/4926 3201/1659/4926 3232/1690/4926
f 3280/1738/4927 3048/1512/4927 3271/1730/4927
f 3240/1698/4928 3251/1709/4928 3096/1558/4928
f 3102/1661/4929 3190/1648/4929 3287/1746/4929
f 3278/1736/4930 3279/1737/4930 3288/1747/4930
f 3244/1702/4931 3289/1748/4931 3270/1729/4931
f 3218/1676/4932 3205/1664/4932 3227/1685/4932
f 3289/1748/4933 3282/1741/4933 3288/1747/4933
f 3085/1547/4934 3201/1659/4934 3083/1545/4934
f 3204/1663/4935 3205/1664/4935 3217/1675/4935
f 3237/1695/4936 3103/1564/4936 3106/1567/4936
f 3121/1579/4937 3101/1563/4937 3176/1634/4937
f 3292/1749/4938 3294/1751/4938 3293/1750/4938
f 3197/1655/4939 3211/1669/4939 3180/1638/4939
f 3213/1671/4940 3295/1752/4940 3273/1732/4940
f 3200/1658/4941 3274/1733/4941 3254/1712/4941
f 3296/1753/4942 3278/1736/4942 3288/1747/4942
f 3282/1741/4943 3289/1748/4943 3244/1702/4943
f 3246/1704/4944 3245/1703/4944 3228/1686/4944
f 3245/1703/4945 3185/1643/4945 3260/1718/4945
f 3193/1652/4946 3073/1754/4946 3134/1593/4946
f 3265/1724/4947 3023/1488/4947 3172/1630/4947
f 3252/1710/4948 3223/1681/4948 3248/1706/4948
f 3282/1741/4949 3296/1753/4949 3288/1747/4949
f 3282/1741/4950 3242/1700/4950 3296/1753/4950
f 3291/1755/4951 3297/1757/4951 3290/1756/4951
f 3298/1758/4952 3188/1646/4952 3246/1704/4952
f 3212/1670/4953 3213/1671/4953 3273/1732/4953
f 3062/1524/4954 3236/1694/4954 3191/1649/4954
f 3291/1755/4955 3275/1759/4955 3297/1757/4955
f 3101/1563/4956 3122/1580/4956 3100/1562/4956
f 3122/1580/4957 3101/1563/4957 3121/1579/4957
f 3200/1658/4958 3177/1635/4958 3274/1733/4958
f 3032/1497/4959 3264/1723/4959 3034/1499/4959
f 3299/1760/4960 3237/1695/4960 3104/1565/4960
f 3196/1654/4961 3186/1644/4961 3258/1716/4961
f 3211/1669/4962 3128/1587/4962 3180/1638/4962
f 3142/1601/4963 3136/1595/4963 3094/1556/4963
f 3204/1663/4964 3220/1678/4964 3230/1688/4964
f 3126/1585/4965 3102/1661/4965 3250/1708/4965
f 3290/1756/4966 3301/1762/4966 3300/1761/4966
f 3134/1593/4967 3302/1763/4967 3133/1592/4967
f 3216/1674/4968 3273/1732/4968 3295/1752/4968
f 3298/1758/4969 3213/1671/4969 3187/1645/4969
f 3174/1632/4970 3215/1673/4970 3219/1677/4970
f 3303/1764/4971 3300/1761/4971 3301/1762/4971
f 3301/1762/4972 3297/1757/4972 3303/1764/4972
f 3064/1526/4973 3178/1636/4973 3063/1525/4973
f 3262/1765/4974 3097/1559/4974 3304/1766/4974
f 3302/1763/4975 3083/1545/4975 3232/1690/4975
f 3192/1650/4976 3281/1740/4976 3185/1643/4976
f 3135/1594/4977 3133/1592/4977 3231/1689/4977
f 3135/1594/4978 3231/1689/4978 3232/1690/4978
f 3243/1701/4979 3305/1767/4979 3140/1599/4979
f 3297/1757/4980 3306/1768/4980 3303/1764/4980
f 3275/1759/4981 3152/1769/4981 3306/1768/4981
f 3304/1766/4982 3261/1770/4982 3262/1765/4982
f 3264/1723/4983 3094/1556/4983 3086/1548/4983
f 3106/1567/4984 3103/1564/4984 3033/1498/4984
f 3307/1771/4985 3308/1772/4985 3304/1766/4985
f 3239/1697/4986 3221/1679/4986 3217/1675/4986
f 3309/1773/4987 3189/1647/4987 3087/1549/4987
f 3196/1654/4988 3258/1716/4988 3195/1653/4988
f 3264/1723/4989 3254/1712/4989 3238/1696/4989
f 3310/1774/4990 3302/1763/4990 3134/1593/4990
f 3167/1625/4991 3212/1670/4991 3273/1732/4991
f 3024/1489/4992 3283/1742/4992 3281/1740/4992
f 3278/1736/4993 3296/1753/4993 3311/1775/4993
f 3079/1541/4994 3131/1590/4994 3183/1641/4994
f 3260/1718/4995 3185/1643/4995 3281/1740/4995
f 3204/1663/4996 3230/1688/4996 3203/1662/4996
f 3228/1686/4997 3245/1703/4997 3260/1718/4997
f 3053/1517/4998 3051/1515/4998 3158/1617/4998
f 3312/1776/4999 3242/1700/4999 3243/1701/4999
f 3164/1777/5000 3303/1764/5000 3152/1769/5000
f 3228/1686/5001 3298/1758/5001 3246/1704/5001
f 3112/1570/5002 3113/1571/5002 3184/1642/5002
f 3279/1737/5003 3229/1687/5003 3276/1734/5003
f 3167/1625/5004 3168/1626/5004 3212/1670/5004
f 3133/1592/5005 3302/1763/5005 3232/1690/5005
f 3179/1637/5006 3149/1608/5006 3114/1572/5006
f 3245/1703/5007 3246/1704/5007 3197/1655/5007
f 3242/1700/5008 3312/1776/5008 3296/1753/5008
f 3258/1716/5009 3125/1584/5009 3085/1547/5009
f 3162/1621/5010 3313/1778/5010 3157/1616/5010
f 3274/1733/5011 3177/1635/5011 3207/1665/5011
f 3092/1554/5012 3296/1753/5012 3312/1776/5012
f 3088/1550/5013 3086/1548/5013 3094/1556/5013
f 3300/1761/5014 3303/1764/5014 3314/1779/5014
f 3165/1623/5015 3314/1779/5015 3303/1764/5015
f 3315/1780/5016 3165/1623/5016 3303/1764/5016
f 3164/1777/5017 3315/1780/5017 3303/1764/5017
f 3258/1716/5018 3100/1562/5018 3195/1653/5018
f 3203/1662/5019 3229/1687/5019 3311/1775/5019
f 3262/1765/5020 3179/1637/5020 3097/1559/5020
f 3256/1714/5021 3218/1676/5021 3226/1684/5021
f 3163/1622/5022 3316/1781/5022 3141/1600/5022
f 3237/1695/5023 3299/1760/5023 3236/1694/5023
f 3256/1714/5024 3208/1666/5024 3217/1675/5024
f 3240/1698/5025 3247/1705/5025 3317/1782/5025
f 3206/1783/5026 3315/1780/5026 3164/1777/5026
f 3082/1544/5027 3083/1545/5027 3302/1763/5027
f 3119/1577/5028 3105/1566/5028 3019/1486/5028
f 3248/1706/5029 3249/1707/5029 3252/1710/5029
f 3173/1631/5030 3174/1632/5030 3219/1677/5030
f 3256/1714/5031 3210/1668/5031 3208/1666/5031
f 3312/1776/5032 3198/1656/5032 3092/1554/5032
f 3269/1728/5033 3263/1720/5033 3046/1510/5033
f 3230/1688/5034 3220/1678/5034 3276/1734/5034
f 3302/1763/5035 3310/1774/5035 3166/1624/5035
f 3094/1556/5036 3264/1723/5036 3238/1696/5036
f 3166/1624/5037 3082/1544/5037 3302/1763/5037
f 3275/1759/5038 3306/1768/5038 3297/1757/5038
f 3318/1784/5039 3319/1785/5039 3267/1726/5039
f 3295/1752/5040 3210/1668/5040 3216/1674/5040
f 3306/1768/5041 3152/1769/5041 3303/1764/5041
f 3312/1776/5042 3243/1701/5042 3198/1656/5042
f 3295/1752/5043 3213/1671/5043 3298/1758/5043
f 3067/1529/5044 3048/1512/5044 3049/1513/5044
f 3139/1598/5045 3140/1599/5045 3305/1767/5045
f 3166/1624/5046 3098/1560/5046 3251/1709/5046
f 3315/1780/5047 3321/1787/5047 3320/1786/5047
f 3321/1787/5048 3206/1783/5048 3322/1788/5048
f 3304/1766/5049 3315/1780/5049 3320/1786/5049
f 3046/1510/5050 3263/1720/5050 3158/1617/5050
f 3323/1789/5051 3324/1790/5051 3084/1546/5051
f 3143/1602/5052 3173/1631/5052 3241/1699/5052
f 3307/1771/5053 3304/1766/5053 3320/1786/5053
f 3311/1775/5054 3229/1687/5054 3278/1736/5054
f 3256/1714/5055 3217/1675/5055 3218/1676/5055
f 3171/1629/5056 3147/1606/5056 3148/1607/5056
f 3173/1631/5057 3219/1677/5057 3241/1699/5057
f 3207/1665/5058 3142/1601/5058 3238/1696/5058
f 3208/1666/5059 3239/1697/5059 3217/1675/5059
f 3047/1511/5060 3044/1508/5060 3045/1509/5060
f 3281/1740/5061 3283/1742/5061 3260/1718/5061
f 3243/1701/5062 3052/1516/5062 3053/1517/5062
f 3268/1727/5063 3065/1527/5063 3318/1784/5063
f 3187/1645/5064 3188/1646/5064 3298/1758/5064
f 3272/1731/5065 3175/1633/5065 3251/1709/5065
f 3304/1766/5066 3097/1559/5066 3315/1780/5066
f 3210/1668/5067 3295/1752/5067 3298/1758/5067
f 3082/1544/5068 3176/1634/5068 3081/1543/5068
f 3066/1528/5069 3318/1784/5069 3065/1527/5069
f 3198/1656/5070 3243/1701/5070 3140/1599/5070
f 3080/1542/5071 3024/1489/5071 3079/1541/5071
f 3209/1667/5072 3228/1686/5072 3248/1706/5072
f 3046/1510/5073 3051/1515/5073 3043/1507/5073
f 3176/1634/5074 3175/1633/5074 3272/1731/5074
f 3243/1701/5075 3244/1702/5075 3052/1516/5075
f 3298/1758/5076 3228/1686/5076 3210/1668/5076
f 3251/1709/5077 3098/1560/5077 3096/1558/5077
f 3325/1791/5078 3307/1771/5078 3320/1786/5078
f 3321/1787/5079 3322/1788/5079 3320/1786/5079
f 3305/1767/5080 3243/1701/5080 3053/1517/5080
f 3325/1791/5081 3308/1772/5081 3307/1771/5081
f 3157/1616/5082 3158/1617/5082 3263/1720/5082
f 3207/1665/5083 3238/1696/5083 3274/1733/5083
f 3299/1760/5084 3104/1565/5084 3105/1566/5084
f 3189/1647/5085 3309/1773/5085 3059/1523/5085
f 3046/1510/5086 3043/1507/5086 3044/1508/5086
f 3134/1593/5087 3073/1754/5087 3310/1774/5087
f 3166/1624/5088 3314/1779/5088 3165/1623/5088
f 3176/1634/5089 3130/1589/5089 3121/1579/5089
f 3284/1743/5090 3272/1731/5090 3251/1709/5090
f 3308/1772/5091 3261/1770/5091 3304/1766/5091
f 3179/1637/5092 3240/1698/5092 3096/1558/5092
f 3280/1738/5093 3269/1728/5093 3050/1514/5093
f 3157/1616/5094 3313/1778/5094 3053/1517/5094
f 3082/1544/5095 3166/1624/5095 3251/1709/5095
f 3255/1713/5096 3103/1564/5096 3237/1695/5096
f 3033/1498/5097 3019/1486/5097 3106/1567/5097
f 3131/1590/5098 3025/1490/5098 3023/1488/5098
f 3144/1603/5099 3203/1662/5099 3115/1573/5099
f 3277/1735/5100 3051/1515/5100 3270/1729/5100
f 3191/1649/5101 3064/1526/5101 3062/1524/5101
f 3184/1642/5102 3247/1705/5102 3112/1570/5102
f 3285/1744/5103 3272/1731/5103 3284/1743/5103
f 3115/1573/5104 3116/1574/5104 3144/1603/5104
f 3284/1743/5105 3251/1709/5105 3326/1792/5105
f 3149/1608/5106 3179/1637/5106 3262/1765/5106
f 3311/1775/5107 3117/1575/5107 3203/1662/5107
f 3199/1657/5108 3255/1713/5108 3237/1695/5108
f 3141/1600/5109 3077/1539/5109 3036/1501/5109
f 3177/1635/5110 3215/1673/5110 3174/1632/5110
f 3324/1790/5111 3323/1789/5111 3327/1793/5111
f 3184/1642/5112 3131/1590/5112 3247/1705/5112
f 3326/1792/5113 3286/1745/5113 3284/1743/5113
f 3172/1630/5114 3023/1488/5114 3192/1650/5114
f 3189/1647/5115 3059/1523/5115 3034/1499/5115
f 3149/1608/5116 3161/1739/5116 3146/1605/5116
f 3092/1554/5117 3311/1775/5117 3296/1753/5117
f 3247/1705/5118 3240/1698/5118 3112/1570/5118
f 3130/1589/5119 3285/1744/5119 3148/1607/5119
f 3328/1794/5120 3285/1744/5120 3286/1745/5120
f 3328/1794/5121 3148/1607/5121 3285/1744/5121
f 3240/1698/5122 3292/1749/5122 3326/1792/5122
f 3091/1553/5123 3116/1574/5123 3117/1575/5123
f 3326/1792/5124 3293/1750/5124 3286/1745/5124
f 3305/1767/5125 3053/1517/5125 3313/1778/5125
f 3329/1795/5126 3331/1797/5126 3330/1796/5126
f 3084/1546/5127 3329/1795/5127 3057/1521/5127
f 3111/1569/5128 3329/1795/5128 3332/1798/5128
f 3332/1798/5129 3330/1796/5129 3111/1569/5129
f 3329/1795/5130 3111/1569/5130 3110/1568/5130
f 3328/1794/5131 3170/1628/5131 3148/1607/5131
f 3149/1608/5132 3262/1765/5132 3161/1739/5132
f 3049/1513/5133 3224/1682/5133 3067/1529/5133
f 3333/1799/5134 3050/1514/5134 3047/1511/5134
f 3293/1750/5135 3266/1725/5135 3328/1794/5135
f 3118/1576/5136 3334/1800/5136 3099/1561/5136
f 3293/1750/5137 3328/1794/5137 3286/1745/5137
f 3111/1569/5138 3330/1796/5138 3335/1801/5138
f 3049/1513/5139 3050/1514/5139 3225/1683/5139
f 3336/1802/5140 3111/1569/5140 3335/1801/5140
f 3062/1524/5141 3063/1525/5141 3199/1657/5141
f 3334/1800/5142 3118/1576/5142 3111/1569/5142
f 3097/1559/5143 3098/1560/5143 3165/1623/5143
f 3332/1798/5144 3329/1795/5144 3330/1796/5144
f 3057/1521/5145 3329/1795/5145 3110/1568/5145
f 3324/1790/5146 3337/1803/5146 3331/1797/5146
f 3334/1800/5147 3338/1804/5147 3099/1561/5147
f 3324/1790/5148 3327/1793/5148 3337/1803/5148
f 3338/1804/5149 3336/1802/5149 3194/1805/5149
f 3338/1804/5150 3334/1800/5150 3111/1569/5150
f 3329/1795/5151 3324/1790/5151 3331/1797/5151
f 3194/1805/5152 3099/1561/5152 3338/1804/5152
f 3329/1795/5153 3084/1546/5153 3324/1790/5153
f 3317/1782/5154 3292/1749/5154 3240/1698/5154
f 3338/1804/5155 3111/1569/5155 3336/1802/5155
f 3313/1778/5156 3139/1598/5156 3305/1767/5156
f 3153/1612/5157 3178/1636/5157 3064/1526/5157
f 3266/1725/5158 3294/1751/5158 3265/1724/5158
f 3190/1648/5159 3126/1585/5159 3064/1526/5159
f 3293/1750/5160 3326/1792/5160 3292/1749/5160
f 3266/1725/5161 3170/1628/5161 3328/1794/5161
f 3255/1713/5162 3254/1712/5162 3103/1564/5162
f 3177/1635/5163 3200/1658/5163 3063/1525/5163
f 3131/1590/5164 3184/1642/5164 3183/1641/5164
f 3036/1501/5165 3037/1502/5165 3026/1491/5165
f 3138/1597/5166 3065/1527/5166 3268/1727/5166
f 3316/1781/5167 3327/1793/5167 3323/1789/5167
f 3028/1493/5168 3026/1491/5168 3037/1502/5168
f 3317/1782/5169 3132/1591/5169 3294/1751/5169
f 3028/1493/5170 3075/1537/5170 3027/1492/5170
f 3247/1705/5171 3132/1591/5171 3317/1782/5171
f 3089/1551/5172 3038/1536/5172 3020/1487/5172
f 3113/1571/5173 3114/1572/5173 3146/1605/5173
f 3314/1779/5174 3166/1624/5174 3310/1774/5174
f 3045/1509/5175 3333/1799/5175 3047/1511/5175
f 3310/1774/5176 3073/1754/5176 3300/1761/5176
f 3162/1621/5177 3139/1598/5177 3313/1778/5177
f 3310/1774/5178 3300/1761/5178 3314/1779/5178
f 3073/1754/5179 3290/1756/5179 3300/1761/5179
f 3177/1635/5180 3178/1636/5180 3215/1673/5180
f 3214/1672/5181 3215/1673/5181 3178/1636/5181
f 3301/1762/5182 3290/1756/5182 3297/1757/5182
f 3167/1625/5183 3214/1672/5183 3178/1636/5183
f 3059/1523/5184 3309/1773/5184 3054/1518/5184
f 3259/1717/5185 3140/1599/5185 3141/1600/5185
f 3266/1725/5186 3293/1750/5186 3294/1751/5186
f 3294/1751/5187 3132/1591/5187 3265/1724/5187
f 3190/1648/5188 3102/1661/5188 3126/1585/5188
f 3322/1788/5189 3325/1791/5189 3320/1786/5189
f 3032/1497/5190 3103/1564/5190 3254/1712/5190
f 3018/1485/5191 3034/1499/5191 3059/1523/5191
f 3023/1488/5192 3265/1724/5192 3132/1591/5192
f 3165/1623/5193 3315/1780/5193 3097/1559/5193
f 3029/1494/5194 3092/1554/5194 3075/1537/5194
f 3091/1553/5195 3030/1495/5195 3087/1549/5195
f 3323/1789/5196 3084/1546/5196 3076/1538/5196
f 3076/1538/5197 3077/1539/5197 3323/1789/5197
f 3054/1518/5198 3309/1773/5198 3030/1495/5198
f 3309/1773/5199 3087/1549/5199 3030/1495/5199
f 3316/1781/5200 3077/1539/5200 3141/1600/5200
f 3036/1501/5201 3076/1538/5201 3035/1500/5201
f 3030/1495/5202 3091/1553/5202 3029/1494/5202
f 3137/1596/5203 3067/1529/5203 3065/1527/5203
f 3067/1529/5204 3137/1596/5204 3048/1512/5204
f 3054/1518/5205 3030/1495/5205 3055/1519/5205
f 3064/1526/5206 3126/1585/5206 3153/1612/5206
f 3268/1727/5207 3318/1784/5207 3267/1726/5207
f 3099/1561/5208 3095/1557/5208 3118/1576/5208
f 3058/1522/5209 3035/1500/5209 3057/1521/5209
f 3311/1775/5210 3092/1554/5210 3117/1575/5210
f 3150/1609/5211 3151/1610/5211 3194/1805/5211
f 3163/1622/5212 3141/1600/5212 3139/1598/5212
f 3333/1799/5213 3225/1683/5213 3050/1514/5213
f 3031/1496/5214 3055/1519/5214 3030/1495/5214
f 3253/1711/5215 3249/1707/5215 3260/1718/5215
f 3087/1549/5216 3116/1574/5216 3091/1553/5216
f 3092/1554/5217 3027/1492/5217 3075/1537/5217
f 3323/1789/5218 3077/1539/5218 3316/1781/5218
f 3250/1708/5219 3102/1661/5219 3201/1659/5219
f 3071/1533/5220 3074/1535/5220 3095/1557/5220
f 3055/1519/5221 3031/1496/5221 3040/1504/5221
f 3068/1530/5222 3339/1806/5222 3029/1494/5222
f 3038/1536/5223 3041/1505/5223 3069/1531/5223
f 3095/1557/5224 3090/1552/5224 3118/1576/5224
f 3056/1520/5225 3042/1506/5225 3339/1806/5225
f 3251/1709/5226 3240/1698/5226 3326/1792/5226
f 3055/1519/5227 3040/1504/5227 3041/1505/5227
f 3117/1575/5228 3115/1573/5228 3203/1662/5228
f 3317/1782/5229 3294/1751/5229 3292/1749/5229
f 3031/1496/5230 3339/1806/5230 3042/1506/5230
f 3068/1530/5231 3056/1520/5231 3339/1806/5231
f 3339/1806/5232 3031/1496/5232 3029/1494/5232
f 3048/1512/5233 3280/1738/5233 3050/1514/5233
f 3092/1554/5234 3091/1553/5234 3117/1575/5234
f 3131/1590/5235 3079/1541/5235 3025/1490/5235
f 3057/1521/5236 3110/1568/5236 3056/1520/5236
f 3272/1731/5237 3285/1744/5237 3130/1589/5237
f 3028/1493/5238 3035/1500/5238 3058/1522/5238
f 3050/1514/5239 3269/1728/5239 3047/1511/5239
f 3183/1641/5240 3078/1540/5240 3079/1541/5240
f 3315/1780/5241 3206/1783/5241 3321/1787/5241
f 3095/1557/5242 3070/1532/5242 3071/1533/5242
f 3060/1618/5243 3257/1715/5243 3160/1620/5243
f 3018/1485/5244 3059/1523/5244 3089/1551/5244
f 3340/1807/5245 3342/1809/5245 3341/1808/5245
f 3343/1810/5246 3345/1812/5246 3344/1811/5246
f 3346/1813/5247 3348/1815/5247 3347/1814/5247
f 3348/1815/5248 3350/1817/5248 3349/1816/5248
f 3342/1809/5249 3351/1818/5249 3341/1808/5249
f 3352/1819/5250 3354/1821/5250 3353/1820/5250
f 3355/1822/5251 3357/1824/5251 3356/1823/5251
f 3358/1825/5252 3357/1824/5252 3359/1826/5252
f 3344/1811/5253 3361/1828/5253 3360/1827/5253
f 3350/1817/5254 3362/1829/5254 3349/1816/5254
f 3363/1830/5255 3346/1813/5255 3347/1814/5255
f 3364/1831/5256 3366/1833/5256 3365/1832/5256
f 3367/1834/5257 3368/1835/5257 3365/1832/5257
f 3357/1824/5258 3358/1825/5258 3356/1823/5258
f 3368/1835/5259 3369/1836/5259 3365/1832/5259
f 3370/1837/5260 3371/1838/5260 3355/1822/5260
f 3359/1826/5261 3347/1814/5261 3348/1815/5261
f 3372/1839/5262 3374/1841/5262 3373/1840/5262
f 3354/1821/5263 3352/1819/5263 3360/1827/5263
f 3375/1842/5264 3376/1843/5264 3342/1809/5264
f 3365/1832/5265 3378/1845/5265 3377/1844/5265
f 3343/1810/5266 3380/1847/5266 3379/1846/5266
f 3354/1821/5267 3368/1835/5267 3382/1848/5267
f 3346/1813/5268 3384/1850/5268 3383/1849/5268
f 3358/1825/5269 3359/1826/5269 3375/1842/5269
f 3385/1851/5270 3340/1807/5270 3341/1808/5270
f 3384/1850/5271 3381/1852/5271 3372/1839/5271
f 3381/1852/5272 3384/1850/5272 3346/1813/5272
f 3373/1840/5273 3384/1850/5273 3372/1839/5273
f 3346/1813/5274 3383/1849/5274 3348/1815/5274
f 3383/1849/5275 3384/1850/5275 3373/1840/5275
f 3357/1824/5276 3355/1822/5276 3386/1853/5276
f 3371/1838/5277 3370/1837/5277 3382/1848/5277
f 3355/1822/5278 3371/1838/5278 3366/1833/5278
f 3354/1821/5279 3382/1848/5279 3353/1820/5279
f 3379/1846/5280 3345/1812/5280 3343/1810/5280
f 3345/1812/5281 3388/1855/5281 3387/1854/5281
f 3389/1856/5282 3390/1857/5282 3388/1855/5282
f 3391/1858/5283 3390/1857/5283 3389/1856/5283
f 3387/1854/5284 3388/1855/5284 3392/1859/5284
f 3393/1860/5285 3395/1862/5285 3394/1861/5285
f 3395/1862/5286 3397/1864/5286 3396/1863/5286
f 3345/1812/5287 3379/1846/5287 3398/1865/5287
f 3389/1856/5288 3398/1865/5288 3399/1866/5288
f 3399/1866/5289 3398/1865/5289 3379/1846/5289
f 3390/1857/5290 3393/1860/5290 3400/1867/5290
f 3390/1857/5291 3400/1867/5291 3388/1855/5291
f 3345/1812/5292 3398/1865/5292 3388/1855/5292
f 3389/1856/5293 3399/1866/5293 3391/1858/5293
f 3394/1861/5294 3400/1867/5294 3393/1860/5294
f 3388/1855/5295 3398/1865/5295 3389/1856/5295
f 3388/1855/5296 3396/1863/5296 3392/1859/5296
f 3394/1861/5297 3388/1855/5297 3400/1867/5297
f 3343/1810/5298 3352/1819/5298 3380/1847/5298
f 3388/1855/5299 3394/1861/5299 3396/1863/5299
f 3401/1868/5300 3393/1860/5300 3402/1869/5300
f 3394/1861/5301 3395/1862/5301 3396/1863/5301
f 3401/1868/5302 3395/1862/5302 3393/1860/5302
f 3392/1859/5303 3396/1863/5303 3403/1870/5303
f 3397/1864/5304 3395/1862/5304 3401/1868/5304
f 3402/1869/5305 3404/1871/5305 3401/1868/5305
f 3348/1815/5306 3349/1816/5306 3359/1826/5306
f 3355/1822/5307 3356/1823/5307 3370/1837/5307
f 3386/1853/5308 3359/1826/5308 3357/1824/5308
f 3386/1853/5309 3355/1822/5309 3366/1833/5309
f 3367/1834/5310 3371/1838/5310 3382/1848/5310
f 3363/1830/5311 3386/1853/5311 3366/1833/5311
f 3371/1838/5312 3367/1834/5312 3366/1833/5312
f 3382/1848/5313 3368/1835/5313 3367/1834/5313
f 3405/1872/5314 3369/1836/5314 3360/1827/5314
f 3376/1843/5315 3375/1842/5315 3359/1826/5315
f 3406/1873/5316 3408/1875/5316 3407/1874/5316
f 3409/1876/5317 3411/1878/5317 3410/1877/5317
f 3396/1863/5318 3411/1878/5318 3408/1875/5318
f 3408/1875/5319 3403/1870/5319 3396/1863/5319
f 3412/1879/5320 3414/1881/5320 3413/1880/5320
f 3415/1882/5321 3417/1884/5321 3416/1883/5321
f 3418/1885/5322 3420/1887/5322 3419/1886/5322
f 3421/1888/5323 3416/1883/5323 3422/1889/5323
f 3415/1882/5324 3418/1885/5324 3417/1884/5324
f 3392/1859/5325 3426/1891/5325 3425/1890/5325
f 3416/1883/5326 3417/1884/5326 3419/1886/5326
f 3408/1875/5327 3409/1876/5327 3407/1874/5327
f 3419/1886/5328 3417/1884/5328 3418/1885/5328
f 3419/1886/5329 3422/1889/5329 3416/1883/5329
f 3427/1892/5330 3429/1894/5330 3428/1893/5330
f 3408/1875/5331 3406/1873/5331 3426/1891/5331
f 3426/1891/5332 3392/1859/5332 3403/1870/5332
f 3392/1859/5333 3428/1893/5333 3387/1854/5333
f 3428/1893/5334 3425/1890/5334 3427/1892/5334
f 3430/1895/5335 3432/1897/5335 3431/1896/5335
f 3406/1873/5336 3433/1898/5336 3426/1891/5336
f 3434/1899/5337 3436/1901/5337 3435/1900/5337
f 3420/1887/5338 3434/1899/5338 3419/1886/5338
f 3413/1880/5339 3429/1894/5339 3427/1892/5339
f 3437/1902/5340 3422/1889/5340 3435/1900/5340
f 3421/1888/5341 3422/1889/5341 3438/1903/5341
f 3413/1880/5342 3426/1891/5342 3433/1898/5342
f 3435/1900/5343 3419/1886/5343 3434/1899/5343
f 3425/1890/5344 3426/1891/5344 3413/1880/5344
f 3435/1900/5345 3436/1901/5345 3437/1902/5345
f 3425/1890/5346 3413/1880/5346 3427/1892/5346
f 3425/1890/5347 3428/1893/5347 3392/1859/5347
f 3344/1811/5348 3387/1854/5348 3361/1828/5348
f 3431/1896/5349 3432/1897/5349 3423/1904/5349
f 3437/1902/5350 3438/1903/5350 3422/1889/5350
f 3413/1880/5351 3438/1903/5351 3440/1905/5351
f 3413/1880/5352 3440/1905/5352 3412/1879/5352
f 3439/1906/5353 3441/1907/5353 3434/1899/5353
f 3441/1907/5354 3442/1908/5354 3436/1901/5354
f 3424/1909/5355 3361/1828/5355 3387/1854/5355
f 3403/1870/5356 3408/1875/5356 3426/1891/5356
f 3437/1902/5357 3443/1910/5357 3440/1905/5357
f 3413/1880/5358 3414/1881/5358 3429/1894/5358
f 3421/1888/5359 3438/1903/5359 3406/1873/5359
f 3443/1910/5360 3444/1911/5360 3412/1879/5360
f 3420/1887/5361 3439/1906/5361 3434/1899/5361
f 3436/1901/5362 3434/1899/5362 3441/1907/5362
f 3423/1904/5363 3444/1911/5363 3443/1910/5363
f 3440/1905/5364 3438/1903/5364 3437/1902/5364
f 3444/1911/5365 3414/1881/5365 3412/1879/5365
f 3443/1910/5366 3436/1901/5366 3442/1908/5366
f 3429/1894/5367 3444/1911/5367 3423/1904/5367
f 3423/1904/5368 3424/1909/5368 3429/1894/5368
f 3445/1912/5369 3442/1908/5369 3441/1907/5369
f 3446/1913/5370 3431/1896/5370 3445/1912/5370
f 3414/1881/5371 3444/1911/5371 3429/1894/5371
f 3428/1893/5372 3429/1894/5372 3424/1909/5372
f 3409/1876/5373 3408/1875/5373 3411/1878/5373
f 3387/1854/5374 3428/1893/5374 3424/1909/5374
f 3443/1910/5375 3442/1908/5375 3445/1912/5375
f 3433/1898/5376 3438/1903/5376 3413/1880/5376
f 3412/1879/5377 3440/1905/5377 3443/1910/5377
f 3445/1912/5378 3447/1914/5378 3443/1910/5378
f 3431/1896/5379 3447/1914/5379 3445/1912/5379
f 3443/1910/5380 3437/1902/5380 3436/1901/5380
f 3423/1904/5381 3447/1914/5381 3431/1896/5381
f 3406/1873/5382 3407/1874/5382 3421/1888/5382
f 3443/1910/5383 3447/1914/5383 3423/1904/5383
f 3419/1886/5384 3435/1900/5384 3422/1889/5384
f 3430/1895/5385 3431/1896/5385 3446/1913/5385
f 3406/1873/5386 3438/1903/5386 3433/1898/5386
f 3364/1831/5387 3363/1830/5387 3366/1833/5387
f 3366/1833/5388 3367/1834/5388 3365/1832/5388
f 3368/1835/5389 3354/1821/5389 3369/1836/5389
f 3349/1816/5390 3376/1843/5390 3359/1826/5390
f 3359/1826/5391 3386/1853/5391 3347/1814/5391
f 3347/1814/5392 3386/1853/5392 3363/1830/5392
f 3364/1831/5393 3365/1832/5393 3363/1830/5393
f 3360/1827/5394 3352/1819/5394 3344/1811/5394
f 3350/1817/5395 3348/1815/5395 3383/1849/5395
f 3387/1854/5396 3344/1811/5396 3345/1812/5396
f 3448/1915/5397 3410/1877/5397 3411/1878/5397
f 3342/1809/5398 3376/1843/5398 3351/1818/5398
f 3362/1829/5399 3351/1818/5399 3349/1816/5399
f 3343/1810/5400 3344/1811/5400 3352/1819/5400
f 3397/1864/5401 3411/1878/5401 3396/1863/5401
f 3346/1813/5402 3363/1830/5402 3377/1844/5402
f 3351/1818/5403 3376/1843/5403 3349/1816/5403
f 3448/1915/5404 3397/1864/5404 3404/1871/5404
f 3360/1827/5405 3369/1836/5405 3354/1821/5405
f 3377/1844/5406 3363/1830/5406 3365/1832/5406
f 3448/1915/5407 3411/1878/5407 3397/1864/5407
f 3404/1871/5408 3397/1864/5408 3401/1868/5408
f 3378/1845/5409 3365/1832/5409 3369/1836/5409
f 3261/1770/5410 3161/1739/5410 3262/1765/5410
f 2677/1143/5411 2691/1167/5411 2676/1142/5411
f 3060/1618/5412 3109/1721/5412 2715/1181/5412
f 3194/1805/5413 1940/1916/5413 1939/1916/5413
f 1941/1916/5414 2630/1107/5414 2014/454/5414
f 2515/1916/2959 2517/1916/2959 2259/718/2959
f 1986/1916/5415 2018/457/5415 1970/417/5415
f 2515/1916/5416 2266/725/5416 2303/769/5416
f 2303/769/5417 2299/758/5417 1943/1916/5417
f 1943/1916/5418 2309/767/5418 1000/1916/5418
f 1938/1916/5419 3299/1760/5419 3105/1566/5419
f 3232/1690/5420 3432/1897/5420 3135/1594/5420
f 3134/1916/5421 3287/1746/5421 3102/1661/5421
f 3232/1690/5422 3202/1660/5422 3287/1746/5422
f 3361/1828/5423 3287/1746/5423 1937/1916/5423
f 3378/1845/5424 3369/1836/5424 3405/1872/5424
f 3441/1907/2971 3418/1885/2971 3415/1882/2971
f 2582/1051/2971 3012/1480/2971 2998/1476/2971
f 2672/1916/2971 2685/1916/2971 3108/1916/2971
f 3287/1916/5425 3190/1916/5425 3191/1916/5425
f 3424/1916/5426 3202/1916/5426 3287/1916/5426
f 2499/963/5427 2484/949/5427 980/962/5427
f 965/948/5428 2469/944/5428 949/944/5428
f 973/954/5429 2491/954/5429 2487/982/5429
f 2514/980/5430 964/1916/5430 998/980/5430
f 921/901/5431 2442/901/5431 878/928/5431
f 845/828/5432 2369/828/5432 887/902/5432
f 887/902/5433 886/930/5433 872/913/5433
f 857/840/5434 2381/840/5434 843/923/5434
f 592/578/5435 2126/578/5435 557/565/5435
f 587/573/5436 2105/551/5436 565/551/5436
f 393/1916/5437 2105/551/5437 565/551/5437
f 3319/1916/5438 1805/1916/5438 565/551/5438
f 399/393/5439 1960/393/5439 1957/395/5439
f 1957/395/5440 2008/1916/5440 1477/1916/5440
f 2008/1916/5441 548/1916/5441 441/431/5441
f 2003/1916/5442 447/1916/5442 547/1916/5442
f 448/1916/5443 2004/1916/5443 2091/1916/5443
f 1423/1916/5444 2091/1916/5444 2937/1916/5444
f 437/1916/5445 2937/1916/5445 1993/1916/5445
f 1993/1916/5446 409/1916/5446 1445/1916/5446
f 1444/1916/5447 2958/1916/5447 676/1916/5447
f 404/1916/5448 2853/1328/5448 1338/1328/5448
f 1353/1336/5449 2867/1333/5449 1352/1333/5449
f 2867/1333/5450 499/1916/5450 1352/1333/5450
f 2051/1916/5451 384/1916/5451 499/1916/5451
f 384/1916/5452 1952/387/5452 389/387/5452
f 1952/387/5453 387/385/5453 389/387/5453
f 387/385/5454 2147/604/5454 620/605/5454
f 598/583/5455 2132/583/5455 2135/591/5455
f 2135/591/5456 596/586/5456 601/591/5456
f 2130/586/5457 610/613/5457 595/587/5457
f 637/623/5458 638/624/5458 2164/624/5458
f 638/624/5459 626/628/5459 2153/628/5459
f 623/611/5460 2150/611/5460 2153/628/5460
f 244/14/5461 652/638/5461 231/378/5461
f 653/639/5462 235/13/5462 533/1916/5462
f 652/638/5463 533/1916/5463 231/378/5463
f 231/1916/5464 245/1916/5464 247/1916/5464
f 533/1916/5465 249/36/5465 245/1916/5465
f 249/36/5466 2177/638/5466 2178/639/5466
f 234/9/5467 2202/660/5467 236/1916/5467
f 2202/660/5468 280/67/5468 322/75/5468
f 3381/1852/5469 3346/1813/5469 1935/1916/5469
f 3374/1841/5470 1935/1916/5470 2179/661/5470
f 1936/1916/5471 3377/1844/5471 3378/1845/5471
f 3405/1916/5472 1936/1916/5472 833/1916/5472
f 1936/1916/5473 1864/1916/5473 1832/1916/5473
f 399/1916/5474 1936/1916/5474 1858/1916/5474
f 1858/1916/5475 1935/1916/5475 1936/1916/5475
f 654/661/5476 1935/1916/5476 1860/1841/5476
f 654/661/5477 2179/661/5477 1935/1916/5477
f 2179/661/5478 89/189/5478 90/302/5478
f 90/302/5479 2181/645/5479 2179/661/5479
f 2187/1917/5480 280/67/5480 2185/643/5480
f 258/1916/5481 675/660/5481 653/639/5481
f 258/1916/5482 653/1916/5482 244/1916/5482
f 675/660/5483 258/1916/5483 272/20/5483
f 675/660/5484 269/22/5484 659/643/5484
f 2523/1916/5485 949/1916/5485 985/1916/5485
f 89/189/5486 654/661/5486 655/645/5486
f 87/243/5487 95/188/5487 655/645/5487
f 655/645/5488 650/636/5488 649/635/5488
f 649/635/5489 659/643/5489 269/22/5489
f 270/45/5490 87/243/5490 649/635/5490
f 1180/1174/5491 1199/1180/5491 1200/1181/5491
f 1188/1166/5492 1176/1167/5492 1595/1721/5492
f 1200/1181/5493 1188/1166/5493 1595/1721/5493
f 1546/1618/5494 1547/1611/5494 1637/1610/5494
f 1200/1181/5495 1595/1721/5495 1546/1618/5495
f 1680/1805/5496 1178/1179/5496 1180/1174/5496
f 1180/1174/5497 1200/1181/5497 1546/1618/5497
f 1637/1610/5498 1680/1805/5498 1180/1174/5498
f 1940/1916/5499 1178/1179/5499 1680/1805/5499
f 463/456/5500 462/452/5500 461/454/5500
f 1940/1916/5501 1941/1916/5501 463/456/5501
f 1198/1178/5502 1178/1179/5502 1940/1916/5502
f 1115/1107/5503 1198/1178/5503 1940/1916/5503
f 463/456/2959 461/454/2959 1133/1114/2959
f 1133/1114/5504 1115/1107/5504 1940/1916/5504
f 733/718/5505 728/713/5505 729/714/5505
f 733/718/5506 729/714/5506 764/749/5506
f 733/718/2959 764/749/2959 1002/1916/2959
f 999/1916/2959 734/719/2959 733/718/2959
f 430/1916/5507 416/1916/5507 414/417/5507
f 430/1916/5508 414/417/5508 415/418/5508
f 1942/1916/5509 429/1916/5509 430/1916/5509
f 463/456/5510 1941/1916/5510 1942/1916/5510
f 465/457/5511 463/456/5511 1942/1916/5511
f 430/1916/2959 415/418/2959 465/457/2959
f 999/1916/5512 772/757/5512 773/758/5512
f 777/769/5513 740/725/5513 1002/1916/5513
f 999/1916/5514 773/758/5514 777/769/5514
f 1002/1916/5515 1942/1916/5515 1943/1916/5515
f 1943/1916/5516 772/757/5516 773/758/5516
f 777/769/5517 740/725/5517 999/1916/5517
f 1943/1916/5518 773/758/5518 777/769/5518
f 999/1916/5519 1002/1916/5519 1943/1916/5519
f 783/767/5520 772/757/5520 1943/1916/5520
f 1558/1534/5521 1524/1536/5521 1506/1487/5521
f 1558/1534/5522 1506/1487/5522 1605/1577/5522
f 1680/1805/5523 1585/1561/5523 1556/1532/5523
f 1556/1532/5524 1558/1534/5524 1605/1577/5524
f 1680/1805/5525 1556/1532/5525 1605/1577/5525
f 1938/1916/5526 1939/1916/5526 1680/1805/5526
f 1722/1694/5527 1937/1916/5527 1938/1916/5527
f 1785/1760/5528 1722/1694/5528 1938/1916/5528
f 1938/1916/5529 1680/1805/5529 1605/1577/5529
f 1591/1566/5530 1785/1760/5530 1938/1916/5530
f 1918/1897/5531 1909/1904/5531 1718/1690/5531
f 1910/1909/5532 1909/1904/5532 1718/1690/5532
f 1718/1690/5533 1688/1660/5533 1588/1661/5533
f 1910/1909/5534 1718/1690/5534 1588/1661/5534
f 1620/1916/5535 1847/1828/5535 1910/1909/5535
f 1910/1909/5536 1588/1661/5536 1773/1746/5536
f 1910/1909/5537 1847/1828/5537 1773/1746/5537
f 1773/1746/5538 1588/1661/5538 1688/1660/5538
f 1688/1660/5539 1620/1916/5539 1718/1690/5539
f 1910/1909/5540 1773/1746/5540 1688/1660/5540
f 1891/1872/5541 1936/1916/5541 1937/1916/5541
f 1937/1916/5542 1722/1694/5542 1677/1649/5542
f 1773/1746/5543 1676/1648/5543 1847/1828/5543
f 1937/1916/5544 1677/1649/5544 1773/1746/5544
f 1847/1828/5545 1846/1827/5545 1891/1872/5545
f 1937/1916/5546 1773/1746/5546 1847/1828/5546
f 1722/1694/5547 1677/1649/5547 1773/1746/5547
f 1847/1828/5548 1891/1872/5548 1936/1916/5548
f 1722/1694/5549 1773/1746/5549 1847/1828/5549
f 1936/1916/5550 1937/1916/5550 1722/1694/5550
f 1747/1770/2971 1647/1739/2971 1508/1651/2971
f 1747/1770/2971 1508/1651/2971 1507/1583/2971
f 1811/1791/2971 1794/1772/2971 1747/1770/2971
f 1650/1777/2971 1692/1783/2971 1808/1788/2971
f 1808/1788/2971 1811/1791/2971 1747/1770/2971
f 1808/1788/2971 1747/1770/2971 1507/1583/2971
f 1761/1759/2971 1638/1769/2971 1650/1777/2971
f 1650/1777/2971 1808/1788/2971 1507/1583/2971
f 1761/1759/2971 1650/1777/2971 1507/1583/2971
f 1776/1756/2971 1777/1755/2971 1761/1759/2971
f 1621/1594/2971 1679/1652/2971 1559/1754/2971
f 1559/1754/2971 1776/1756/2971 1761/1759/2971
f 1559/1754/2971 1761/1759/2971 1507/1583/2971
f 1918/1897/2971 1621/1594/2971 1559/1754/2971
f 1932/1913/2971 1916/1895/2971 1918/1897/2971
f 1931/1912/2971 1932/1913/2971 1918/1897/2971
f 1918/1897/2971 1559/1754/2971 1507/1583/2971
f 1931/1912/2971 1918/1897/2971 1507/1583/2971
f 1906/1887/2971 1925/1906/2971 1927/1907/2971
f 1927/1907/2971 1931/1912/2971 1507/1583/2971
f 1906/1887/2971 1927/1907/2971 1507/1583/2971
f 1904/1885/2971 1906/1887/2971 1507/1583/2971
f 1507/1583/2959 1593/1719/2959 1901/1882/2959
f 1485/1471/2971 1481/1473/2971 1482/1481/2971
f 1491/1470/2971 1492/1467/2971 1494/1469/2971
f 1485/1471/2971 1482/1481/2971 1491/1470/2971
f 1479/1462/2971 1480/1461/2971 1501/1482/2971
f 1501/1482/2971 1485/1471/2971 1491/1470/2971
f 1491/1470/2971 1494/1469/2971 1483/1474/2971
f 1062/1042/2971 1063/1043/2971 1059/1045/2971
f 1059/1045/2971 1028/1025/2971 1027/1024/2971
f 1027/1024/2971 1479/1462/2971 1501/1482/2971
f 1501/1482/2971 1491/1470/2971 1483/1474/2971
f 1067/1051/2971 1062/1042/2971 1059/1045/2971
f 1059/1045/2971 1027/1024/2971 1501/1482/2971
f 1501/1482/2971 1483/1474/2971 1484/1476/2971
f 1067/1051/2971 1059/1045/2971 1501/1482/2971
f 1067/1051/2971 1501/1482/2971 1484/1476/2971
f 1498/1480/2959 1066/1052/2959 1067/1051/2959
f 1479/1916/2971 1480/1916/2971 1594/1916/2971
f 1594/1916/2971 1595/1916/2971 1176/1916/2971
f 1176/1916/2971 1161/1916/2971 1170/1916/2971
f 1119/1916/2971 1118/1916/2971 1157/1916/2971
f 1594/1916/2971 1176/1916/2971 1170/1916/2971
f 1170/1916/2971 1119/1916/2971 1157/1916/2971
f 1157/1916/2971 1050/1916/2971 1049/1916/2971
f 1049/1916/2971 1479/1916/2971 1594/1916/2971
f 1594/1916/2971 1170/1916/2971 1157/1916/2971
f 1688/1916/5551 1718/1916/5551 1909/1916/5551
f 1909/1916/5552 1910/1916/5552 1773/1916/5552
f 2695/1174/5553 2693/1179/5553 3194/1805/5553
f 3151/1610/5554 3061/1611/5554 3060/1618/5554
f 2695/1174/5555 3194/1805/5555 3151/1610/5555
f 2715/1181/5556 2714/1180/5556 2695/1174/5556
f 3109/1721/5557 2691/1167/5557 2703/1166/5557
f 2715/1181/5558 2695/1174/5558 3151/1610/5558
f 3109/1721/5559 2703/1166/5559 2715/1181/5559
f 2715/1181/5560 3151/1610/5560 3060/1618/5560
f 3194/1805/5561 2693/1179/5561 1940/1916/5561
f 2015/452/5562 2016/456/5562 1941/1916/5562
f 1941/1916/5563 1940/1916/5563 2693/1179/5563
f 2693/1179/5564 2713/1178/5564 2630/1107/5564
f 1941/1916/5565 2693/1179/5565 2630/1107/5565
f 2014/454/5566 2015/452/5566 1941/1916/5566
f 2630/1107/2959 2648/1114/2959 2014/454/2959
f 2290/749/5567 2255/714/5567 2254/713/5567
f 2290/749/5568 2254/713/5568 2259/718/5568
f 2517/1916/2959 2290/749/2959 2259/718/2959
f 2259/718/2959 2260/719/2959 2515/1916/2959
f 1970/417/5567 1972/1916/5567 1986/1916/5567
f 1986/1916/5569 1985/1916/5569 1942/1916/5569
f 1942/1916/5570 1941/1916/5570 2016/456/5570
f 1986/1916/5571 1942/1916/5571 2016/456/5571
f 2018/457/2959 1971/418/2959 1970/417/2959
f 1986/1916/5572 2016/456/5572 2018/457/5572
f 2299/758/5573 2298/757/5573 2515/1916/5573
f 2515/1916/5574 2517/1916/5574 2266/725/5574
f 2303/769/5575 2299/758/5575 2515/1916/5575
f 1943/1916/5576 1942/1916/5576 2517/1916/5576
f 1943/1916/5577 2517/1916/5577 2515/1916/5577
f 2299/758/5578 2298/757/5578 1943/1916/5578
f 1943/1916/5579 2515/1916/5579 2303/769/5579
f 1943/1916/5580 2298/757/5580 2309/767/5580
f 3020/1487/5581 3038/1536/5581 3072/1534/5581
f 3070/1532/5582 3099/1561/5582 3194/1805/5582
f 3020/1487/5583 3072/1534/5583 3070/1532/5583
f 3119/1577/5584 3020/1487/5584 3070/1532/5584
f 3070/1532/5585 3194/1805/5585 1939/1916/5585
f 1938/1916/5586 1937/1916/5586 3236/1694/5586
f 3070/1532/5587 1939/1916/5587 1938/1916/5587
f 3119/1577/5588 3070/1532/5588 1938/1916/5588
f 1938/1916/5589 3236/1694/5589 3299/1760/5589
f 3105/1566/5590 3119/1577/5590 1938/1916/5590
f 3232/1690/5591 3423/1904/5591 3432/1897/5591
f 3424/1909/5592 3361/1828/5592 3134/1916/5592
f 3423/1904/5593 3424/1909/5593 3134/1916/5593
f 3202/1660/5594 3232/1690/5594 3423/1904/5594
f 3102/1661/5595 3202/1660/5595 3423/1904/5595
f 3102/1661/5596 3423/1904/5596 3134/1916/5596
f 3287/1746/5597 3361/1828/5597 3424/1909/5597
f 3424/1909/5598 3423/1904/5598 3232/1690/5598
f 3232/1690/5599 3134/1916/5599 3202/1660/5599
f 3202/1660/5600 3102/1661/5600 3287/1746/5600
f 3287/1746/5601 3424/1909/5601 3232/1690/5601
f 1937/1916/5602 1936/1916/5602 3405/1872/5602
f 3405/1872/5603 3360/1827/5603 3361/1828/5603
f 3361/1828/5604 3190/1648/5604 3287/1746/5604
f 3287/1746/5605 3191/1649/5605 3236/1694/5605
f 1937/1916/5606 3405/1872/5606 3361/1828/5606
f 3287/1746/5607 3236/1694/5607 1937/1916/5607
f 3191/1649/5608 3236/1694/5608 1937/1916/5608
f 3287/1746/5609 3191/1649/5609 1937/1916/5609
f 3022/1651/2971 3161/1739/2971 3261/1770/2971
f 3261/1770/2971 3308/1772/2971 3325/1791/2971
f 3322/1788/2971 3206/1783/2971 3164/1777/2971
f 3261/1770/2971 3325/1791/2971 3322/1788/2971
f 3021/1583/2971 3022/1651/2971 3261/1770/2971
f 3021/1583/2971 3261/1770/2971 3322/1788/2971
f 3164/1777/2971 3152/1769/2971 3275/1759/2971
f 3021/1583/2971 3322/1788/2971 3164/1777/2971
f 3021/1583/2971 3164/1777/2971 3275/1759/2971
f 3275/1759/2971 3291/1755/2971 3290/1756/2971
f 3073/1754/2971 3193/1652/2971 3135/1594/2971
f 3275/1759/2971 3290/1756/2971 3073/1754/2971
f 3021/1583/2971 3275/1759/2971 3073/1754/2971
f 3073/1754/2971 3135/1594/2971 3432/1897/2971
f 3432/1897/2971 3430/1895/2971 3446/1913/2971
f 3432/1897/2971 3446/1913/2971 3445/1912/2971
f 3021/1583/2971 3073/1754/2971 3432/1897/2971
f 3021/1583/2971 3432/1897/2971 3445/1912/2971
f 3441/1907/2971 3439/1906/2971 3420/1887/2971
f 3021/1583/2971 3445/1912/2971 3441/1907/2971
f 3107/1719/2971 3021/1583/2971 3441/1907/2971
f 3441/1907/2971 3420/1887/2971 3418/1885/2971
f 3415/1882/2959 3107/1719/2959 3441/1907/2959
f 2996/1481/2971 2995/1473/2971 2999/1471/2971
f 3015/1482/2971 2994/1461/2971 2993/1462/2971
f 2996/1481/2971 2999/1471/2971 3015/1482/2971
f 3008/1469/2971 3006/1467/2971 3005/1470/2971
f 3005/1470/2971 2996/1481/2971 3015/1482/2971
f 3015/1482/2971 2993/1462/2971 2542/1024/2971
f 2542/1024/2971 2543/1025/2971 2574/1045/2971
f 2574/1045/2971 2578/1043/2971 2577/1042/2971
f 2574/1045/2971 2577/1042/2971 2582/1051/2971
f 3015/1482/2971 2542/1024/2971 2574/1045/2971
f 3008/1469/2971 3005/1470/2971 3015/1482/2971
f 2998/1476/2971 2997/1474/2971 3008/1469/2971
f 2998/1476/2971 3008/1469/2971 3015/1482/2971
f 3015/1482/2971 2574/1045/2971 2582/1051/2971
f 2998/1476/2971 3015/1482/2971 2582/1051/2971
f 2582/1051/2959 2581/1052/2959 3012/1480/2959
f 3108/1916/2971 2994/1916/2971 2993/1916/2971
f 2564/1916/2971 2565/1916/2971 2672/1916/2971
f 3108/1916/2971 2993/1916/2971 2564/1916/2971
f 2691/1916/2971 3109/1916/2971 3108/1916/2971
f 2685/1916/2971 2676/1916/2971 2691/1916/2971
f 2672/1916/2971 2633/1916/2971 2634/1916/2971
f 2685/1916/2971 2691/1916/2971 3108/1916/2971
f 2672/1916/2971 2634/1916/2971 2685/1916/2971
f 3108/1916/2971 2564/1916/2971 2672/1916/2971
f 3424/1916/5610 3232/1916/5610 3202/1916/5610
f 980/962/5611 951/969/5611 981/963/5611
f 981/963/5612 1000/1916/5612 2499/963/5612
f 2499/963/5613 2471/969/5613 2498/962/5613
f 2498/962/5614 2494/960/5614 2484/949/5614
f 2484/949/5615 965/948/5615 966/949/5615
f 966/949/5616 976/960/5616 980/962/5616
f 980/962/5617 981/963/5617 2499/963/5617
f 2499/963/5618 2498/962/5618 2484/949/5618
f 2484/949/5619 966/949/5619 980/962/5619
f 949/944/5620 950/943/5620 965/948/5620
f 965/948/5621 2470/943/5621 2469/944/5621
f 2469/944/5622 993/981/5622 949/944/5622
f 969/982/5623 968/957/5623 973/954/5623
f 973/954/5624 993/981/5624 2491/954/5624
f 2491/954/5625 2486/957/5625 2487/982/5625
f 2487/982/5429 969/982/5429 973/954/5429
f 998/980/5626 956/938/5626 969/982/5626
f 969/982/5627 2487/982/5627 2476/938/5627
f 2514/980/5628 2479/941/5628 2480/942/5628
f 969/982/5629 2476/938/5629 2514/980/5629
f 960/942/5630 959/941/5630 998/980/5630
f 998/980/5631 969/982/5631 2514/980/5631
f 2514/980/5632 2480/942/5632 964/1916/5632
f 964/1916/5633 960/942/5633 998/980/5633
f 921/901/5634 964/1916/5634 2442/901/5634
f 887/902/5635 846/829/5635 845/828/5635
f 845/828/5636 878/928/5636 2369/828/5636
f 2369/828/5637 2370/829/5637 887/902/5637
f 873/899/5638 888/867/5638 887/902/5638
f 887/902/5639 2409/867/5639 2397/899/5639
f 2396/913/5640 2406/864/5640 886/930/5640
f 887/902/5641 2397/899/5641 2396/913/5641
f 872/913/5642 873/899/5642 887/902/5642
f 886/930/5643 883/864/5643 872/913/5643
f 887/902/5644 2396/913/5644 886/930/5644
f 843/923/5645 842/841/5645 857/840/5645
f 857/840/5646 886/930/5646 2381/840/5646
f 2381/840/5647 2367/841/5647 843/923/5647
f 592/578/5648 591/579/5648 2126/578/5648
f 565/551/5649 1805/1916/5649 393/1916/5649
f 393/1916/5650 3319/1916/5650 2105/551/5650
f 565/551/5438 2105/551/5438 3319/1916/5438
f 3319/1916/5651 393/1916/5651 1805/1916/5651
f 1957/395/5439 396/395/5439 399/393/5439
f 399/393/5652 393/389/5652 1960/393/5652
f 1477/1916/5653 396/395/5653 1957/395/5653
f 1957/395/5654 2991/1916/5654 2008/1916/5654
f 2008/1916/5655 454/1916/5655 1477/1916/5655
f 441/431/5656 454/1916/5656 2008/1916/5656
f 2008/1916/5657 1997/431/5657 548/1916/5657
f 2003/1916/5658 549/1916/5658 447/1916/5658
f 2091/1916/5443 546/1916/5443 448/1916/5443
f 448/1916/5659 549/1916/5659 2004/1916/5659
f 1423/1916/5444 546/1916/5444 2091/1916/5444
f 437/1916/5445 1423/1916/5445 2937/1916/5445
f 1445/1916/5660 437/1916/5660 1993/1916/5660
f 1993/1916/5661 2959/1916/5661 409/1916/5661
f 1444/1916/5662 409/1916/5662 2958/1916/5662
f 1338/1328/5663 1339/1327/5663 404/1916/5663
f 404/1916/5664 2854/1327/5664 2853/1328/5664
f 2853/1328/5665 1353/1336/5665 1338/1328/5665
f 2867/1333/5450 2051/1916/5450 499/1916/5450
f 2051/1916/5451 1947/1916/5451 384/1916/5451
f 384/1916/5452 1947/382/5452 1952/387/5452
f 1952/387/5666 1950/385/5666 387/385/5666
f 620/605/5667 619/604/5667 387/385/5667
f 387/385/5668 1950/385/5668 2147/604/5668
f 2135/591/5455 601/591/5455 598/583/5455
f 598/583/5669 620/605/5669 2132/583/5669
f 2135/591/5456 2130/586/5456 596/586/5456
f 595/587/5670 596/586/5670 2130/586/5670
f 2130/586/5671 2129/587/5671 610/613/5671
f 637/623/5672 613/598/5672 638/624/5672
f 638/624/5673 2153/628/5673 2164/624/5673
f 2164/624/5674 2141/598/5674 637/623/5674
f 2153/628/5460 626/628/5460 623/611/5460
f 623/611/5675 647/1916/5675 2150/611/5675
f 231/378/5676 235/13/5676 244/14/5676
f 244/14/5677 653/639/5677 652/638/5677
f 533/1916/5678 652/638/5678 653/639/5678
f 653/639/5679 244/14/5679 235/13/5679
f 235/13/5680 231/378/5680 533/1916/5680
f 231/1916/5681 533/1916/5681 245/1916/5681
f 533/1916/5682 2196/1916/5682 249/36/5682
f 2178/639/5683 234/9/5683 249/36/5683
f 249/36/5684 2196/657/5684 2177/638/5684
f 236/1916/5685 243/44/5685 234/9/5685
f 234/9/5686 2178/639/5686 2202/660/5686
f 322/75/5687 236/1916/5687 2202/660/5687
f 2202/660/5688 2185/643/5688 280/67/5688
f 1935/1916/5689 3372/1839/5689 3381/1852/5689
f 3346/1813/5690 3377/1844/5690 1935/1916/5690
f 2179/661/5691 2188/646/5691 3374/1841/5691
f 3374/1841/5692 3372/1839/5692 1935/1916/5692
f 1936/1916/5693 1935/1916/5693 3377/1844/5693
f 3378/1845/5694 3405/1872/5694 1936/1916/5694
f 1867/1916/5695 1858/1916/5695 1936/1916/5695
f 1936/1916/5696 1891/1916/5696 1864/1916/5696
f 1864/1916/5697 1863/1916/5697 1832/1916/5697
f 1832/1916/5698 1867/1916/5698 1936/1916/5698
f 1860/1841/5699 661/646/5699 654/661/5699
f 1935/1916/5700 1858/1839/5700 1860/1841/5700
f 2179/661/5701 654/661/5701 89/189/5701
f 90/302/5702 2180/1918/5702 2181/645/5702
f 2185/643/5703 2174/635/5703 2187/1917/5703
f 2187/1917/5704 90/1916/5704 280/67/5704
f 675/660/5705 272/20/5705 269/22/5705
f 986/1916/5706 982/1916/5706 1000/1916/5706
f 1000/1916/5707 2500/1916/5707 2523/1916/5707
f 2523/1916/5708 2522/1916/5708 2518/1916/5708
f 2518/1916/5709 2519/1916/5709 2496/1916/5709
f 2496/1916/5710 2481/1916/5710 2469/1916/5710
f 949/1916/5711 961/1916/5711 978/1916/5711
f 992/1916/5712 1003/1916/5712 985/1916/5712
f 949/1916/5713 978/1916/5713 992/1916/5713
f 2496/1916/5714 2469/1916/5714 949/1916/5714
f 2523/1916/5715 2518/1916/5715 2496/1916/5715
f 986/1916/5716 1000/1916/5716 2523/1916/5716
f 949/1916/5717 992/1916/5717 985/1916/5717
f 985/1916/5718 986/1916/5718 2523/1916/5718
f 2523/1916/5719 2496/1916/5719 949/1916/5719
l 85 83
l 88 86
l 517 518
l 400 401
l 392 397
l 1863 1855
l 397 400
l 390 391
l 2069 518
l 1954 1958
l 3377 3369
l 1958 400
l 1953 391
